ISO-10303-21;
HEADER;
/* Generated by software containing ST-Developer
 * from STEP Tools, Inc. (www.steptools.com) 
 */

FILE_DESCRIPTION(
/* description */ (''),
/* implementation_level */ '2;1');

FILE_NAME(
/* name */ 'dribler v4.step',
/* time_stamp */ '2025-10-19T14:54:32+03:00',
/* author */ (''),
/* organization */ (''),
/* preprocessor_version */ 'ST-DEVELOPER v20.1',
/* originating_system */ 'Autodesk Translation Framework v14.4.0.0',
/* authorisation */ '');

FILE_SCHEMA (('AUTOMOTIVE_DESIGN { 1 0 10303 214 3 1 1 }'));
ENDSEC;

DATA;
#10=MECHANICAL_DESIGN_GEOMETRIC_PRESENTATION_REPRESENTATION('',(#239,#240,
#241,#242,#243,#244),#4067);
#11=ITEM_DEFINED_TRANSFORMATION($,$,#2413,#2668);
#12=ITEM_DEFINED_TRANSFORMATION($,$,#2447,#2669);
#13=ITEM_DEFINED_TRANSFORMATION($,$,#2522,#2670);
#14=ITEM_DEFINED_TRANSFORMATION($,$,#2522,#2671);
#15=ITEM_DEFINED_TRANSFORMATION($,$,#2553,#2672);
#16=ITEM_DEFINED_TRANSFORMATION($,$,#2571,#2673);
#17=(
REPRESENTATION_RELATIONSHIP($,$,#4091,#4090)
REPRESENTATION_RELATIONSHIP_WITH_TRANSFORMATION(#11)
SHAPE_REPRESENTATION_RELATIONSHIP()
);
#18=(
REPRESENTATION_RELATIONSHIP($,$,#4092,#4090)
REPRESENTATION_RELATIONSHIP_WITH_TRANSFORMATION(#12)
SHAPE_REPRESENTATION_RELATIONSHIP()
);
#19=(
REPRESENTATION_RELATIONSHIP($,$,#4093,#4090)
REPRESENTATION_RELATIONSHIP_WITH_TRANSFORMATION(#13)
SHAPE_REPRESENTATION_RELATIONSHIP()
);
#20=(
REPRESENTATION_RELATIONSHIP($,$,#4093,#4090)
REPRESENTATION_RELATIONSHIP_WITH_TRANSFORMATION(#14)
SHAPE_REPRESENTATION_RELATIONSHIP()
);
#21=(
REPRESENTATION_RELATIONSHIP($,$,#4094,#4090)
REPRESENTATION_RELATIONSHIP_WITH_TRANSFORMATION(#15)
SHAPE_REPRESENTATION_RELATIONSHIP()
);
#22=(
REPRESENTATION_RELATIONSHIP($,$,#4095,#4090)
REPRESENTATION_RELATIONSHIP_WITH_TRANSFORMATION(#16)
SHAPE_REPRESENTATION_RELATIONSHIP()
);
#23=CONTEXT_DEPENDENT_SHAPE_REPRESENTATION(#17,#4084);
#24=CONTEXT_DEPENDENT_SHAPE_REPRESENTATION(#18,#4085);
#25=CONTEXT_DEPENDENT_SHAPE_REPRESENTATION(#19,#4086);
#26=CONTEXT_DEPENDENT_SHAPE_REPRESENTATION(#20,#4087);
#27=CONTEXT_DEPENDENT_SHAPE_REPRESENTATION(#21,#4088);
#28=CONTEXT_DEPENDENT_SHAPE_REPRESENTATION(#22,#4089);
#29=NEXT_ASSEMBLY_USAGE_OCCURRENCE('motor_1000KV v1:1',
'motor_1000KV v1:1','motor_1000KV v1:1',#4097,#4098,'motor_1000KV v1:1');
#30=NEXT_ASSEMBLY_USAGE_OCCURRENCE('motor_holder v5:1',
'motor_holder v5:1','motor_holder v5:1',#4097,#4099,'motor_holder v5:1');
#31=NEXT_ASSEMBLY_USAGE_OCCURRENCE('dribler_polovinka v6:1',
'dribler_polovinka v6:1','dribler_polovinka v6:1',#4097,#4100,
'dribler_polovinka v6:1');
#32=NEXT_ASSEMBLY_USAGE_OCCURRENCE('dribler_polovinka v6:2',
'dribler_polovinka v6:2','dribler_polovinka v6:2',#4097,#4100,
'dribler_polovinka v6:2');
#33=NEXT_ASSEMBLY_USAGE_OCCURRENCE('val v3:1','val v3:1','val v3:1',#4097,
#4101,'val v3:1');
#34=NEXT_ASSEMBLY_USAGE_OCCURRENCE('dribler_holder v6:1',
'dribler_holder v6:1','dribler_holder v6:1',#4097,#4102,
'dribler_holder v6:1');
#35=SHAPE_REPRESENTATION_RELATIONSHIP('SRR','None',#4091,#40);
#36=SHAPE_REPRESENTATION_RELATIONSHIP('SRR','None',#4092,#41);
#37=SHAPE_REPRESENTATION_RELATIONSHIP('SRR','None',#4093,#42);
#38=SHAPE_REPRESENTATION_RELATIONSHIP('SRR','None',#4094,#43);
#39=SHAPE_REPRESENTATION_RELATIONSHIP('SRR','None',#4095,#44);
#40=ADVANCED_BREP_SHAPE_REPRESENTATION('',(#45),#4062);
#41=ADVANCED_BREP_SHAPE_REPRESENTATION('',(#46),#4063);
#42=ADVANCED_BREP_SHAPE_REPRESENTATION('',(#47),#4064);
#43=ADVANCED_BREP_SHAPE_REPRESENTATION('',(#48),#4065);
#44=ADVANCED_BREP_SHAPE_REPRESENTATION('',(#49),#4066);
#45=MANIFOLD_SOLID_BREP('Body1',#2351);
#46=MANIFOLD_SOLID_BREP('Body1',#2352);
#47=MANIFOLD_SOLID_BREP('Body1',#2353);
#48=MANIFOLD_SOLID_BREP('Body1',#2354);
#49=MANIFOLD_SOLID_BREP('Body3',#2355);
#50=FACE_BOUND('',#378,.T.);
#51=FACE_BOUND('',#379,.T.);
#52=FACE_BOUND('',#380,.T.);
#53=FACE_BOUND('',#381,.T.);
#54=FACE_BOUND('',#384,.T.);
#55=FACE_BOUND('',#387,.T.);
#56=FACE_BOUND('',#431,.T.);
#57=FACE_BOUND('',#432,.T.);
#58=FACE_BOUND('',#433,.T.);
#59=FACE_BOUND('',#434,.T.);
#60=FACE_BOUND('',#435,.T.);
#61=FACE_BOUND('',#436,.T.);
#62=FACE_BOUND('',#437,.T.);
#63=FACE_BOUND('',#438,.T.);
#64=FACE_BOUND('',#440,.T.);
#65=FACE_BOUND('',#441,.T.);
#66=FACE_BOUND('',#442,.T.);
#67=FACE_BOUND('',#443,.T.);
#68=FACE_BOUND('',#444,.T.);
#69=FACE_BOUND('',#445,.T.);
#70=FACE_BOUND('',#446,.T.);
#71=FACE_BOUND('',#447,.T.);
#72=FACE_BOUND('',#463,.T.);
#73=FACE_BOUND('',#464,.T.);
#74=FACE_BOUND('',#465,.T.);
#75=FACE_BOUND('',#466,.T.);
#76=FACE_BOUND('',#467,.T.);
#77=FACE_BOUND('',#468,.T.);
#78=FACE_BOUND('',#469,.T.);
#79=FACE_BOUND('',#471,.T.);
#80=FACE_BOUND('',#472,.T.);
#81=FACE_BOUND('',#473,.T.);
#82=FACE_BOUND('',#474,.T.);
#83=FACE_BOUND('',#475,.T.);
#84=FACE_BOUND('',#476,.T.);
#85=FACE_BOUND('',#477,.T.);
#86=FACE_BOUND('',#480,.T.);
#87=FACE_BOUND('',#486,.T.);
#88=FACE_BOUND('',#489,.T.);
#89=FACE_BOUND('',#491,.T.);
#90=FACE_BOUND('',#496,.T.);
#91=FACE_BOUND('',#501,.T.);
#92=FACE_BOUND('',#506,.T.);
#93=FACE_BOUND('',#519,.T.);
#94=FACE_BOUND('',#521,.T.);
#95=FACE_BOUND('',#527,.T.);
#96=FACE_BOUND('',#529,.T.);
#97=FACE_BOUND('',#551,.T.);
#98=FACE_BOUND('',#552,.T.);
#99=FACE_BOUND('',#553,.T.);
#100=FACE_BOUND('',#554,.T.);
#101=FACE_BOUND('',#555,.T.);
#102=FACE_BOUND('',#556,.T.);
#103=FACE_BOUND('',#557,.T.);
#104=FACE_BOUND('',#558,.T.);
#105=FACE_BOUND('',#560,.T.);
#106=FACE_BOUND('',#561,.T.);
#107=FACE_BOUND('',#562,.T.);
#108=FACE_BOUND('',#563,.T.);
#109=FACE_BOUND('',#564,.T.);
#110=FACE_BOUND('',#565,.T.);
#111=PLANE('',#2419);
#112=PLANE('',#2426);
#113=PLANE('',#2430);
#114=PLANE('',#2434);
#115=PLANE('',#2437);
#116=PLANE('',#2440);
#117=PLANE('',#2443);
#118=PLANE('',#2446);
#119=PLANE('',#2472);
#120=PLANE('',#2476);
#121=PLANE('',#2480);
#122=PLANE('',#2484);
#123=PLANE('',#2488);
#124=PLANE('',#2492);
#125=PLANE('',#2496);
#126=PLANE('',#2500);
#127=PLANE('',#2504);
#128=PLANE('',#2508);
#129=PLANE('',#2512);
#130=PLANE('',#2516);
#131=PLANE('',#2520);
#132=PLANE('',#2521);
#133=PLANE('',#2544);
#134=PLANE('',#2545);
#135=PLANE('',#2546);
#136=PLANE('',#2547);
#137=PLANE('',#2548);
#138=PLANE('',#2549);
#139=PLANE('',#2550);
#140=PLANE('',#2551);
#141=PLANE('',#2552);
#142=PLANE('',#2554);
#143=PLANE('',#2556);
#144=PLANE('',#2561);
#145=PLANE('',#2566);
#146=PLANE('',#2570);
#147=PLANE('',#2572);
#148=PLANE('',#2579);
#149=PLANE('',#2582);
#150=PLANE('',#2587);
#151=PLANE('',#2590);
#152=PLANE('',#2591);
#153=PLANE('',#2598);
#154=PLANE('',#2601);
#155=PLANE('',#2606);
#156=PLANE('',#2609);
#157=PLANE('',#2620);
#158=PLANE('',#2623);
#159=PLANE('',#2624);
#160=PLANE('',#2626);
#161=PLANE('',#2634);
#162=PLANE('',#2635);
#163=PLANE('',#2636);
#164=PLANE('',#2637);
#165=PLANE('',#2638);
#166=PLANE('',#2639);
#167=PLANE('',#2640);
#168=PLANE('',#2641);
#169=PLANE('',#2642);
#170=PLANE('',#2643);
#171=PLANE('',#2644);
#172=PLANE('',#2645);
#173=PLANE('',#2658);
#174=PLANE('',#2662);
#175=PLANE('',#2663);
#176=PLANE('',#2664);
#177=PLANE('',#2665);
#178=PLANE('',#2666);
#179=PLANE('',#2667);
#180=CYLINDRICAL_SURFACE('',#2417,14.5);
#181=CYLINDRICAL_SURFACE('',#2428,5.);
#182=CYLINDRICAL_SURFACE('',#2432,1.5);
#183=CYLINDRICAL_SURFACE('',#2435,1.5);
#184=CYLINDRICAL_SURFACE('',#2438,1.5);
#185=CYLINDRICAL_SURFACE('',#2441,1.5);
#186=CYLINDRICAL_SURFACE('',#2444,1.5);
#187=CYLINDRICAL_SURFACE('',#2448,1.5);
#188=CYLINDRICAL_SURFACE('',#2451,2.);
#189=CYLINDRICAL_SURFACE('',#2454,1.5);
#190=CYLINDRICAL_SURFACE('',#2457,1.5);
#191=CYLINDRICAL_SURFACE('',#2460,2.);
#192=CYLINDRICAL_SURFACE('',#2463,2.);
#193=CYLINDRICAL_SURFACE('',#2466,2.);
#194=CYLINDRICAL_SURFACE('',#2469,1.5);
#195=CYLINDRICAL_SURFACE('',#2473,5.00000000000641);
#196=CYLINDRICAL_SURFACE('',#2477,2.);
#197=CYLINDRICAL_SURFACE('',#2481,2.);
#198=CYLINDRICAL_SURFACE('',#2485,5.);
#199=CYLINDRICAL_SURFACE('',#2489,1.99999999999982);
#200=CYLINDRICAL_SURFACE('',#2493,1.99999999999997);
#201=CYLINDRICAL_SURFACE('',#2497,4.99999999999999);
#202=CYLINDRICAL_SURFACE('',#2501,2.00000000000001);
#203=CYLINDRICAL_SURFACE('',#2505,2.);
#204=CYLINDRICAL_SURFACE('',#2509,5.);
#205=CYLINDRICAL_SURFACE('',#2513,1.99999999999986);
#206=CYLINDRICAL_SURFACE('',#2517,1.99999992735723);
#207=CYLINDRICAL_SURFACE('',#2523,10.);
#208=CYLINDRICAL_SURFACE('',#2526,2.);
#209=CYLINDRICAL_SURFACE('',#2529,5.875);
#210=CYLINDRICAL_SURFACE('',#2532,2.);
#211=CYLINDRICAL_SURFACE('',#2535,2.);
#212=CYLINDRICAL_SURFACE('',#2538,2.);
#213=CYLINDRICAL_SURFACE('',#2541,2.);
#214=CYLINDRICAL_SURFACE('',#2559,1.5);
#215=CYLINDRICAL_SURFACE('',#2562,2.);
#216=CYLINDRICAL_SURFACE('',#2564,2.);
#217=CYLINDRICAL_SURFACE('',#2568,4.5);
#218=CYLINDRICAL_SURFACE('',#2577,3.);
#219=CYLINDRICAL_SURFACE('',#2580,4.);
#220=CYLINDRICAL_SURFACE('',#2588,4.);
#221=CYLINDRICAL_SURFACE('',#2596,3.);
#222=CYLINDRICAL_SURFACE('',#2599,4.);
#223=CYLINDRICAL_SURFACE('',#2607,4.);
#224=CYLINDRICAL_SURFACE('',#2610,3.);
#225=CYLINDRICAL_SURFACE('',#2612,3.);
#226=CYLINDRICAL_SURFACE('',#2614,3.);
#227=CYLINDRICAL_SURFACE('',#2616,3.);
#228=CYLINDRICAL_SURFACE('',#2618,3.);
#229=CYLINDRICAL_SURFACE('',#2621,3.);
#230=CYLINDRICAL_SURFACE('',#2628,1.5);
#231=CYLINDRICAL_SURFACE('',#2629,1.5);
#232=CYLINDRICAL_SURFACE('',#2631,1.5);
#233=CYLINDRICAL_SURFACE('',#2632,1.5);
#234=CYLINDRICAL_SURFACE('',#2646,1.5);
#235=CYLINDRICAL_SURFACE('',#2649,1.5);
#236=CYLINDRICAL_SURFACE('',#2652,1.5);
#237=CYLINDRICAL_SURFACE('',#2655,1.5);
#238=CYLINDRICAL_SURFACE('',#2659,125.);
#239=STYLED_ITEM('',(#4126),#2222);
#240=STYLED_ITEM('',(#4125),#45);
#241=STYLED_ITEM('',(#4127),#46);
#242=STYLED_ITEM('',(#4127),#47);
#243=STYLED_ITEM('',(#4124),#48);
#244=STYLED_ITEM('',(#4128),#49);
#245=FACE_OUTER_BOUND('',#375,.T.);
#246=FACE_OUTER_BOUND('',#376,.T.);
#247=FACE_OUTER_BOUND('',#377,.T.);
#248=FACE_OUTER_BOUND('',#382,.T.);
#249=FACE_OUTER_BOUND('',#383,.T.);
#250=FACE_OUTER_BOUND('',#385,.T.);
#251=FACE_OUTER_BOUND('',#386,.T.);
#252=FACE_OUTER_BOUND('',#388,.T.);
#253=FACE_OUTER_BOUND('',#389,.T.);
#254=FACE_OUTER_BOUND('',#390,.T.);
#255=FACE_OUTER_BOUND('',#391,.T.);
#256=FACE_OUTER_BOUND('',#392,.T.);
#257=FACE_OUTER_BOUND('',#393,.T.);
#258=FACE_OUTER_BOUND('',#394,.T.);
#259=FACE_OUTER_BOUND('',#395,.T.);
#260=FACE_OUTER_BOUND('',#396,.T.);
#261=FACE_OUTER_BOUND('',#397,.T.);
#262=FACE_OUTER_BOUND('',#398,.T.);
#263=FACE_OUTER_BOUND('',#399,.T.);
#264=FACE_OUTER_BOUND('',#400,.T.);
#265=FACE_OUTER_BOUND('',#401,.T.);
#266=FACE_OUTER_BOUND('',#402,.T.);
#267=FACE_OUTER_BOUND('',#403,.T.);
#268=FACE_OUTER_BOUND('',#404,.T.);
#269=FACE_OUTER_BOUND('',#405,.T.);
#270=FACE_OUTER_BOUND('',#406,.T.);
#271=FACE_OUTER_BOUND('',#407,.T.);
#272=FACE_OUTER_BOUND('',#408,.T.);
#273=FACE_OUTER_BOUND('',#409,.T.);
#274=FACE_OUTER_BOUND('',#410,.T.);
#275=FACE_OUTER_BOUND('',#411,.T.);
#276=FACE_OUTER_BOUND('',#412,.T.);
#277=FACE_OUTER_BOUND('',#413,.T.);
#278=FACE_OUTER_BOUND('',#414,.T.);
#279=FACE_OUTER_BOUND('',#415,.T.);
#280=FACE_OUTER_BOUND('',#416,.T.);
#281=FACE_OUTER_BOUND('',#417,.T.);
#282=FACE_OUTER_BOUND('',#418,.T.);
#283=FACE_OUTER_BOUND('',#419,.T.);
#284=FACE_OUTER_BOUND('',#420,.T.);
#285=FACE_OUTER_BOUND('',#421,.T.);
#286=FACE_OUTER_BOUND('',#422,.T.);
#287=FACE_OUTER_BOUND('',#423,.T.);
#288=FACE_OUTER_BOUND('',#424,.T.);
#289=FACE_OUTER_BOUND('',#425,.T.);
#290=FACE_OUTER_BOUND('',#426,.T.);
#291=FACE_OUTER_BOUND('',#427,.T.);
#292=FACE_OUTER_BOUND('',#428,.T.);
#293=FACE_OUTER_BOUND('',#429,.T.);
#294=FACE_OUTER_BOUND('',#430,.T.);
#295=FACE_OUTER_BOUND('',#439,.T.);
#296=FACE_OUTER_BOUND('',#448,.T.);
#297=FACE_OUTER_BOUND('',#449,.T.);
#298=FACE_OUTER_BOUND('',#450,.T.);
#299=FACE_OUTER_BOUND('',#451,.T.);
#300=FACE_OUTER_BOUND('',#452,.T.);
#301=FACE_OUTER_BOUND('',#453,.T.);
#302=FACE_OUTER_BOUND('',#454,.T.);
#303=FACE_OUTER_BOUND('',#455,.T.);
#304=FACE_OUTER_BOUND('',#456,.T.);
#305=FACE_OUTER_BOUND('',#457,.T.);
#306=FACE_OUTER_BOUND('',#458,.T.);
#307=FACE_OUTER_BOUND('',#459,.T.);
#308=FACE_OUTER_BOUND('',#460,.T.);
#309=FACE_OUTER_BOUND('',#461,.T.);
#310=FACE_OUTER_BOUND('',#462,.T.);
#311=FACE_OUTER_BOUND('',#470,.T.);
#312=FACE_OUTER_BOUND('',#478,.T.);
#313=FACE_OUTER_BOUND('',#479,.T.);
#314=FACE_OUTER_BOUND('',#481,.T.);
#315=FACE_OUTER_BOUND('',#482,.T.);
#316=FACE_OUTER_BOUND('',#483,.T.);
#317=FACE_OUTER_BOUND('',#484,.T.);
#318=FACE_OUTER_BOUND('',#485,.T.);
#319=FACE_OUTER_BOUND('',#487,.T.);
#320=FACE_OUTER_BOUND('',#488,.T.);
#321=FACE_OUTER_BOUND('',#490,.T.);
#322=FACE_OUTER_BOUND('',#492,.T.);
#323=FACE_OUTER_BOUND('',#493,.T.);
#324=FACE_OUTER_BOUND('',#494,.T.);
#325=FACE_OUTER_BOUND('',#495,.T.);
#326=FACE_OUTER_BOUND('',#497,.T.);
#327=FACE_OUTER_BOUND('',#498,.T.);
#328=FACE_OUTER_BOUND('',#499,.T.);
#329=FACE_OUTER_BOUND('',#500,.T.);
#330=FACE_OUTER_BOUND('',#502,.T.);
#331=FACE_OUTER_BOUND('',#503,.T.);
#332=FACE_OUTER_BOUND('',#504,.T.);
#333=FACE_OUTER_BOUND('',#505,.T.);
#334=FACE_OUTER_BOUND('',#507,.T.);
#335=FACE_OUTER_BOUND('',#508,.T.);
#336=FACE_OUTER_BOUND('',#509,.T.);
#337=FACE_OUTER_BOUND('',#510,.T.);
#338=FACE_OUTER_BOUND('',#511,.T.);
#339=FACE_OUTER_BOUND('',#512,.T.);
#340=FACE_OUTER_BOUND('',#513,.T.);
#341=FACE_OUTER_BOUND('',#514,.T.);
#342=FACE_OUTER_BOUND('',#515,.T.);
#343=FACE_OUTER_BOUND('',#516,.T.);
#344=FACE_OUTER_BOUND('',#517,.T.);
#345=FACE_OUTER_BOUND('',#518,.T.);
#346=FACE_OUTER_BOUND('',#520,.T.);
#347=FACE_OUTER_BOUND('',#522,.T.);
#348=FACE_OUTER_BOUND('',#523,.T.);
#349=FACE_OUTER_BOUND('',#524,.T.);
#350=FACE_OUTER_BOUND('',#525,.T.);
#351=FACE_OUTER_BOUND('',#526,.T.);
#352=FACE_OUTER_BOUND('',#528,.T.);
#353=FACE_OUTER_BOUND('',#530,.T.);
#354=FACE_OUTER_BOUND('',#531,.T.);
#355=FACE_OUTER_BOUND('',#532,.T.);
#356=FACE_OUTER_BOUND('',#533,.T.);
#357=FACE_OUTER_BOUND('',#534,.T.);
#358=FACE_OUTER_BOUND('',#535,.T.);
#359=FACE_OUTER_BOUND('',#536,.T.);
#360=FACE_OUTER_BOUND('',#537,.T.);
#361=FACE_OUTER_BOUND('',#538,.T.);
#362=FACE_OUTER_BOUND('',#539,.T.);
#363=FACE_OUTER_BOUND('',#540,.T.);
#364=FACE_OUTER_BOUND('',#541,.T.);
#365=FACE_OUTER_BOUND('',#542,.T.);
#366=FACE_OUTER_BOUND('',#543,.T.);
#367=FACE_OUTER_BOUND('',#544,.T.);
#368=FACE_OUTER_BOUND('',#545,.T.);
#369=FACE_OUTER_BOUND('',#546,.T.);
#370=FACE_OUTER_BOUND('',#547,.T.);
#371=FACE_OUTER_BOUND('',#548,.T.);
#372=FACE_OUTER_BOUND('',#549,.T.);
#373=FACE_OUTER_BOUND('',#550,.T.);
#374=FACE_OUTER_BOUND('',#559,.T.);
#375=EDGE_LOOP('',(#1593,#1594,#1595,#1596));
#376=EDGE_LOOP('',(#1597,#1598,#1599,#1600));
#377=EDGE_LOOP('',(#1601));
#378=EDGE_LOOP('',(#1602));
#379=EDGE_LOOP('',(#1603));
#380=EDGE_LOOP('',(#1604));
#381=EDGE_LOOP('',(#1605));
#382=EDGE_LOOP('',(#1606,#1607,#1608,#1609));
#383=EDGE_LOOP('',(#1610));
#384=EDGE_LOOP('',(#1611));
#385=EDGE_LOOP('',(#1612,#1613,#1614,#1615));
#386=EDGE_LOOP('',(#1616));
#387=EDGE_LOOP('',(#1617));
#388=EDGE_LOOP('',(#1618,#1619,#1620,#1621));
#389=EDGE_LOOP('',(#1622));
#390=EDGE_LOOP('',(#1623,#1624,#1625,#1626));
#391=EDGE_LOOP('',(#1627));
#392=EDGE_LOOP('',(#1628,#1629,#1630,#1631));
#393=EDGE_LOOP('',(#1632));
#394=EDGE_LOOP('',(#1633,#1634,#1635,#1636));
#395=EDGE_LOOP('',(#1637));
#396=EDGE_LOOP('',(#1638,#1639,#1640,#1641));
#397=EDGE_LOOP('',(#1642));
#398=EDGE_LOOP('',(#1643,#1644,#1645,#1646));
#399=EDGE_LOOP('',(#1647,#1648,#1649,#1650));
#400=EDGE_LOOP('',(#1651,#1652,#1653,#1654));
#401=EDGE_LOOP('',(#1655,#1656,#1657,#1658));
#402=EDGE_LOOP('',(#1659,#1660,#1661,#1662));
#403=EDGE_LOOP('',(#1663,#1664,#1665,#1666));
#404=EDGE_LOOP('',(#1667,#1668,#1669,#1670));
#405=EDGE_LOOP('',(#1671,#1672,#1673,#1674));
#406=EDGE_LOOP('',(#1675,#1676,#1677,#1678));
#407=EDGE_LOOP('',(#1679,#1680,#1681,#1682));
#408=EDGE_LOOP('',(#1683,#1684,#1685,#1686));
#409=EDGE_LOOP('',(#1687,#1688,#1689,#1690));
#410=EDGE_LOOP('',(#1691,#1692,#1693,#1694));
#411=EDGE_LOOP('',(#1695,#1696,#1697,#1698));
#412=EDGE_LOOP('',(#1699,#1700,#1701,#1702));
#413=EDGE_LOOP('',(#1703,#1704,#1705,#1706));
#414=EDGE_LOOP('',(#1707,#1708,#1709,#1710));
#415=EDGE_LOOP('',(#1711,#1712,#1713,#1714));
#416=EDGE_LOOP('',(#1715,#1716,#1717,#1718));
#417=EDGE_LOOP('',(#1719,#1720,#1721,#1722));
#418=EDGE_LOOP('',(#1723,#1724,#1725,#1726));
#419=EDGE_LOOP('',(#1727,#1728,#1729,#1730));
#420=EDGE_LOOP('',(#1731,#1732,#1733,#1734));
#421=EDGE_LOOP('',(#1735,#1736,#1737,#1738));
#422=EDGE_LOOP('',(#1739,#1740,#1741,#1742));
#423=EDGE_LOOP('',(#1743,#1744,#1745,#1746));
#424=EDGE_LOOP('',(#1747,#1748,#1749,#1750));
#425=EDGE_LOOP('',(#1751,#1752,#1753,#1754));
#426=EDGE_LOOP('',(#1755,#1756,#1757,#1758));
#427=EDGE_LOOP('',(#1759,#1760,#1761,#1762));
#428=EDGE_LOOP('',(#1763,#1764,#1765,#1766));
#429=EDGE_LOOP('',(#1767,#1768,#1769,#1770));
#430=EDGE_LOOP('',(#1771,#1772,#1773,#1774,#1775,#1776,#1777,#1778,#1779,
#1780,#1781,#1782,#1783,#1784,#1785,#1786,#1787,#1788,#1789,#1790,#1791,
#1792,#1793,#1794));
#431=EDGE_LOOP('',(#1795));
#432=EDGE_LOOP('',(#1796));
#433=EDGE_LOOP('',(#1797));
#434=EDGE_LOOP('',(#1798));
#435=EDGE_LOOP('',(#1799));
#436=EDGE_LOOP('',(#1800));
#437=EDGE_LOOP('',(#1801));
#438=EDGE_LOOP('',(#1802));
#439=EDGE_LOOP('',(#1803,#1804,#1805,#1806,#1807,#1808,#1809,#1810,#1811,
#1812,#1813,#1814,#1815,#1816,#1817,#1818,#1819,#1820,#1821,#1822,#1823,
#1824,#1825,#1826));
#440=EDGE_LOOP('',(#1827));
#441=EDGE_LOOP('',(#1828));
#442=EDGE_LOOP('',(#1829));
#443=EDGE_LOOP('',(#1830));
#444=EDGE_LOOP('',(#1831));
#445=EDGE_LOOP('',(#1832));
#446=EDGE_LOOP('',(#1833));
#447=EDGE_LOOP('',(#1834));
#448=EDGE_LOOP('',(#1835,#1836,#1837,#1838));
#449=EDGE_LOOP('',(#1839,#1840,#1841,#1842));
#450=EDGE_LOOP('',(#1843,#1844,#1845,#1846));
#451=EDGE_LOOP('',(#1847,#1848,#1849,#1850));
#452=EDGE_LOOP('',(#1851,#1852,#1853,#1854));
#453=EDGE_LOOP('',(#1855,#1856,#1857,#1858));
#454=EDGE_LOOP('',(#1859,#1860,#1861,#1862));
#455=EDGE_LOOP('',(#1863,#1864,#1865,#1866));
#456=EDGE_LOOP('',(#1867,#1868,#1869,#1870));
#457=EDGE_LOOP('',(#1871,#1872,#1873,#1874));
#458=EDGE_LOOP('',(#1875,#1876,#1877,#1878));
#459=EDGE_LOOP('',(#1879,#1880,#1881,#1882));
#460=EDGE_LOOP('',(#1883,#1884,#1885,#1886));
#461=EDGE_LOOP('',(#1887,#1888,#1889,#1890));
#462=EDGE_LOOP('',(#1891,#1892,#1893,#1894,#1895,#1896,#1897));
#463=EDGE_LOOP('',(#1898));
#464=EDGE_LOOP('',(#1899));
#465=EDGE_LOOP('',(#1900));
#466=EDGE_LOOP('',(#1901));
#467=EDGE_LOOP('',(#1902));
#468=EDGE_LOOP('',(#1903));
#469=EDGE_LOOP('',(#1904));
#470=EDGE_LOOP('',(#1905,#1906,#1907,#1908,#1909,#1910,#1911));
#471=EDGE_LOOP('',(#1912));
#472=EDGE_LOOP('',(#1913));
#473=EDGE_LOOP('',(#1914));
#474=EDGE_LOOP('',(#1915));
#475=EDGE_LOOP('',(#1916));
#476=EDGE_LOOP('',(#1917));
#477=EDGE_LOOP('',(#1918));
#478=EDGE_LOOP('',(#1919));
#479=EDGE_LOOP('',(#1920));
#480=EDGE_LOOP('',(#1921));
#481=EDGE_LOOP('',(#1922,#1923,#1924,#1925));
#482=EDGE_LOOP('',(#1926));
#483=EDGE_LOOP('',(#1927,#1928,#1929,#1930));
#484=EDGE_LOOP('',(#1931,#1932,#1933,#1934));
#485=EDGE_LOOP('',(#1935));
#486=EDGE_LOOP('',(#1936));
#487=EDGE_LOOP('',(#1937,#1938,#1939,#1940));
#488=EDGE_LOOP('',(#1941));
#489=EDGE_LOOP('',(#1942));
#490=EDGE_LOOP('',(#1943,#1944,#1945,#1946,#1947,#1948));
#491=EDGE_LOOP('',(#1949));
#492=EDGE_LOOP('',(#1950,#1951,#1952,#1953));
#493=EDGE_LOOP('',(#1954,#1955,#1956,#1957));
#494=EDGE_LOOP('',(#1958,#1959,#1960,#1961));
#495=EDGE_LOOP('',(#1962,#1963,#1964,#1965,#1966,#1967));
#496=EDGE_LOOP('',(#1968));
#497=EDGE_LOOP('',(#1969,#1970,#1971,#1972));
#498=EDGE_LOOP('',(#1973,#1974,#1975,#1976));
#499=EDGE_LOOP('',(#1977,#1978,#1979,#1980));
#500=EDGE_LOOP('',(#1981,#1982,#1983,#1984,#1985,#1986));
#501=EDGE_LOOP('',(#1987));
#502=EDGE_LOOP('',(#1988,#1989,#1990,#1991));
#503=EDGE_LOOP('',(#1992,#1993,#1994,#1995));
#504=EDGE_LOOP('',(#1996,#1997,#1998,#1999));
#505=EDGE_LOOP('',(#2000,#2001,#2002,#2003,#2004,#2005));
#506=EDGE_LOOP('',(#2006));
#507=EDGE_LOOP('',(#2007,#2008,#2009,#2010));
#508=EDGE_LOOP('',(#2011,#2012,#2013,#2014));
#509=EDGE_LOOP('',(#2015,#2016,#2017,#2018));
#510=EDGE_LOOP('',(#2019,#2020,#2021,#2022));
#511=EDGE_LOOP('',(#2023,#2024,#2025,#2026));
#512=EDGE_LOOP('',(#2027,#2028,#2029,#2030));
#513=EDGE_LOOP('',(#2031,#2032,#2033,#2034));
#514=EDGE_LOOP('',(#2035,#2036,#2037,#2038));
#515=EDGE_LOOP('',(#2039,#2040,#2041,#2042));
#516=EDGE_LOOP('',(#2043,#2044,#2045,#2046));
#517=EDGE_LOOP('',(#2047,#2048,#2049,#2050));
#518=EDGE_LOOP('',(#2051,#2052,#2053,#2054,#2055,#2056));
#519=EDGE_LOOP('',(#2057));
#520=EDGE_LOOP('',(#2058,#2059,#2060,#2061,#2062,#2063));
#521=EDGE_LOOP('',(#2064));
#522=EDGE_LOOP('',(#2065,#2066,#2067,#2068));
#523=EDGE_LOOP('',(#2069,#2070,#2071,#2072));
#524=EDGE_LOOP('',(#2073,#2074,#2075,#2076));
#525=EDGE_LOOP('',(#2077,#2078,#2079,#2080));
#526=EDGE_LOOP('',(#2081,#2082,#2083,#2084,#2085,#2086));
#527=EDGE_LOOP('',(#2087));
#528=EDGE_LOOP('',(#2088,#2089,#2090,#2091,#2092,#2093));
#529=EDGE_LOOP('',(#2094));
#530=EDGE_LOOP('',(#2095,#2096,#2097,#2098));
#531=EDGE_LOOP('',(#2099,#2100,#2101,#2102));
#532=EDGE_LOOP('',(#2103,#2104,#2105,#2106));
#533=EDGE_LOOP('',(#2107,#2108,#2109,#2110));
#534=EDGE_LOOP('',(#2111,#2112,#2113,#2114));
#535=EDGE_LOOP('',(#2115,#2116,#2117,#2118));
#536=EDGE_LOOP('',(#2119,#2120,#2121,#2122));
#537=EDGE_LOOP('',(#2123,#2124,#2125,#2126));
#538=EDGE_LOOP('',(#2127,#2128,#2129,#2130));
#539=EDGE_LOOP('',(#2131,#2132,#2133,#2134));
#540=EDGE_LOOP('',(#2135,#2136,#2137,#2138));
#541=EDGE_LOOP('',(#2139,#2140,#2141,#2142));
#542=EDGE_LOOP('',(#2143,#2144,#2145,#2146));
#543=EDGE_LOOP('',(#2147,#2148,#2149,#2150));
#544=EDGE_LOOP('',(#2151,#2152,#2153,#2154));
#545=EDGE_LOOP('',(#2155,#2156,#2157,#2158));
#546=EDGE_LOOP('',(#2159,#2160,#2161,#2162));
#547=EDGE_LOOP('',(#2163,#2164,#2165,#2166));
#548=EDGE_LOOP('',(#2167,#2168,#2169,#2170));
#549=EDGE_LOOP('',(#2171,#2172,#2173,#2174));
#550=EDGE_LOOP('',(#2175,#2176,#2177,#2178,#2179,#2180));
#551=EDGE_LOOP('',(#2181,#2182,#2183,#2184));
#552=EDGE_LOOP('',(#2185,#2186,#2187,#2188));
#553=EDGE_LOOP('',(#2189,#2190,#2191,#2192));
#554=EDGE_LOOP('',(#2193,#2194,#2195,#2196));
#555=EDGE_LOOP('',(#2197));
#556=EDGE_LOOP('',(#2198));
#557=EDGE_LOOP('',(#2199));
#558=EDGE_LOOP('',(#2200));
#559=EDGE_LOOP('',(#2201,#2202,#2203,#2204,#2205,#2206));
#560=EDGE_LOOP('',(#2207,#2208,#2209,#2210));
#561=EDGE_LOOP('',(#2211,#2212,#2213,#2214));
#562=EDGE_LOOP('',(#2215));
#563=EDGE_LOOP('',(#2216));
#564=EDGE_LOOP('',(#2217));
#565=EDGE_LOOP('',(#2218));
#566=LINE('',#3397,#759);
#567=LINE('',#3402,#760);
#568=LINE('',#3414,#761);
#569=LINE('',#3422,#762);
#570=LINE('',#3429,#763);
#571=LINE('',#3433,#764);
#572=LINE('',#3438,#765);
#573=LINE('',#3443,#766);
#574=LINE('',#3448,#767);
#575=LINE('',#3456,#768);
#576=LINE('',#3462,#769);
#577=LINE('',#3468,#770);
#578=LINE('',#3474,#771);
#579=LINE('',#3480,#772);
#580=LINE('',#3486,#773);
#581=LINE('',#3492,#774);
#582=LINE('',#3498,#775);
#583=LINE('',#3503,#776);
#584=LINE('',#3505,#777);
#585=LINE('',#3507,#778);
#586=LINE('',#3508,#779);
#587=LINE('',#3514,#780);
#588=LINE('',#3517,#781);
#589=LINE('',#3519,#782);
#590=LINE('',#3520,#783);
#591=LINE('',#3526,#784);
#592=LINE('',#3529,#785);
#593=LINE('',#3531,#786);
#594=LINE('',#3532,#787);
#595=LINE('',#3538,#788);
#596=LINE('',#3541,#789);
#597=LINE('',#3543,#790);
#598=LINE('',#3544,#791);
#599=LINE('',#3550,#792);
#600=LINE('',#3553,#793);
#601=LINE('',#3555,#794);
#602=LINE('',#3556,#795);
#603=LINE('',#3562,#796);
#604=LINE('',#3565,#797);
#605=LINE('',#3567,#798);
#606=LINE('',#3568,#799);
#607=LINE('',#3574,#800);
#608=LINE('',#3577,#801);
#609=LINE('',#3579,#802);
#610=LINE('',#3580,#803);
#611=LINE('',#3586,#804);
#612=LINE('',#3589,#805);
#613=LINE('',#3591,#806);
#614=LINE('',#3592,#807);
#615=LINE('',#3598,#808);
#616=LINE('',#3601,#809);
#617=LINE('',#3603,#810);
#618=LINE('',#3604,#811);
#619=LINE('',#3610,#812);
#620=LINE('',#3613,#813);
#621=LINE('',#3615,#814);
#622=LINE('',#3616,#815);
#623=LINE('',#3622,#816);
#624=LINE('',#3625,#817);
#625=LINE('',#3627,#818);
#626=LINE('',#3628,#819);
#627=LINE('',#3634,#820);
#628=LINE('',#3637,#821);
#629=LINE('',#3639,#822);
#630=LINE('',#3640,#823);
#631=LINE('',#3651,#824);
#632=LINE('',#3657,#825);
#633=LINE('',#3663,#826);
#634=LINE('',#3669,#827);
#635=LINE('',#3675,#828);
#636=LINE('',#3681,#829);
#637=LINE('',#3687,#830);
#638=LINE('',#3692,#831);
#639=LINE('',#3694,#832);
#640=LINE('',#3696,#833);
#641=LINE('',#3697,#834);
#642=LINE('',#3700,#835);
#643=LINE('',#3702,#836);
#644=LINE('',#3703,#837);
#645=LINE('',#3706,#838);
#646=LINE('',#3708,#839);
#647=LINE('',#3709,#840);
#648=LINE('',#3712,#841);
#649=LINE('',#3714,#842);
#650=LINE('',#3715,#843);
#651=LINE('',#3718,#844);
#652=LINE('',#3720,#845);
#653=LINE('',#3721,#846);
#654=LINE('',#3724,#847);
#655=LINE('',#3726,#848);
#656=LINE('',#3727,#849);
#657=LINE('',#3729,#850);
#658=LINE('',#3730,#851);
#659=LINE('',#3744,#852);
#660=LINE('',#3749,#853);
#661=LINE('',#3753,#854);
#662=LINE('',#3761,#855);
#663=LINE('',#3769,#856);
#664=LINE('',#3773,#857);
#665=LINE('',#3776,#858);
#666=LINE('',#3781,#859);
#667=LINE('',#3784,#860);
#668=LINE('',#3787,#861);
#669=LINE('',#3788,#862);
#670=LINE('',#3791,#863);
#671=LINE('',#3798,#864);
#672=LINE('',#3802,#865);
#673=LINE('',#3805,#866);
#674=LINE('',#3810,#867);
#675=LINE('',#3812,#868);
#676=LINE('',#3813,#869);
#677=LINE('',#3816,#870);
#678=LINE('',#3820,#871);
#679=LINE('',#3821,#872);
#680=LINE('',#3827,#873);
#681=LINE('',#3831,#874);
#682=LINE('',#3834,#875);
#683=LINE('',#3839,#876);
#684=LINE('',#3842,#877);
#685=LINE('',#3845,#878);
#686=LINE('',#3846,#879);
#687=LINE('',#3849,#880);
#688=LINE('',#3856,#881);
#689=LINE('',#3860,#882);
#690=LINE('',#3863,#883);
#691=LINE('',#3868,#884);
#692=LINE('',#3870,#885);
#693=LINE('',#3871,#886);
#694=LINE('',#3874,#887);
#695=LINE('',#3878,#888);
#696=LINE('',#3879,#889);
#697=LINE('',#3882,#890);
#698=LINE('',#3886,#891);
#699=LINE('',#3891,#892);
#700=LINE('',#3895,#893);
#701=LINE('',#3898,#894);
#702=LINE('',#3901,#895);
#703=LINE('',#3903,#896);
#704=LINE('',#3906,#897);
#705=LINE('',#3909,#898);
#706=LINE('',#3911,#899);
#707=LINE('',#3913,#900);
#708=LINE('',#3917,#901);
#709=LINE('',#3921,#902);
#710=LINE('',#3924,#903);
#711=LINE('',#3927,#904);
#712=LINE('',#3930,#905);
#713=LINE('',#3933,#906);
#714=LINE('',#3935,#907);
#715=LINE('',#3939,#908);
#716=LINE('',#3941,#909);
#717=LINE('',#3943,#910);
#718=LINE('',#3944,#911);
#719=LINE('',#3947,#912);
#720=LINE('',#3949,#913);
#721=LINE('',#3950,#914);
#722=LINE('',#3953,#915);
#723=LINE('',#3955,#916);
#724=LINE('',#3956,#917);
#725=LINE('',#3958,#918);
#726=LINE('',#3959,#919);
#727=LINE('',#3964,#920);
#728=LINE('',#3966,#921);
#729=LINE('',#3968,#922);
#730=LINE('',#3969,#923);
#731=LINE('',#3972,#924);
#732=LINE('',#3974,#925);
#733=LINE('',#3975,#926);
#734=LINE('',#3978,#927);
#735=LINE('',#3980,#928);
#736=LINE('',#3981,#929);
#737=LINE('',#3983,#930);
#738=LINE('',#3984,#931);
#739=LINE('',#3990,#932);
#740=LINE('',#3996,#933);
#741=LINE('',#4002,#934);
#742=LINE('',#4008,#935);
#743=LINE('',#4013,#936);
#744=LINE('',#4015,#937);
#745=LINE('',#4017,#938);
#746=LINE('',#4018,#939);
#747=LINE('',#4024,#940);
#748=LINE('',#4027,#941);
#749=LINE('',#4029,#942);
#750=LINE('',#4030,#943);
#751=LINE('',#4033,#944);
#752=LINE('',#4035,#945);
#753=LINE('',#4036,#946);
#754=LINE('',#4039,#947);
#755=LINE('',#4041,#948);
#756=LINE('',#4042,#949);
#757=LINE('',#4044,#950);
#758=LINE('',#4045,#951);
#759=VECTOR('',#2682,13.5);
#760=VECTOR('',#2689,14.5);
#761=VECTOR('',#2702,12.5);
#762=VECTOR('',#2713,5.);
#763=VECTOR('',#2722,1.5);
#764=VECTOR('',#2727,1.5);
#765=VECTOR('',#2734,1.5);
#766=VECTOR('',#2741,1.5);
#767=VECTOR('',#2748,1.5);
#768=VECTOR('',#2759,1.5);
#769=VECTOR('',#2766,2.);
#770=VECTOR('',#2773,1.5);
#771=VECTOR('',#2780,1.5);
#772=VECTOR('',#2787,2.);
#773=VECTOR('',#2794,2.);
#774=VECTOR('',#2801,2.);
#775=VECTOR('',#2808,1.5);
#776=VECTOR('',#2813,10.);
#777=VECTOR('',#2814,10.);
#778=VECTOR('',#2815,10.);
#779=VECTOR('',#2816,10.);
#780=VECTOR('',#2823,10.);
#781=VECTOR('',#2826,10.);
#782=VECTOR('',#2827,10.);
#783=VECTOR('',#2828,10.);
#784=VECTOR('',#2835,10.);
#785=VECTOR('',#2838,10.);
#786=VECTOR('',#2839,10.);
#787=VECTOR('',#2840,10.);
#788=VECTOR('',#2847,10.);
#789=VECTOR('',#2850,10.);
#790=VECTOR('',#2851,10.);
#791=VECTOR('',#2852,10.);
#792=VECTOR('',#2859,10.);
#793=VECTOR('',#2862,10.);
#794=VECTOR('',#2863,10.);
#795=VECTOR('',#2864,10.);
#796=VECTOR('',#2871,10.);
#797=VECTOR('',#2874,10.);
#798=VECTOR('',#2875,10.);
#799=VECTOR('',#2876,10.);
#800=VECTOR('',#2883,10.);
#801=VECTOR('',#2886,10.);
#802=VECTOR('',#2887,10.);
#803=VECTOR('',#2888,10.);
#804=VECTOR('',#2895,10.);
#805=VECTOR('',#2898,10.);
#806=VECTOR('',#2899,10.);
#807=VECTOR('',#2900,10.);
#808=VECTOR('',#2907,10.);
#809=VECTOR('',#2910,10.);
#810=VECTOR('',#2911,10.);
#811=VECTOR('',#2912,10.);
#812=VECTOR('',#2919,10.);
#813=VECTOR('',#2922,10.);
#814=VECTOR('',#2923,10.);
#815=VECTOR('',#2924,10.);
#816=VECTOR('',#2931,10.);
#817=VECTOR('',#2934,10.);
#818=VECTOR('',#2935,10.);
#819=VECTOR('',#2936,10.);
#820=VECTOR('',#2943,10.);
#821=VECTOR('',#2946,10.);
#822=VECTOR('',#2947,10.);
#823=VECTOR('',#2948,10.);
#824=VECTOR('',#2965,10.);
#825=VECTOR('',#2972,2.);
#826=VECTOR('',#2979,5.875);
#827=VECTOR('',#2986,2.);
#828=VECTOR('',#2993,2.);
#829=VECTOR('',#3000,2.);
#830=VECTOR('',#3007,2.);
#831=VECTOR('',#3012,10.);
#832=VECTOR('',#3013,10.);
#833=VECTOR('',#3014,10.);
#834=VECTOR('',#3015,10.);
#835=VECTOR('',#3018,10.);
#836=VECTOR('',#3019,10.);
#837=VECTOR('',#3020,10.);
#838=VECTOR('',#3023,10.);
#839=VECTOR('',#3024,10.);
#840=VECTOR('',#3025,10.);
#841=VECTOR('',#3028,10.);
#842=VECTOR('',#3029,10.);
#843=VECTOR('',#3030,10.);
#844=VECTOR('',#3033,10.);
#845=VECTOR('',#3034,10.);
#846=VECTOR('',#3035,10.);
#847=VECTOR('',#3038,10.);
#848=VECTOR('',#3039,10.);
#849=VECTOR('',#3040,10.);
#850=VECTOR('',#3043,10.);
#851=VECTOR('',#3044,10.);
#852=VECTOR('',#3063,1.5);
#853=VECTOR('',#3070,2.);
#854=VECTOR('',#3075,2.);
#855=VECTOR('',#3086,4.5);
#856=VECTOR('',#3095,10.);
#857=VECTOR('',#3098,10.);
#858=VECTOR('',#3101,10.);
#859=VECTOR('',#3106,10.);
#860=VECTOR('',#3109,10.);
#861=VECTOR('',#3112,10.);
#862=VECTOR('',#3113,10.);
#863=VECTOR('',#3116,10.);
#864=VECTOR('',#3123,10.);
#865=VECTOR('',#3126,10.);
#866=VECTOR('',#3129,10.);
#867=VECTOR('',#3134,10.);
#868=VECTOR('',#3135,10.);
#869=VECTOR('',#3136,10.);
#870=VECTOR('',#3139,10.);
#871=VECTOR('',#3144,10.);
#872=VECTOR('',#3145,10.);
#873=VECTOR('',#3150,10.);
#874=VECTOR('',#3153,10.);
#875=VECTOR('',#3156,10.);
#876=VECTOR('',#3161,10.);
#877=VECTOR('',#3164,10.);
#878=VECTOR('',#3167,10.);
#879=VECTOR('',#3168,10.);
#880=VECTOR('',#3171,10.);
#881=VECTOR('',#3178,10.);
#882=VECTOR('',#3181,10.);
#883=VECTOR('',#3184,10.);
#884=VECTOR('',#3189,10.);
#885=VECTOR('',#3190,10.);
#886=VECTOR('',#3191,10.);
#887=VECTOR('',#3194,10.);
#888=VECTOR('',#3199,10.);
#889=VECTOR('',#3200,10.);
#890=VECTOR('',#3203,10.);
#891=VECTOR('',#3208,10.);
#892=VECTOR('',#3215,10.);
#893=VECTOR('',#3220,10.);
#894=VECTOR('',#3223,10.);
#895=VECTOR('',#3226,10.);
#896=VECTOR('',#3229,10.);
#897=VECTOR('',#3232,10.);
#898=VECTOR('',#3235,10.);
#899=VECTOR('',#3238,10.);
#900=VECTOR('',#3241,10.);
#901=VECTOR('',#3246,10.);
#902=VECTOR('',#3251,1.5);
#903=VECTOR('',#3254,1.5);
#904=VECTOR('',#3259,1.5);
#905=VECTOR('',#3262,1.5);
#906=VECTOR('',#3267,10.);
#907=VECTOR('',#3270,10.);
#908=VECTOR('',#3273,10.);
#909=VECTOR('',#3274,10.);
#910=VECTOR('',#3275,10.);
#911=VECTOR('',#3276,10.);
#912=VECTOR('',#3279,10.);
#913=VECTOR('',#3280,10.);
#914=VECTOR('',#3281,10.);
#915=VECTOR('',#3284,10.);
#916=VECTOR('',#3285,10.);
#917=VECTOR('',#3286,10.);
#918=VECTOR('',#3289,10.);
#919=VECTOR('',#3290,10.);
#920=VECTOR('',#3295,10.);
#921=VECTOR('',#3296,10.);
#922=VECTOR('',#3297,10.);
#923=VECTOR('',#3298,10.);
#924=VECTOR('',#3301,10.);
#925=VECTOR('',#3302,10.);
#926=VECTOR('',#3303,10.);
#927=VECTOR('',#3306,10.);
#928=VECTOR('',#3307,10.);
#929=VECTOR('',#3308,10.);
#930=VECTOR('',#3311,10.);
#931=VECTOR('',#3312,10.);
#932=VECTOR('',#3319,1.5);
#933=VECTOR('',#3326,1.5);
#934=VECTOR('',#3333,1.5);
#935=VECTOR('',#3340,1.5);
#936=VECTOR('',#3345,10.);
#937=VECTOR('',#3346,10.);
#938=VECTOR('',#3347,10.);
#939=VECTOR('',#3348,10.);
#940=VECTOR('',#3355,10.);
#941=VECTOR('',#3358,10.);
#942=VECTOR('',#3359,10.);
#943=VECTOR('',#3360,10.);
#944=VECTOR('',#3363,10.);
#945=VECTOR('',#3364,10.);
#946=VECTOR('',#3365,10.);
#947=VECTOR('',#3368,10.);
#948=VECTOR('',#3369,10.);
#949=VECTOR('',#3370,10.);
#950=VECTOR('',#3373,10.);
#951=VECTOR('',#3374,10.);
#952=CIRCLE('',#2415,14.5);
#953=CIRCLE('',#2416,12.5);
#954=CIRCLE('',#2418,14.5);
#955=CIRCLE('',#2420,1.5);
#956=CIRCLE('',#2421,1.5);
#957=CIRCLE('',#2422,1.5);
#958=CIRCLE('',#2423,1.5);
#959=CIRCLE('',#2425,10.5);
#960=CIRCLE('',#2427,5.);
#961=CIRCLE('',#2429,5.);
#962=CIRCLE('',#2431,1.5);
#963=CIRCLE('',#2433,1.5);
#964=CIRCLE('',#2436,1.5);
#965=CIRCLE('',#2439,1.5);
#966=CIRCLE('',#2442,1.5);
#967=CIRCLE('',#2445,1.5);
#968=CIRCLE('',#2449,1.5);
#969=CIRCLE('',#2450,1.5);
#970=CIRCLE('',#2452,2.);
#971=CIRCLE('',#2453,2.);
#972=CIRCLE('',#2455,1.5);
#973=CIRCLE('',#2456,1.5);
#974=CIRCLE('',#2458,1.5);
#975=CIRCLE('',#2459,1.5);
#976=CIRCLE('',#2461,2.);
#977=CIRCLE('',#2462,2.);
#978=CIRCLE('',#2464,2.);
#979=CIRCLE('',#2465,2.);
#980=CIRCLE('',#2467,2.);
#981=CIRCLE('',#2468,2.);
#982=CIRCLE('',#2470,1.5);
#983=CIRCLE('',#2471,1.5);
#984=CIRCLE('',#2474,5.00000000000641);
#985=CIRCLE('',#2475,5.00000000000641);
#986=CIRCLE('',#2478,2.);
#987=CIRCLE('',#2479,2.);
#988=CIRCLE('',#2482,2.);
#989=CIRCLE('',#2483,2.);
#990=CIRCLE('',#2486,5.);
#991=CIRCLE('',#2487,5.);
#992=CIRCLE('',#2490,1.99999999999982);
#993=CIRCLE('',#2491,1.99999999999982);
#994=CIRCLE('',#2494,1.99999999999997);
#995=CIRCLE('',#2495,1.99999999999997);
#996=CIRCLE('',#2498,4.99999999999999);
#997=CIRCLE('',#2499,4.99999999999999);
#998=CIRCLE('',#2502,2.00000000000001);
#999=CIRCLE('',#2503,2.00000000000001);
#1000=CIRCLE('',#2506,2.);
#1001=CIRCLE('',#2507,2.);
#1002=CIRCLE('',#2510,5.);
#1003=CIRCLE('',#2511,5.);
#1004=CIRCLE('',#2514,1.99999999999986);
#1005=CIRCLE('',#2515,1.99999999999986);
#1006=CIRCLE('',#2518,1.99999992735723);
#1007=CIRCLE('',#2519,1.99999992735723);
#1008=CIRCLE('',#2524,10.);
#1009=CIRCLE('',#2525,10.);
#1010=CIRCLE('',#2527,2.);
#1011=CIRCLE('',#2528,2.);
#1012=CIRCLE('',#2530,5.875);
#1013=CIRCLE('',#2531,5.875);
#1014=CIRCLE('',#2533,2.);
#1015=CIRCLE('',#2534,2.);
#1016=CIRCLE('',#2536,2.);
#1017=CIRCLE('',#2537,2.);
#1018=CIRCLE('',#2539,2.);
#1019=CIRCLE('',#2540,2.);
#1020=CIRCLE('',#2542,2.);
#1021=CIRCLE('',#2543,2.);
#1022=CIRCLE('',#2555,2.);
#1023=CIRCLE('',#2557,2.);
#1024=CIRCLE('',#2558,1.5);
#1025=CIRCLE('',#2560,1.5);
#1026=CIRCLE('',#2563,2.);
#1027=CIRCLE('',#2565,2.);
#1028=CIRCLE('',#2567,4.5);
#1029=CIRCLE('',#2569,4.5);
#1030=CIRCLE('',#2573,4.);
#1031=CIRCLE('',#2574,3.);
#1032=CIRCLE('',#2575,3.);
#1033=CIRCLE('',#2576,1.5);
#1034=CIRCLE('',#2578,3.);
#1035=CIRCLE('',#2581,4.);
#1036=CIRCLE('',#2583,4.);
#1037=CIRCLE('',#2584,3.);
#1038=CIRCLE('',#2585,3.);
#1039=CIRCLE('',#2586,1.5);
#1040=CIRCLE('',#2589,4.);
#1041=CIRCLE('',#2592,4.);
#1042=CIRCLE('',#2593,3.);
#1043=CIRCLE('',#2594,3.);
#1044=CIRCLE('',#2595,1.5);
#1045=CIRCLE('',#2597,3.);
#1046=CIRCLE('',#2600,4.);
#1047=CIRCLE('',#2602,4.);
#1048=CIRCLE('',#2603,3.);
#1049=CIRCLE('',#2604,3.);
#1050=CIRCLE('',#2605,1.5);
#1051=CIRCLE('',#2608,4.);
#1052=CIRCLE('',#2611,3.);
#1053=CIRCLE('',#2613,3.);
#1054=CIRCLE('',#2615,3.);
#1055=CIRCLE('',#2617,3.);
#1056=CIRCLE('',#2619,3.);
#1057=CIRCLE('',#2622,3.);
#1058=CIRCLE('',#2625,1.5);
#1059=CIRCLE('',#2627,1.5);
#1060=CIRCLE('',#2630,1.5);
#1061=CIRCLE('',#2633,1.5);
#1062=CIRCLE('',#2647,1.5);
#1063=CIRCLE('',#2648,1.5);
#1064=CIRCLE('',#2650,1.5);
#1065=CIRCLE('',#2651,1.5);
#1066=CIRCLE('',#2653,1.5);
#1067=CIRCLE('',#2654,1.5);
#1068=CIRCLE('',#2656,1.5);
#1069=CIRCLE('',#2657,1.5);
#1070=CIRCLE('',#2660,125.);
#1071=CIRCLE('',#2661,125.);
#1072=VERTEX_POINT('',#3394);
#1073=VERTEX_POINT('',#3396);
#1074=VERTEX_POINT('',#3400);
#1075=VERTEX_POINT('',#3404);
#1076=VERTEX_POINT('',#3406);
#1077=VERTEX_POINT('',#3408);
#1078=VERTEX_POINT('',#3410);
#1079=VERTEX_POINT('',#3413);
#1080=VERTEX_POINT('',#3417);
#1081=VERTEX_POINT('',#3420);
#1082=VERTEX_POINT('',#3424);
#1083=VERTEX_POINT('',#3427);
#1084=VERTEX_POINT('',#3432);
#1085=VERTEX_POINT('',#3437);
#1086=VERTEX_POINT('',#3442);
#1087=VERTEX_POINT('',#3447);
#1088=VERTEX_POINT('',#3453);
#1089=VERTEX_POINT('',#3455);
#1090=VERTEX_POINT('',#3459);
#1091=VERTEX_POINT('',#3461);
#1092=VERTEX_POINT('',#3465);
#1093=VERTEX_POINT('',#3467);
#1094=VERTEX_POINT('',#3471);
#1095=VERTEX_POINT('',#3473);
#1096=VERTEX_POINT('',#3477);
#1097=VERTEX_POINT('',#3479);
#1098=VERTEX_POINT('',#3483);
#1099=VERTEX_POINT('',#3485);
#1100=VERTEX_POINT('',#3489);
#1101=VERTEX_POINT('',#3491);
#1102=VERTEX_POINT('',#3495);
#1103=VERTEX_POINT('',#3497);
#1104=VERTEX_POINT('',#3501);
#1105=VERTEX_POINT('',#3502);
#1106=VERTEX_POINT('',#3504);
#1107=VERTEX_POINT('',#3506);
#1108=VERTEX_POINT('',#3510);
#1109=VERTEX_POINT('',#3512);
#1110=VERTEX_POINT('',#3516);
#1111=VERTEX_POINT('',#3518);
#1112=VERTEX_POINT('',#3522);
#1113=VERTEX_POINT('',#3524);
#1114=VERTEX_POINT('',#3528);
#1115=VERTEX_POINT('',#3530);
#1116=VERTEX_POINT('',#3534);
#1117=VERTEX_POINT('',#3536);
#1118=VERTEX_POINT('',#3540);
#1119=VERTEX_POINT('',#3542);
#1120=VERTEX_POINT('',#3546);
#1121=VERTEX_POINT('',#3548);
#1122=VERTEX_POINT('',#3552);
#1123=VERTEX_POINT('',#3554);
#1124=VERTEX_POINT('',#3558);
#1125=VERTEX_POINT('',#3560);
#1126=VERTEX_POINT('',#3564);
#1127=VERTEX_POINT('',#3566);
#1128=VERTEX_POINT('',#3570);
#1129=VERTEX_POINT('',#3572);
#1130=VERTEX_POINT('',#3576);
#1131=VERTEX_POINT('',#3578);
#1132=VERTEX_POINT('',#3582);
#1133=VERTEX_POINT('',#3584);
#1134=VERTEX_POINT('',#3588);
#1135=VERTEX_POINT('',#3590);
#1136=VERTEX_POINT('',#3594);
#1137=VERTEX_POINT('',#3596);
#1138=VERTEX_POINT('',#3600);
#1139=VERTEX_POINT('',#3602);
#1140=VERTEX_POINT('',#3606);
#1141=VERTEX_POINT('',#3608);
#1142=VERTEX_POINT('',#3612);
#1143=VERTEX_POINT('',#3614);
#1144=VERTEX_POINT('',#3618);
#1145=VERTEX_POINT('',#3620);
#1146=VERTEX_POINT('',#3624);
#1147=VERTEX_POINT('',#3626);
#1148=VERTEX_POINT('',#3630);
#1149=VERTEX_POINT('',#3632);
#1150=VERTEX_POINT('',#3636);
#1151=VERTEX_POINT('',#3638);
#1152=VERTEX_POINT('',#3648);
#1153=VERTEX_POINT('',#3650);
#1154=VERTEX_POINT('',#3654);
#1155=VERTEX_POINT('',#3656);
#1156=VERTEX_POINT('',#3660);
#1157=VERTEX_POINT('',#3662);
#1158=VERTEX_POINT('',#3666);
#1159=VERTEX_POINT('',#3668);
#1160=VERTEX_POINT('',#3672);
#1161=VERTEX_POINT('',#3674);
#1162=VERTEX_POINT('',#3678);
#1163=VERTEX_POINT('',#3680);
#1164=VERTEX_POINT('',#3684);
#1165=VERTEX_POINT('',#3686);
#1166=VERTEX_POINT('',#3690);
#1167=VERTEX_POINT('',#3691);
#1168=VERTEX_POINT('',#3693);
#1169=VERTEX_POINT('',#3695);
#1170=VERTEX_POINT('',#3699);
#1171=VERTEX_POINT('',#3701);
#1172=VERTEX_POINT('',#3705);
#1173=VERTEX_POINT('',#3707);
#1174=VERTEX_POINT('',#3711);
#1175=VERTEX_POINT('',#3713);
#1176=VERTEX_POINT('',#3717);
#1177=VERTEX_POINT('',#3719);
#1178=VERTEX_POINT('',#3723);
#1179=VERTEX_POINT('',#3725);
#1180=VERTEX_POINT('',#3735);
#1181=VERTEX_POINT('',#3738);
#1182=VERTEX_POINT('',#3740);
#1183=VERTEX_POINT('',#3743);
#1184=VERTEX_POINT('',#3748);
#1185=VERTEX_POINT('',#3752);
#1186=VERTEX_POINT('',#3756);
#1187=VERTEX_POINT('',#3759);
#1188=VERTEX_POINT('',#3765);
#1189=VERTEX_POINT('',#3766);
#1190=VERTEX_POINT('',#3768);
#1191=VERTEX_POINT('',#3770);
#1192=VERTEX_POINT('',#3772);
#1193=VERTEX_POINT('',#3774);
#1194=VERTEX_POINT('',#3777);
#1195=VERTEX_POINT('',#3780);
#1196=VERTEX_POINT('',#3782);
#1197=VERTEX_POINT('',#3786);
#1198=VERTEX_POINT('',#3790);
#1199=VERTEX_POINT('',#3794);
#1200=VERTEX_POINT('',#3795);
#1201=VERTEX_POINT('',#3797);
#1202=VERTEX_POINT('',#3799);
#1203=VERTEX_POINT('',#3801);
#1204=VERTEX_POINT('',#3803);
#1205=VERTEX_POINT('',#3806);
#1206=VERTEX_POINT('',#3809);
#1207=VERTEX_POINT('',#3811);
#1208=VERTEX_POINT('',#3815);
#1209=VERTEX_POINT('',#3819);
#1210=VERTEX_POINT('',#3823);
#1211=VERTEX_POINT('',#3824);
#1212=VERTEX_POINT('',#3826);
#1213=VERTEX_POINT('',#3828);
#1214=VERTEX_POINT('',#3830);
#1215=VERTEX_POINT('',#3832);
#1216=VERTEX_POINT('',#3835);
#1217=VERTEX_POINT('',#3838);
#1218=VERTEX_POINT('',#3840);
#1219=VERTEX_POINT('',#3844);
#1220=VERTEX_POINT('',#3848);
#1221=VERTEX_POINT('',#3852);
#1222=VERTEX_POINT('',#3853);
#1223=VERTEX_POINT('',#3855);
#1224=VERTEX_POINT('',#3857);
#1225=VERTEX_POINT('',#3859);
#1226=VERTEX_POINT('',#3861);
#1227=VERTEX_POINT('',#3864);
#1228=VERTEX_POINT('',#3867);
#1229=VERTEX_POINT('',#3869);
#1230=VERTEX_POINT('',#3873);
#1231=VERTEX_POINT('',#3877);
#1232=VERTEX_POINT('',#3881);
#1233=VERTEX_POINT('',#3885);
#1234=VERTEX_POINT('',#3889);
#1235=VERTEX_POINT('',#3893);
#1236=VERTEX_POINT('',#3897);
#1237=VERTEX_POINT('',#3899);
#1238=VERTEX_POINT('',#3905);
#1239=VERTEX_POINT('',#3907);
#1240=VERTEX_POINT('',#3914);
#1241=VERTEX_POINT('',#3918);
#1242=VERTEX_POINT('',#3923);
#1243=VERTEX_POINT('',#3929);
#1244=VERTEX_POINT('',#3937);
#1245=VERTEX_POINT('',#3938);
#1246=VERTEX_POINT('',#3940);
#1247=VERTEX_POINT('',#3942);
#1248=VERTEX_POINT('',#3946);
#1249=VERTEX_POINT('',#3948);
#1250=VERTEX_POINT('',#3952);
#1251=VERTEX_POINT('',#3954);
#1252=VERTEX_POINT('',#3962);
#1253=VERTEX_POINT('',#3963);
#1254=VERTEX_POINT('',#3965);
#1255=VERTEX_POINT('',#3967);
#1256=VERTEX_POINT('',#3971);
#1257=VERTEX_POINT('',#3973);
#1258=VERTEX_POINT('',#3977);
#1259=VERTEX_POINT('',#3979);
#1260=VERTEX_POINT('',#3987);
#1261=VERTEX_POINT('',#3989);
#1262=VERTEX_POINT('',#3993);
#1263=VERTEX_POINT('',#3995);
#1264=VERTEX_POINT('',#3999);
#1265=VERTEX_POINT('',#4001);
#1266=VERTEX_POINT('',#4005);
#1267=VERTEX_POINT('',#4007);
#1268=VERTEX_POINT('',#4011);
#1269=VERTEX_POINT('',#4012);
#1270=VERTEX_POINT('',#4014);
#1271=VERTEX_POINT('',#4016);
#1272=VERTEX_POINT('',#4020);
#1273=VERTEX_POINT('',#4022);
#1274=VERTEX_POINT('',#4026);
#1275=VERTEX_POINT('',#4028);
#1276=VERTEX_POINT('',#4032);
#1277=VERTEX_POINT('',#4034);
#1278=VERTEX_POINT('',#4038);
#1279=VERTEX_POINT('',#4040);
#1280=EDGE_CURVE('',#1072,#1072,#952,.T.);
#1281=EDGE_CURVE('',#1072,#1073,#566,.T.);
#1282=EDGE_CURVE('',#1073,#1073,#953,.T.);
#1283=EDGE_CURVE('',#1074,#1074,#954,.T.);
#1284=EDGE_CURVE('',#1074,#1072,#567,.T.);
#1285=EDGE_CURVE('',#1075,#1075,#955,.T.);
#1286=EDGE_CURVE('',#1076,#1076,#956,.T.);
#1287=EDGE_CURVE('',#1077,#1077,#957,.T.);
#1288=EDGE_CURVE('',#1078,#1078,#958,.T.);
#1289=EDGE_CURVE('',#1074,#1079,#568,.T.);
#1290=EDGE_CURVE('',#1079,#1079,#959,.T.);
#1291=EDGE_CURVE('',#1080,#1080,#960,.T.);
#1292=EDGE_CURVE('',#1081,#1081,#961,.T.);
#1293=EDGE_CURVE('',#1081,#1080,#569,.T.);
#1294=EDGE_CURVE('',#1082,#1082,#962,.T.);
#1295=EDGE_CURVE('',#1083,#1083,#963,.T.);
#1296=EDGE_CURVE('',#1083,#1082,#570,.T.);
#1297=EDGE_CURVE('',#1078,#1084,#571,.T.);
#1298=EDGE_CURVE('',#1084,#1084,#964,.T.);
#1299=EDGE_CURVE('',#1077,#1085,#572,.T.);
#1300=EDGE_CURVE('',#1085,#1085,#965,.T.);
#1301=EDGE_CURVE('',#1076,#1086,#573,.T.);
#1302=EDGE_CURVE('',#1086,#1086,#966,.T.);
#1303=EDGE_CURVE('',#1075,#1087,#574,.T.);
#1304=EDGE_CURVE('',#1087,#1087,#967,.T.);
#1305=EDGE_CURVE('',#1088,#1088,#968,.T.);
#1306=EDGE_CURVE('',#1088,#1089,#575,.T.);
#1307=EDGE_CURVE('',#1089,#1089,#969,.T.);
#1308=EDGE_CURVE('',#1090,#1090,#970,.T.);
#1309=EDGE_CURVE('',#1090,#1091,#576,.T.);
#1310=EDGE_CURVE('',#1091,#1091,#971,.T.);
#1311=EDGE_CURVE('',#1092,#1092,#972,.T.);
#1312=EDGE_CURVE('',#1092,#1093,#577,.T.);
#1313=EDGE_CURVE('',#1093,#1093,#973,.T.);
#1314=EDGE_CURVE('',#1094,#1094,#974,.T.);
#1315=EDGE_CURVE('',#1094,#1095,#578,.T.);
#1316=EDGE_CURVE('',#1095,#1095,#975,.T.);
#1317=EDGE_CURVE('',#1096,#1096,#976,.T.);
#1318=EDGE_CURVE('',#1096,#1097,#579,.T.);
#1319=EDGE_CURVE('',#1097,#1097,#977,.T.);
#1320=EDGE_CURVE('',#1098,#1098,#978,.T.);
#1321=EDGE_CURVE('',#1098,#1099,#580,.T.);
#1322=EDGE_CURVE('',#1099,#1099,#979,.T.);
#1323=EDGE_CURVE('',#1100,#1100,#980,.T.);
#1324=EDGE_CURVE('',#1100,#1101,#581,.T.);
#1325=EDGE_CURVE('',#1101,#1101,#981,.T.);
#1326=EDGE_CURVE('',#1102,#1102,#982,.T.);
#1327=EDGE_CURVE('',#1102,#1103,#582,.T.);
#1328=EDGE_CURVE('',#1103,#1103,#983,.T.);
#1329=EDGE_CURVE('',#1104,#1105,#583,.T.);
#1330=EDGE_CURVE('',#1105,#1106,#584,.T.);
#1331=EDGE_CURVE('',#1107,#1106,#585,.T.);
#1332=EDGE_CURVE('',#1104,#1107,#586,.T.);
#1333=EDGE_CURVE('',#1104,#1108,#984,.T.);
#1334=EDGE_CURVE('',#1109,#1107,#985,.T.);
#1335=EDGE_CURVE('',#1108,#1109,#587,.T.);
#1336=EDGE_CURVE('',#1110,#1108,#588,.T.);
#1337=EDGE_CURVE('',#1111,#1109,#589,.T.);
#1338=EDGE_CURVE('',#1110,#1111,#590,.T.);
#1339=EDGE_CURVE('',#1112,#1110,#986,.T.);
#1340=EDGE_CURVE('',#1113,#1111,#987,.T.);
#1341=EDGE_CURVE('',#1112,#1113,#591,.T.);
#1342=EDGE_CURVE('',#1114,#1112,#592,.T.);
#1343=EDGE_CURVE('',#1115,#1113,#593,.T.);
#1344=EDGE_CURVE('',#1114,#1115,#594,.T.);
#1345=EDGE_CURVE('',#1116,#1114,#988,.T.);
#1346=EDGE_CURVE('',#1117,#1115,#989,.T.);
#1347=EDGE_CURVE('',#1116,#1117,#595,.T.);
#1348=EDGE_CURVE('',#1116,#1118,#596,.T.);
#1349=EDGE_CURVE('',#1119,#1117,#597,.T.);
#1350=EDGE_CURVE('',#1118,#1119,#598,.T.);
#1351=EDGE_CURVE('',#1118,#1120,#990,.T.);
#1352=EDGE_CURVE('',#1121,#1119,#991,.T.);
#1353=EDGE_CURVE('',#1120,#1121,#599,.T.);
#1354=EDGE_CURVE('',#1120,#1122,#600,.T.);
#1355=EDGE_CURVE('',#1123,#1121,#601,.T.);
#1356=EDGE_CURVE('',#1122,#1123,#602,.T.);
#1357=EDGE_CURVE('',#1124,#1122,#992,.T.);
#1358=EDGE_CURVE('',#1125,#1123,#993,.T.);
#1359=EDGE_CURVE('',#1124,#1125,#603,.T.);
#1360=EDGE_CURVE('',#1124,#1126,#604,.T.);
#1361=EDGE_CURVE('',#1127,#1125,#605,.T.);
#1362=EDGE_CURVE('',#1126,#1127,#606,.T.);
#1363=EDGE_CURVE('',#1128,#1126,#994,.T.);
#1364=EDGE_CURVE('',#1129,#1127,#995,.T.);
#1365=EDGE_CURVE('',#1128,#1129,#607,.T.);
#1366=EDGE_CURVE('',#1128,#1130,#608,.T.);
#1367=EDGE_CURVE('',#1131,#1129,#609,.T.);
#1368=EDGE_CURVE('',#1130,#1131,#610,.T.);
#1369=EDGE_CURVE('',#1130,#1132,#996,.T.);
#1370=EDGE_CURVE('',#1133,#1131,#997,.T.);
#1371=EDGE_CURVE('',#1132,#1133,#611,.T.);
#1372=EDGE_CURVE('',#1134,#1132,#612,.T.);
#1373=EDGE_CURVE('',#1135,#1133,#613,.T.);
#1374=EDGE_CURVE('',#1134,#1135,#614,.T.);
#1375=EDGE_CURVE('',#1136,#1134,#998,.T.);
#1376=EDGE_CURVE('',#1137,#1135,#999,.T.);
#1377=EDGE_CURVE('',#1136,#1137,#615,.T.);
#1378=EDGE_CURVE('',#1138,#1136,#616,.T.);
#1379=EDGE_CURVE('',#1139,#1137,#617,.T.);
#1380=EDGE_CURVE('',#1138,#1139,#618,.T.);
#1381=EDGE_CURVE('',#1140,#1138,#1000,.T.);
#1382=EDGE_CURVE('',#1141,#1139,#1001,.T.);
#1383=EDGE_CURVE('',#1140,#1141,#619,.T.);
#1384=EDGE_CURVE('',#1142,#1140,#620,.T.);
#1385=EDGE_CURVE('',#1143,#1141,#621,.T.);
#1386=EDGE_CURVE('',#1142,#1143,#622,.T.);
#1387=EDGE_CURVE('',#1142,#1144,#1002,.T.);
#1388=EDGE_CURVE('',#1145,#1143,#1003,.T.);
#1389=EDGE_CURVE('',#1144,#1145,#623,.T.);
#1390=EDGE_CURVE('',#1146,#1144,#624,.T.);
#1391=EDGE_CURVE('',#1147,#1145,#625,.T.);
#1392=EDGE_CURVE('',#1146,#1147,#626,.T.);
#1393=EDGE_CURVE('',#1148,#1146,#1004,.T.);
#1394=EDGE_CURVE('',#1149,#1147,#1005,.T.);
#1395=EDGE_CURVE('',#1148,#1149,#627,.T.);
#1396=EDGE_CURVE('',#1148,#1150,#628,.T.);
#1397=EDGE_CURVE('',#1151,#1149,#629,.T.);
#1398=EDGE_CURVE('',#1150,#1151,#630,.T.);
#1399=EDGE_CURVE('',#1105,#1150,#1006,.T.);
#1400=EDGE_CURVE('',#1106,#1151,#1007,.T.);
#1401=EDGE_CURVE('',#1152,#1152,#1008,.T.);
#1402=EDGE_CURVE('',#1152,#1153,#631,.T.);
#1403=EDGE_CURVE('',#1153,#1153,#1009,.T.);
#1404=EDGE_CURVE('',#1154,#1154,#1010,.T.);
#1405=EDGE_CURVE('',#1154,#1155,#632,.T.);
#1406=EDGE_CURVE('',#1155,#1155,#1011,.T.);
#1407=EDGE_CURVE('',#1156,#1156,#1012,.T.);
#1408=EDGE_CURVE('',#1156,#1157,#633,.T.);
#1409=EDGE_CURVE('',#1157,#1157,#1013,.T.);
#1410=EDGE_CURVE('',#1158,#1158,#1014,.T.);
#1411=EDGE_CURVE('',#1158,#1159,#634,.T.);
#1412=EDGE_CURVE('',#1159,#1159,#1015,.T.);
#1413=EDGE_CURVE('',#1160,#1160,#1016,.T.);
#1414=EDGE_CURVE('',#1160,#1161,#635,.T.);
#1415=EDGE_CURVE('',#1161,#1161,#1017,.T.);
#1416=EDGE_CURVE('',#1162,#1162,#1018,.T.);
#1417=EDGE_CURVE('',#1162,#1163,#636,.T.);
#1418=EDGE_CURVE('',#1163,#1163,#1019,.T.);
#1419=EDGE_CURVE('',#1164,#1164,#1020,.T.);
#1420=EDGE_CURVE('',#1164,#1165,#637,.T.);
#1421=EDGE_CURVE('',#1165,#1165,#1021,.T.);
#1422=EDGE_CURVE('',#1166,#1167,#638,.T.);
#1423=EDGE_CURVE('',#1167,#1168,#639,.T.);
#1424=EDGE_CURVE('',#1169,#1168,#640,.T.);
#1425=EDGE_CURVE('',#1166,#1169,#641,.T.);
#1426=EDGE_CURVE('',#1170,#1166,#642,.T.);
#1427=EDGE_CURVE('',#1171,#1169,#643,.T.);
#1428=EDGE_CURVE('',#1170,#1171,#644,.T.);
#1429=EDGE_CURVE('',#1172,#1170,#645,.T.);
#1430=EDGE_CURVE('',#1173,#1171,#646,.T.);
#1431=EDGE_CURVE('',#1172,#1173,#647,.T.);
#1432=EDGE_CURVE('',#1174,#1172,#648,.T.);
#1433=EDGE_CURVE('',#1175,#1173,#649,.T.);
#1434=EDGE_CURVE('',#1174,#1175,#650,.T.);
#1435=EDGE_CURVE('',#1176,#1174,#651,.T.);
#1436=EDGE_CURVE('',#1177,#1175,#652,.T.);
#1437=EDGE_CURVE('',#1176,#1177,#653,.T.);
#1438=EDGE_CURVE('',#1178,#1176,#654,.T.);
#1439=EDGE_CURVE('',#1179,#1177,#655,.T.);
#1440=EDGE_CURVE('',#1178,#1179,#656,.T.);
#1441=EDGE_CURVE('',#1167,#1178,#657,.T.);
#1442=EDGE_CURVE('',#1168,#1179,#658,.T.);
#1443=EDGE_CURVE('',#1180,#1180,#1022,.T.);
#1444=EDGE_CURVE('',#1181,#1181,#1023,.T.);
#1445=EDGE_CURVE('',#1182,#1182,#1024,.T.);
#1446=EDGE_CURVE('',#1182,#1183,#659,.T.);
#1447=EDGE_CURVE('',#1183,#1183,#1025,.T.);
#1448=EDGE_CURVE('',#1181,#1184,#660,.T.);
#1449=EDGE_CURVE('',#1184,#1184,#1026,.T.);
#1450=EDGE_CURVE('',#1180,#1185,#661,.T.);
#1451=EDGE_CURVE('',#1185,#1185,#1027,.T.);
#1452=EDGE_CURVE('',#1186,#1186,#1028,.T.);
#1453=EDGE_CURVE('',#1187,#1187,#1029,.T.);
#1454=EDGE_CURVE('',#1187,#1186,#662,.T.);
#1455=EDGE_CURVE('',#1188,#1189,#1030,.T.);
#1456=EDGE_CURVE('',#1190,#1188,#663,.T.);
#1457=EDGE_CURVE('',#1191,#1190,#1031,.T.);
#1458=EDGE_CURVE('',#1192,#1191,#664,.T.);
#1459=EDGE_CURVE('',#1193,#1192,#1032,.T.);
#1460=EDGE_CURVE('',#1189,#1193,#665,.T.);
#1461=EDGE_CURVE('',#1194,#1194,#1033,.T.);
#1462=EDGE_CURVE('',#1190,#1195,#666,.T.);
#1463=EDGE_CURVE('',#1195,#1196,#1034,.T.);
#1464=EDGE_CURVE('',#1196,#1191,#667,.T.);
#1465=EDGE_CURVE('',#1197,#1188,#668,.T.);
#1466=EDGE_CURVE('',#1195,#1197,#669,.T.);
#1467=EDGE_CURVE('',#1189,#1198,#670,.T.);
#1468=EDGE_CURVE('',#1198,#1197,#1035,.T.);
#1469=EDGE_CURVE('',#1199,#1200,#1036,.T.);
#1470=EDGE_CURVE('',#1201,#1199,#671,.T.);
#1471=EDGE_CURVE('',#1202,#1201,#1037,.T.);
#1472=EDGE_CURVE('',#1203,#1202,#672,.T.);
#1473=EDGE_CURVE('',#1204,#1203,#1038,.T.);
#1474=EDGE_CURVE('',#1200,#1204,#673,.T.);
#1475=EDGE_CURVE('',#1205,#1205,#1039,.T.);
#1476=EDGE_CURVE('',#1206,#1199,#674,.T.);
#1477=EDGE_CURVE('',#1207,#1206,#675,.T.);
#1478=EDGE_CURVE('',#1201,#1207,#676,.T.);
#1479=EDGE_CURVE('',#1200,#1208,#677,.T.);
#1480=EDGE_CURVE('',#1208,#1206,#1040,.T.);
#1481=EDGE_CURVE('',#1209,#1204,#678,.T.);
#1482=EDGE_CURVE('',#1209,#1208,#679,.T.);
#1483=EDGE_CURVE('',#1210,#1211,#1041,.T.);
#1484=EDGE_CURVE('',#1212,#1210,#680,.T.);
#1485=EDGE_CURVE('',#1213,#1212,#1042,.T.);
#1486=EDGE_CURVE('',#1214,#1213,#681,.T.);
#1487=EDGE_CURVE('',#1215,#1214,#1043,.T.);
#1488=EDGE_CURVE('',#1211,#1215,#682,.T.);
#1489=EDGE_CURVE('',#1216,#1216,#1044,.T.);
#1490=EDGE_CURVE('',#1212,#1217,#683,.T.);
#1491=EDGE_CURVE('',#1217,#1218,#1045,.T.);
#1492=EDGE_CURVE('',#1218,#1213,#684,.T.);
#1493=EDGE_CURVE('',#1219,#1210,#685,.T.);
#1494=EDGE_CURVE('',#1217,#1219,#686,.T.);
#1495=EDGE_CURVE('',#1211,#1220,#687,.T.);
#1496=EDGE_CURVE('',#1220,#1219,#1046,.T.);
#1497=EDGE_CURVE('',#1221,#1222,#1047,.T.);
#1498=EDGE_CURVE('',#1223,#1221,#688,.T.);
#1499=EDGE_CURVE('',#1224,#1223,#1048,.T.);
#1500=EDGE_CURVE('',#1225,#1224,#689,.T.);
#1501=EDGE_CURVE('',#1226,#1225,#1049,.T.);
#1502=EDGE_CURVE('',#1222,#1226,#690,.T.);
#1503=EDGE_CURVE('',#1227,#1227,#1050,.T.);
#1504=EDGE_CURVE('',#1228,#1221,#691,.T.);
#1505=EDGE_CURVE('',#1229,#1228,#692,.T.);
#1506=EDGE_CURVE('',#1223,#1229,#693,.T.);
#1507=EDGE_CURVE('',#1222,#1230,#694,.T.);
#1508=EDGE_CURVE('',#1230,#1228,#1051,.T.);
#1509=EDGE_CURVE('',#1231,#1226,#695,.T.);
#1510=EDGE_CURVE('',#1231,#1230,#696,.T.);
#1511=EDGE_CURVE('',#1203,#1232,#697,.T.);
#1512=EDGE_CURVE('',#1232,#1209,#1052,.T.);
#1513=EDGE_CURVE('',#1225,#1233,#698,.T.);
#1514=EDGE_CURVE('',#1233,#1231,#1053,.T.);
#1515=EDGE_CURVE('',#1207,#1234,#1054,.T.);
#1516=EDGE_CURVE('',#1234,#1202,#699,.T.);
#1517=EDGE_CURVE('',#1229,#1235,#1055,.T.);
#1518=EDGE_CURVE('',#1235,#1224,#700,.T.);
#1519=EDGE_CURVE('',#1214,#1236,#701,.T.);
#1520=EDGE_CURVE('',#1236,#1237,#1056,.T.);
#1521=EDGE_CURVE('',#1237,#1215,#702,.T.);
#1522=EDGE_CURVE('',#1237,#1220,#703,.T.);
#1523=EDGE_CURVE('',#1192,#1238,#704,.T.);
#1524=EDGE_CURVE('',#1238,#1239,#1057,.T.);
#1525=EDGE_CURVE('',#1239,#1193,#705,.T.);
#1526=EDGE_CURVE('',#1239,#1198,#706,.T.);
#1527=EDGE_CURVE('',#1196,#1238,#707,.T.);
#1528=EDGE_CURVE('',#1240,#1240,#1058,.T.);
#1529=EDGE_CURVE('',#1218,#1236,#708,.T.);
#1530=EDGE_CURVE('',#1241,#1241,#1059,.T.);
#1531=EDGE_CURVE('',#1240,#1194,#709,.T.);
#1532=EDGE_CURVE('',#1205,#1242,#710,.T.);
#1533=EDGE_CURVE('',#1242,#1242,#1060,.T.);
#1534=EDGE_CURVE('',#1241,#1216,#711,.T.);
#1535=EDGE_CURVE('',#1227,#1243,#712,.T.);
#1536=EDGE_CURVE('',#1243,#1243,#1061,.T.);
#1537=EDGE_CURVE('',#1235,#1233,#713,.T.);
#1538=EDGE_CURVE('',#1234,#1232,#714,.T.);
#1539=EDGE_CURVE('',#1244,#1245,#715,.T.);
#1540=EDGE_CURVE('',#1244,#1246,#716,.T.);
#1541=EDGE_CURVE('',#1247,#1246,#717,.T.);
#1542=EDGE_CURVE('',#1245,#1247,#718,.T.);
#1543=EDGE_CURVE('',#1245,#1248,#719,.T.);
#1544=EDGE_CURVE('',#1249,#1247,#720,.T.);
#1545=EDGE_CURVE('',#1248,#1249,#721,.T.);
#1546=EDGE_CURVE('',#1248,#1250,#722,.T.);
#1547=EDGE_CURVE('',#1251,#1249,#723,.T.);
#1548=EDGE_CURVE('',#1250,#1251,#724,.T.);
#1549=EDGE_CURVE('',#1250,#1244,#725,.T.);
#1550=EDGE_CURVE('',#1246,#1251,#726,.T.);
#1551=EDGE_CURVE('',#1252,#1253,#727,.T.);
#1552=EDGE_CURVE('',#1252,#1254,#728,.T.);
#1553=EDGE_CURVE('',#1255,#1254,#729,.T.);
#1554=EDGE_CURVE('',#1253,#1255,#730,.T.);
#1555=EDGE_CURVE('',#1253,#1256,#731,.T.);
#1556=EDGE_CURVE('',#1257,#1255,#732,.T.);
#1557=EDGE_CURVE('',#1256,#1257,#733,.T.);
#1558=EDGE_CURVE('',#1256,#1258,#734,.T.);
#1559=EDGE_CURVE('',#1259,#1257,#735,.T.);
#1560=EDGE_CURVE('',#1258,#1259,#736,.T.);
#1561=EDGE_CURVE('',#1258,#1252,#737,.T.);
#1562=EDGE_CURVE('',#1254,#1259,#738,.T.);
#1563=EDGE_CURVE('',#1260,#1260,#1062,.T.);
#1564=EDGE_CURVE('',#1260,#1261,#739,.T.);
#1565=EDGE_CURVE('',#1261,#1261,#1063,.T.);
#1566=EDGE_CURVE('',#1262,#1262,#1064,.T.);
#1567=EDGE_CURVE('',#1262,#1263,#740,.T.);
#1568=EDGE_CURVE('',#1263,#1263,#1065,.T.);
#1569=EDGE_CURVE('',#1264,#1264,#1066,.T.);
#1570=EDGE_CURVE('',#1264,#1265,#741,.T.);
#1571=EDGE_CURVE('',#1265,#1265,#1067,.T.);
#1572=EDGE_CURVE('',#1266,#1266,#1068,.T.);
#1573=EDGE_CURVE('',#1266,#1267,#742,.T.);
#1574=EDGE_CURVE('',#1267,#1267,#1069,.T.);
#1575=EDGE_CURVE('',#1268,#1269,#743,.T.);
#1576=EDGE_CURVE('',#1268,#1270,#744,.T.);
#1577=EDGE_CURVE('',#1271,#1270,#745,.T.);
#1578=EDGE_CURVE('',#1269,#1271,#746,.T.);
#1579=EDGE_CURVE('',#1269,#1272,#1070,.T.);
#1580=EDGE_CURVE('',#1273,#1271,#1071,.T.);
#1581=EDGE_CURVE('',#1272,#1273,#747,.T.);
#1582=EDGE_CURVE('',#1274,#1272,#748,.T.);
#1583=EDGE_CURVE('',#1275,#1273,#749,.T.);
#1584=EDGE_CURVE('',#1274,#1275,#750,.T.);
#1585=EDGE_CURVE('',#1276,#1274,#751,.T.);
#1586=EDGE_CURVE('',#1277,#1275,#752,.T.);
#1587=EDGE_CURVE('',#1276,#1277,#753,.T.);
#1588=EDGE_CURVE('',#1278,#1276,#754,.T.);
#1589=EDGE_CURVE('',#1279,#1277,#755,.T.);
#1590=EDGE_CURVE('',#1278,#1279,#756,.T.);
#1591=EDGE_CURVE('',#1268,#1278,#757,.T.);
#1592=EDGE_CURVE('',#1270,#1279,#758,.T.);
#1593=ORIENTED_EDGE('',*,*,#1280,.T.);
#1594=ORIENTED_EDGE('',*,*,#1281,.T.);
#1595=ORIENTED_EDGE('',*,*,#1282,.T.);
#1596=ORIENTED_EDGE('',*,*,#1281,.F.);
#1597=ORIENTED_EDGE('',*,*,#1283,.F.);
#1598=ORIENTED_EDGE('',*,*,#1284,.T.);
#1599=ORIENTED_EDGE('',*,*,#1280,.F.);
#1600=ORIENTED_EDGE('',*,*,#1284,.F.);
#1601=ORIENTED_EDGE('',*,*,#1282,.F.);
#1602=ORIENTED_EDGE('',*,*,#1285,.T.);
#1603=ORIENTED_EDGE('',*,*,#1286,.T.);
#1604=ORIENTED_EDGE('',*,*,#1287,.T.);
#1605=ORIENTED_EDGE('',*,*,#1288,.T.);
#1606=ORIENTED_EDGE('',*,*,#1283,.T.);
#1607=ORIENTED_EDGE('',*,*,#1289,.T.);
#1608=ORIENTED_EDGE('',*,*,#1290,.T.);
#1609=ORIENTED_EDGE('',*,*,#1289,.F.);
#1610=ORIENTED_EDGE('',*,*,#1290,.F.);
#1611=ORIENTED_EDGE('',*,*,#1291,.T.);
#1612=ORIENTED_EDGE('',*,*,#1292,.F.);
#1613=ORIENTED_EDGE('',*,*,#1293,.T.);
#1614=ORIENTED_EDGE('',*,*,#1291,.F.);
#1615=ORIENTED_EDGE('',*,*,#1293,.F.);
#1616=ORIENTED_EDGE('',*,*,#1292,.T.);
#1617=ORIENTED_EDGE('',*,*,#1294,.F.);
#1618=ORIENTED_EDGE('',*,*,#1295,.F.);
#1619=ORIENTED_EDGE('',*,*,#1296,.T.);
#1620=ORIENTED_EDGE('',*,*,#1294,.T.);
#1621=ORIENTED_EDGE('',*,*,#1296,.F.);
#1622=ORIENTED_EDGE('',*,*,#1295,.T.);
#1623=ORIENTED_EDGE('',*,*,#1288,.F.);
#1624=ORIENTED_EDGE('',*,*,#1297,.T.);
#1625=ORIENTED_EDGE('',*,*,#1298,.T.);
#1626=ORIENTED_EDGE('',*,*,#1297,.F.);
#1627=ORIENTED_EDGE('',*,*,#1298,.F.);
#1628=ORIENTED_EDGE('',*,*,#1287,.F.);
#1629=ORIENTED_EDGE('',*,*,#1299,.T.);
#1630=ORIENTED_EDGE('',*,*,#1300,.T.);
#1631=ORIENTED_EDGE('',*,*,#1299,.F.);
#1632=ORIENTED_EDGE('',*,*,#1300,.F.);
#1633=ORIENTED_EDGE('',*,*,#1286,.F.);
#1634=ORIENTED_EDGE('',*,*,#1301,.T.);
#1635=ORIENTED_EDGE('',*,*,#1302,.T.);
#1636=ORIENTED_EDGE('',*,*,#1301,.F.);
#1637=ORIENTED_EDGE('',*,*,#1302,.F.);
#1638=ORIENTED_EDGE('',*,*,#1285,.F.);
#1639=ORIENTED_EDGE('',*,*,#1303,.T.);
#1640=ORIENTED_EDGE('',*,*,#1304,.T.);
#1641=ORIENTED_EDGE('',*,*,#1303,.F.);
#1642=ORIENTED_EDGE('',*,*,#1304,.F.);
#1643=ORIENTED_EDGE('',*,*,#1305,.F.);
#1644=ORIENTED_EDGE('',*,*,#1306,.T.);
#1645=ORIENTED_EDGE('',*,*,#1307,.T.);
#1646=ORIENTED_EDGE('',*,*,#1306,.F.);
#1647=ORIENTED_EDGE('',*,*,#1308,.F.);
#1648=ORIENTED_EDGE('',*,*,#1309,.T.);
#1649=ORIENTED_EDGE('',*,*,#1310,.T.);
#1650=ORIENTED_EDGE('',*,*,#1309,.F.);
#1651=ORIENTED_EDGE('',*,*,#1311,.F.);
#1652=ORIENTED_EDGE('',*,*,#1312,.T.);
#1653=ORIENTED_EDGE('',*,*,#1313,.T.);
#1654=ORIENTED_EDGE('',*,*,#1312,.F.);
#1655=ORIENTED_EDGE('',*,*,#1314,.F.);
#1656=ORIENTED_EDGE('',*,*,#1315,.T.);
#1657=ORIENTED_EDGE('',*,*,#1316,.T.);
#1658=ORIENTED_EDGE('',*,*,#1315,.F.);
#1659=ORIENTED_EDGE('',*,*,#1317,.F.);
#1660=ORIENTED_EDGE('',*,*,#1318,.T.);
#1661=ORIENTED_EDGE('',*,*,#1319,.T.);
#1662=ORIENTED_EDGE('',*,*,#1318,.F.);
#1663=ORIENTED_EDGE('',*,*,#1320,.F.);
#1664=ORIENTED_EDGE('',*,*,#1321,.T.);
#1665=ORIENTED_EDGE('',*,*,#1322,.T.);
#1666=ORIENTED_EDGE('',*,*,#1321,.F.);
#1667=ORIENTED_EDGE('',*,*,#1323,.F.);
#1668=ORIENTED_EDGE('',*,*,#1324,.T.);
#1669=ORIENTED_EDGE('',*,*,#1325,.T.);
#1670=ORIENTED_EDGE('',*,*,#1324,.F.);
#1671=ORIENTED_EDGE('',*,*,#1326,.F.);
#1672=ORIENTED_EDGE('',*,*,#1327,.T.);
#1673=ORIENTED_EDGE('',*,*,#1328,.T.);
#1674=ORIENTED_EDGE('',*,*,#1327,.F.);
#1675=ORIENTED_EDGE('',*,*,#1329,.T.);
#1676=ORIENTED_EDGE('',*,*,#1330,.T.);
#1677=ORIENTED_EDGE('',*,*,#1331,.F.);
#1678=ORIENTED_EDGE('',*,*,#1332,.F.);
#1679=ORIENTED_EDGE('',*,*,#1333,.F.);
#1680=ORIENTED_EDGE('',*,*,#1332,.T.);
#1681=ORIENTED_EDGE('',*,*,#1334,.F.);
#1682=ORIENTED_EDGE('',*,*,#1335,.F.);
#1683=ORIENTED_EDGE('',*,*,#1336,.T.);
#1684=ORIENTED_EDGE('',*,*,#1335,.T.);
#1685=ORIENTED_EDGE('',*,*,#1337,.F.);
#1686=ORIENTED_EDGE('',*,*,#1338,.F.);
#1687=ORIENTED_EDGE('',*,*,#1339,.T.);
#1688=ORIENTED_EDGE('',*,*,#1338,.T.);
#1689=ORIENTED_EDGE('',*,*,#1340,.F.);
#1690=ORIENTED_EDGE('',*,*,#1341,.F.);
#1691=ORIENTED_EDGE('',*,*,#1342,.T.);
#1692=ORIENTED_EDGE('',*,*,#1341,.T.);
#1693=ORIENTED_EDGE('',*,*,#1343,.F.);
#1694=ORIENTED_EDGE('',*,*,#1344,.F.);
#1695=ORIENTED_EDGE('',*,*,#1345,.T.);
#1696=ORIENTED_EDGE('',*,*,#1344,.T.);
#1697=ORIENTED_EDGE('',*,*,#1346,.F.);
#1698=ORIENTED_EDGE('',*,*,#1347,.F.);
#1699=ORIENTED_EDGE('',*,*,#1348,.F.);
#1700=ORIENTED_EDGE('',*,*,#1347,.T.);
#1701=ORIENTED_EDGE('',*,*,#1349,.F.);
#1702=ORIENTED_EDGE('',*,*,#1350,.F.);
#1703=ORIENTED_EDGE('',*,*,#1351,.F.);
#1704=ORIENTED_EDGE('',*,*,#1350,.T.);
#1705=ORIENTED_EDGE('',*,*,#1352,.F.);
#1706=ORIENTED_EDGE('',*,*,#1353,.F.);
#1707=ORIENTED_EDGE('',*,*,#1354,.F.);
#1708=ORIENTED_EDGE('',*,*,#1353,.T.);
#1709=ORIENTED_EDGE('',*,*,#1355,.F.);
#1710=ORIENTED_EDGE('',*,*,#1356,.F.);
#1711=ORIENTED_EDGE('',*,*,#1357,.T.);
#1712=ORIENTED_EDGE('',*,*,#1356,.T.);
#1713=ORIENTED_EDGE('',*,*,#1358,.F.);
#1714=ORIENTED_EDGE('',*,*,#1359,.F.);
#1715=ORIENTED_EDGE('',*,*,#1360,.F.);
#1716=ORIENTED_EDGE('',*,*,#1359,.T.);
#1717=ORIENTED_EDGE('',*,*,#1361,.F.);
#1718=ORIENTED_EDGE('',*,*,#1362,.F.);
#1719=ORIENTED_EDGE('',*,*,#1363,.T.);
#1720=ORIENTED_EDGE('',*,*,#1362,.T.);
#1721=ORIENTED_EDGE('',*,*,#1364,.F.);
#1722=ORIENTED_EDGE('',*,*,#1365,.F.);
#1723=ORIENTED_EDGE('',*,*,#1366,.F.);
#1724=ORIENTED_EDGE('',*,*,#1365,.T.);
#1725=ORIENTED_EDGE('',*,*,#1367,.F.);
#1726=ORIENTED_EDGE('',*,*,#1368,.F.);
#1727=ORIENTED_EDGE('',*,*,#1369,.F.);
#1728=ORIENTED_EDGE('',*,*,#1368,.T.);
#1729=ORIENTED_EDGE('',*,*,#1370,.F.);
#1730=ORIENTED_EDGE('',*,*,#1371,.F.);
#1731=ORIENTED_EDGE('',*,*,#1372,.T.);
#1732=ORIENTED_EDGE('',*,*,#1371,.T.);
#1733=ORIENTED_EDGE('',*,*,#1373,.F.);
#1734=ORIENTED_EDGE('',*,*,#1374,.F.);
#1735=ORIENTED_EDGE('',*,*,#1375,.T.);
#1736=ORIENTED_EDGE('',*,*,#1374,.T.);
#1737=ORIENTED_EDGE('',*,*,#1376,.F.);
#1738=ORIENTED_EDGE('',*,*,#1377,.F.);
#1739=ORIENTED_EDGE('',*,*,#1378,.T.);
#1740=ORIENTED_EDGE('',*,*,#1377,.T.);
#1741=ORIENTED_EDGE('',*,*,#1379,.F.);
#1742=ORIENTED_EDGE('',*,*,#1380,.F.);
#1743=ORIENTED_EDGE('',*,*,#1381,.T.);
#1744=ORIENTED_EDGE('',*,*,#1380,.T.);
#1745=ORIENTED_EDGE('',*,*,#1382,.F.);
#1746=ORIENTED_EDGE('',*,*,#1383,.F.);
#1747=ORIENTED_EDGE('',*,*,#1384,.T.);
#1748=ORIENTED_EDGE('',*,*,#1383,.T.);
#1749=ORIENTED_EDGE('',*,*,#1385,.F.);
#1750=ORIENTED_EDGE('',*,*,#1386,.F.);
#1751=ORIENTED_EDGE('',*,*,#1387,.F.);
#1752=ORIENTED_EDGE('',*,*,#1386,.T.);
#1753=ORIENTED_EDGE('',*,*,#1388,.F.);
#1754=ORIENTED_EDGE('',*,*,#1389,.F.);
#1755=ORIENTED_EDGE('',*,*,#1390,.T.);
#1756=ORIENTED_EDGE('',*,*,#1389,.T.);
#1757=ORIENTED_EDGE('',*,*,#1391,.F.);
#1758=ORIENTED_EDGE('',*,*,#1392,.F.);
#1759=ORIENTED_EDGE('',*,*,#1393,.T.);
#1760=ORIENTED_EDGE('',*,*,#1392,.T.);
#1761=ORIENTED_EDGE('',*,*,#1394,.F.);
#1762=ORIENTED_EDGE('',*,*,#1395,.F.);
#1763=ORIENTED_EDGE('',*,*,#1396,.F.);
#1764=ORIENTED_EDGE('',*,*,#1395,.T.);
#1765=ORIENTED_EDGE('',*,*,#1397,.F.);
#1766=ORIENTED_EDGE('',*,*,#1398,.F.);
#1767=ORIENTED_EDGE('',*,*,#1399,.T.);
#1768=ORIENTED_EDGE('',*,*,#1398,.T.);
#1769=ORIENTED_EDGE('',*,*,#1400,.F.);
#1770=ORIENTED_EDGE('',*,*,#1330,.F.);
#1771=ORIENTED_EDGE('',*,*,#1400,.T.);
#1772=ORIENTED_EDGE('',*,*,#1397,.T.);
#1773=ORIENTED_EDGE('',*,*,#1394,.T.);
#1774=ORIENTED_EDGE('',*,*,#1391,.T.);
#1775=ORIENTED_EDGE('',*,*,#1388,.T.);
#1776=ORIENTED_EDGE('',*,*,#1385,.T.);
#1777=ORIENTED_EDGE('',*,*,#1382,.T.);
#1778=ORIENTED_EDGE('',*,*,#1379,.T.);
#1779=ORIENTED_EDGE('',*,*,#1376,.T.);
#1780=ORIENTED_EDGE('',*,*,#1373,.T.);
#1781=ORIENTED_EDGE('',*,*,#1370,.T.);
#1782=ORIENTED_EDGE('',*,*,#1367,.T.);
#1783=ORIENTED_EDGE('',*,*,#1364,.T.);
#1784=ORIENTED_EDGE('',*,*,#1361,.T.);
#1785=ORIENTED_EDGE('',*,*,#1358,.T.);
#1786=ORIENTED_EDGE('',*,*,#1355,.T.);
#1787=ORIENTED_EDGE('',*,*,#1352,.T.);
#1788=ORIENTED_EDGE('',*,*,#1349,.T.);
#1789=ORIENTED_EDGE('',*,*,#1346,.T.);
#1790=ORIENTED_EDGE('',*,*,#1343,.T.);
#1791=ORIENTED_EDGE('',*,*,#1340,.T.);
#1792=ORIENTED_EDGE('',*,*,#1337,.T.);
#1793=ORIENTED_EDGE('',*,*,#1334,.T.);
#1794=ORIENTED_EDGE('',*,*,#1331,.T.);
#1795=ORIENTED_EDGE('',*,*,#1326,.T.);
#1796=ORIENTED_EDGE('',*,*,#1323,.T.);
#1797=ORIENTED_EDGE('',*,*,#1320,.T.);
#1798=ORIENTED_EDGE('',*,*,#1317,.T.);
#1799=ORIENTED_EDGE('',*,*,#1314,.T.);
#1800=ORIENTED_EDGE('',*,*,#1311,.T.);
#1801=ORIENTED_EDGE('',*,*,#1308,.T.);
#1802=ORIENTED_EDGE('',*,*,#1305,.T.);
#1803=ORIENTED_EDGE('',*,*,#1399,.F.);
#1804=ORIENTED_EDGE('',*,*,#1329,.F.);
#1805=ORIENTED_EDGE('',*,*,#1333,.T.);
#1806=ORIENTED_EDGE('',*,*,#1336,.F.);
#1807=ORIENTED_EDGE('',*,*,#1339,.F.);
#1808=ORIENTED_EDGE('',*,*,#1342,.F.);
#1809=ORIENTED_EDGE('',*,*,#1345,.F.);
#1810=ORIENTED_EDGE('',*,*,#1348,.T.);
#1811=ORIENTED_EDGE('',*,*,#1351,.T.);
#1812=ORIENTED_EDGE('',*,*,#1354,.T.);
#1813=ORIENTED_EDGE('',*,*,#1357,.F.);
#1814=ORIENTED_EDGE('',*,*,#1360,.T.);
#1815=ORIENTED_EDGE('',*,*,#1363,.F.);
#1816=ORIENTED_EDGE('',*,*,#1366,.T.);
#1817=ORIENTED_EDGE('',*,*,#1369,.T.);
#1818=ORIENTED_EDGE('',*,*,#1372,.F.);
#1819=ORIENTED_EDGE('',*,*,#1375,.F.);
#1820=ORIENTED_EDGE('',*,*,#1378,.F.);
#1821=ORIENTED_EDGE('',*,*,#1381,.F.);
#1822=ORIENTED_EDGE('',*,*,#1384,.F.);
#1823=ORIENTED_EDGE('',*,*,#1387,.T.);
#1824=ORIENTED_EDGE('',*,*,#1390,.F.);
#1825=ORIENTED_EDGE('',*,*,#1393,.F.);
#1826=ORIENTED_EDGE('',*,*,#1396,.T.);
#1827=ORIENTED_EDGE('',*,*,#1328,.F.);
#1828=ORIENTED_EDGE('',*,*,#1325,.F.);
#1829=ORIENTED_EDGE('',*,*,#1322,.F.);
#1830=ORIENTED_EDGE('',*,*,#1319,.F.);
#1831=ORIENTED_EDGE('',*,*,#1316,.F.);
#1832=ORIENTED_EDGE('',*,*,#1313,.F.);
#1833=ORIENTED_EDGE('',*,*,#1310,.F.);
#1834=ORIENTED_EDGE('',*,*,#1307,.F.);
#1835=ORIENTED_EDGE('',*,*,#1401,.F.);
#1836=ORIENTED_EDGE('',*,*,#1402,.T.);
#1837=ORIENTED_EDGE('',*,*,#1403,.T.);
#1838=ORIENTED_EDGE('',*,*,#1402,.F.);
#1839=ORIENTED_EDGE('',*,*,#1404,.F.);
#1840=ORIENTED_EDGE('',*,*,#1405,.T.);
#1841=ORIENTED_EDGE('',*,*,#1406,.T.);
#1842=ORIENTED_EDGE('',*,*,#1405,.F.);
#1843=ORIENTED_EDGE('',*,*,#1407,.F.);
#1844=ORIENTED_EDGE('',*,*,#1408,.T.);
#1845=ORIENTED_EDGE('',*,*,#1409,.T.);
#1846=ORIENTED_EDGE('',*,*,#1408,.F.);
#1847=ORIENTED_EDGE('',*,*,#1410,.F.);
#1848=ORIENTED_EDGE('',*,*,#1411,.T.);
#1849=ORIENTED_EDGE('',*,*,#1412,.T.);
#1850=ORIENTED_EDGE('',*,*,#1411,.F.);
#1851=ORIENTED_EDGE('',*,*,#1413,.F.);
#1852=ORIENTED_EDGE('',*,*,#1414,.T.);
#1853=ORIENTED_EDGE('',*,*,#1415,.T.);
#1854=ORIENTED_EDGE('',*,*,#1414,.F.);
#1855=ORIENTED_EDGE('',*,*,#1416,.F.);
#1856=ORIENTED_EDGE('',*,*,#1417,.T.);
#1857=ORIENTED_EDGE('',*,*,#1418,.T.);
#1858=ORIENTED_EDGE('',*,*,#1417,.F.);
#1859=ORIENTED_EDGE('',*,*,#1419,.F.);
#1860=ORIENTED_EDGE('',*,*,#1420,.T.);
#1861=ORIENTED_EDGE('',*,*,#1421,.T.);
#1862=ORIENTED_EDGE('',*,*,#1420,.F.);
#1863=ORIENTED_EDGE('',*,*,#1422,.T.);
#1864=ORIENTED_EDGE('',*,*,#1423,.T.);
#1865=ORIENTED_EDGE('',*,*,#1424,.F.);
#1866=ORIENTED_EDGE('',*,*,#1425,.F.);
#1867=ORIENTED_EDGE('',*,*,#1426,.T.);
#1868=ORIENTED_EDGE('',*,*,#1425,.T.);
#1869=ORIENTED_EDGE('',*,*,#1427,.F.);
#1870=ORIENTED_EDGE('',*,*,#1428,.F.);
#1871=ORIENTED_EDGE('',*,*,#1429,.T.);
#1872=ORIENTED_EDGE('',*,*,#1428,.T.);
#1873=ORIENTED_EDGE('',*,*,#1430,.F.);
#1874=ORIENTED_EDGE('',*,*,#1431,.F.);
#1875=ORIENTED_EDGE('',*,*,#1432,.T.);
#1876=ORIENTED_EDGE('',*,*,#1431,.T.);
#1877=ORIENTED_EDGE('',*,*,#1433,.F.);
#1878=ORIENTED_EDGE('',*,*,#1434,.F.);
#1879=ORIENTED_EDGE('',*,*,#1435,.T.);
#1880=ORIENTED_EDGE('',*,*,#1434,.T.);
#1881=ORIENTED_EDGE('',*,*,#1436,.F.);
#1882=ORIENTED_EDGE('',*,*,#1437,.F.);
#1883=ORIENTED_EDGE('',*,*,#1438,.T.);
#1884=ORIENTED_EDGE('',*,*,#1437,.T.);
#1885=ORIENTED_EDGE('',*,*,#1439,.F.);
#1886=ORIENTED_EDGE('',*,*,#1440,.F.);
#1887=ORIENTED_EDGE('',*,*,#1441,.T.);
#1888=ORIENTED_EDGE('',*,*,#1440,.T.);
#1889=ORIENTED_EDGE('',*,*,#1442,.F.);
#1890=ORIENTED_EDGE('',*,*,#1423,.F.);
#1891=ORIENTED_EDGE('',*,*,#1442,.T.);
#1892=ORIENTED_EDGE('',*,*,#1439,.T.);
#1893=ORIENTED_EDGE('',*,*,#1436,.T.);
#1894=ORIENTED_EDGE('',*,*,#1433,.T.);
#1895=ORIENTED_EDGE('',*,*,#1430,.T.);
#1896=ORIENTED_EDGE('',*,*,#1427,.T.);
#1897=ORIENTED_EDGE('',*,*,#1424,.T.);
#1898=ORIENTED_EDGE('',*,*,#1419,.T.);
#1899=ORIENTED_EDGE('',*,*,#1416,.T.);
#1900=ORIENTED_EDGE('',*,*,#1413,.T.);
#1901=ORIENTED_EDGE('',*,*,#1410,.T.);
#1902=ORIENTED_EDGE('',*,*,#1407,.T.);
#1903=ORIENTED_EDGE('',*,*,#1404,.T.);
#1904=ORIENTED_EDGE('',*,*,#1401,.T.);
#1905=ORIENTED_EDGE('',*,*,#1441,.F.);
#1906=ORIENTED_EDGE('',*,*,#1422,.F.);
#1907=ORIENTED_EDGE('',*,*,#1426,.F.);
#1908=ORIENTED_EDGE('',*,*,#1429,.F.);
#1909=ORIENTED_EDGE('',*,*,#1432,.F.);
#1910=ORIENTED_EDGE('',*,*,#1435,.F.);
#1911=ORIENTED_EDGE('',*,*,#1438,.F.);
#1912=ORIENTED_EDGE('',*,*,#1421,.F.);
#1913=ORIENTED_EDGE('',*,*,#1418,.F.);
#1914=ORIENTED_EDGE('',*,*,#1415,.F.);
#1915=ORIENTED_EDGE('',*,*,#1412,.F.);
#1916=ORIENTED_EDGE('',*,*,#1409,.F.);
#1917=ORIENTED_EDGE('',*,*,#1406,.F.);
#1918=ORIENTED_EDGE('',*,*,#1403,.F.);
#1919=ORIENTED_EDGE('',*,*,#1443,.T.);
#1920=ORIENTED_EDGE('',*,*,#1444,.F.);
#1921=ORIENTED_EDGE('',*,*,#1445,.F.);
#1922=ORIENTED_EDGE('',*,*,#1445,.T.);
#1923=ORIENTED_EDGE('',*,*,#1446,.T.);
#1924=ORIENTED_EDGE('',*,*,#1447,.T.);
#1925=ORIENTED_EDGE('',*,*,#1446,.F.);
#1926=ORIENTED_EDGE('',*,*,#1447,.F.);
#1927=ORIENTED_EDGE('',*,*,#1444,.T.);
#1928=ORIENTED_EDGE('',*,*,#1448,.T.);
#1929=ORIENTED_EDGE('',*,*,#1449,.F.);
#1930=ORIENTED_EDGE('',*,*,#1448,.F.);
#1931=ORIENTED_EDGE('',*,*,#1443,.F.);
#1932=ORIENTED_EDGE('',*,*,#1450,.T.);
#1933=ORIENTED_EDGE('',*,*,#1451,.T.);
#1934=ORIENTED_EDGE('',*,*,#1450,.F.);
#1935=ORIENTED_EDGE('',*,*,#1452,.F.);
#1936=ORIENTED_EDGE('',*,*,#1451,.F.);
#1937=ORIENTED_EDGE('',*,*,#1453,.F.);
#1938=ORIENTED_EDGE('',*,*,#1454,.T.);
#1939=ORIENTED_EDGE('',*,*,#1452,.T.);
#1940=ORIENTED_EDGE('',*,*,#1454,.F.);
#1941=ORIENTED_EDGE('',*,*,#1453,.T.);
#1942=ORIENTED_EDGE('',*,*,#1449,.T.);
#1943=ORIENTED_EDGE('',*,*,#1455,.F.);
#1944=ORIENTED_EDGE('',*,*,#1456,.F.);
#1945=ORIENTED_EDGE('',*,*,#1457,.F.);
#1946=ORIENTED_EDGE('',*,*,#1458,.F.);
#1947=ORIENTED_EDGE('',*,*,#1459,.F.);
#1948=ORIENTED_EDGE('',*,*,#1460,.F.);
#1949=ORIENTED_EDGE('',*,*,#1461,.F.);
#1950=ORIENTED_EDGE('',*,*,#1457,.T.);
#1951=ORIENTED_EDGE('',*,*,#1462,.T.);
#1952=ORIENTED_EDGE('',*,*,#1463,.T.);
#1953=ORIENTED_EDGE('',*,*,#1464,.T.);
#1954=ORIENTED_EDGE('',*,*,#1456,.T.);
#1955=ORIENTED_EDGE('',*,*,#1465,.F.);
#1956=ORIENTED_EDGE('',*,*,#1466,.F.);
#1957=ORIENTED_EDGE('',*,*,#1462,.F.);
#1958=ORIENTED_EDGE('',*,*,#1455,.T.);
#1959=ORIENTED_EDGE('',*,*,#1467,.T.);
#1960=ORIENTED_EDGE('',*,*,#1468,.T.);
#1961=ORIENTED_EDGE('',*,*,#1465,.T.);
#1962=ORIENTED_EDGE('',*,*,#1469,.F.);
#1963=ORIENTED_EDGE('',*,*,#1470,.F.);
#1964=ORIENTED_EDGE('',*,*,#1471,.F.);
#1965=ORIENTED_EDGE('',*,*,#1472,.F.);
#1966=ORIENTED_EDGE('',*,*,#1473,.F.);
#1967=ORIENTED_EDGE('',*,*,#1474,.F.);
#1968=ORIENTED_EDGE('',*,*,#1475,.F.);
#1969=ORIENTED_EDGE('',*,*,#1470,.T.);
#1970=ORIENTED_EDGE('',*,*,#1476,.F.);
#1971=ORIENTED_EDGE('',*,*,#1477,.F.);
#1972=ORIENTED_EDGE('',*,*,#1478,.F.);
#1973=ORIENTED_EDGE('',*,*,#1469,.T.);
#1974=ORIENTED_EDGE('',*,*,#1479,.T.);
#1975=ORIENTED_EDGE('',*,*,#1480,.T.);
#1976=ORIENTED_EDGE('',*,*,#1476,.T.);
#1977=ORIENTED_EDGE('',*,*,#1474,.T.);
#1978=ORIENTED_EDGE('',*,*,#1481,.F.);
#1979=ORIENTED_EDGE('',*,*,#1482,.T.);
#1980=ORIENTED_EDGE('',*,*,#1479,.F.);
#1981=ORIENTED_EDGE('',*,*,#1483,.F.);
#1982=ORIENTED_EDGE('',*,*,#1484,.F.);
#1983=ORIENTED_EDGE('',*,*,#1485,.F.);
#1984=ORIENTED_EDGE('',*,*,#1486,.F.);
#1985=ORIENTED_EDGE('',*,*,#1487,.F.);
#1986=ORIENTED_EDGE('',*,*,#1488,.F.);
#1987=ORIENTED_EDGE('',*,*,#1489,.F.);
#1988=ORIENTED_EDGE('',*,*,#1485,.T.);
#1989=ORIENTED_EDGE('',*,*,#1490,.T.);
#1990=ORIENTED_EDGE('',*,*,#1491,.T.);
#1991=ORIENTED_EDGE('',*,*,#1492,.T.);
#1992=ORIENTED_EDGE('',*,*,#1484,.T.);
#1993=ORIENTED_EDGE('',*,*,#1493,.F.);
#1994=ORIENTED_EDGE('',*,*,#1494,.F.);
#1995=ORIENTED_EDGE('',*,*,#1490,.F.);
#1996=ORIENTED_EDGE('',*,*,#1483,.T.);
#1997=ORIENTED_EDGE('',*,*,#1495,.T.);
#1998=ORIENTED_EDGE('',*,*,#1496,.T.);
#1999=ORIENTED_EDGE('',*,*,#1493,.T.);
#2000=ORIENTED_EDGE('',*,*,#1497,.F.);
#2001=ORIENTED_EDGE('',*,*,#1498,.F.);
#2002=ORIENTED_EDGE('',*,*,#1499,.F.);
#2003=ORIENTED_EDGE('',*,*,#1500,.F.);
#2004=ORIENTED_EDGE('',*,*,#1501,.F.);
#2005=ORIENTED_EDGE('',*,*,#1502,.F.);
#2006=ORIENTED_EDGE('',*,*,#1503,.F.);
#2007=ORIENTED_EDGE('',*,*,#1498,.T.);
#2008=ORIENTED_EDGE('',*,*,#1504,.F.);
#2009=ORIENTED_EDGE('',*,*,#1505,.F.);
#2010=ORIENTED_EDGE('',*,*,#1506,.F.);
#2011=ORIENTED_EDGE('',*,*,#1497,.T.);
#2012=ORIENTED_EDGE('',*,*,#1507,.T.);
#2013=ORIENTED_EDGE('',*,*,#1508,.T.);
#2014=ORIENTED_EDGE('',*,*,#1504,.T.);
#2015=ORIENTED_EDGE('',*,*,#1502,.T.);
#2016=ORIENTED_EDGE('',*,*,#1509,.F.);
#2017=ORIENTED_EDGE('',*,*,#1510,.T.);
#2018=ORIENTED_EDGE('',*,*,#1507,.F.);
#2019=ORIENTED_EDGE('',*,*,#1473,.T.);
#2020=ORIENTED_EDGE('',*,*,#1511,.T.);
#2021=ORIENTED_EDGE('',*,*,#1512,.T.);
#2022=ORIENTED_EDGE('',*,*,#1481,.T.);
#2023=ORIENTED_EDGE('',*,*,#1501,.T.);
#2024=ORIENTED_EDGE('',*,*,#1513,.T.);
#2025=ORIENTED_EDGE('',*,*,#1514,.T.);
#2026=ORIENTED_EDGE('',*,*,#1509,.T.);
#2027=ORIENTED_EDGE('',*,*,#1471,.T.);
#2028=ORIENTED_EDGE('',*,*,#1478,.T.);
#2029=ORIENTED_EDGE('',*,*,#1515,.T.);
#2030=ORIENTED_EDGE('',*,*,#1516,.T.);
#2031=ORIENTED_EDGE('',*,*,#1499,.T.);
#2032=ORIENTED_EDGE('',*,*,#1506,.T.);
#2033=ORIENTED_EDGE('',*,*,#1517,.T.);
#2034=ORIENTED_EDGE('',*,*,#1518,.T.);
#2035=ORIENTED_EDGE('',*,*,#1487,.T.);
#2036=ORIENTED_EDGE('',*,*,#1519,.T.);
#2037=ORIENTED_EDGE('',*,*,#1520,.T.);
#2038=ORIENTED_EDGE('',*,*,#1521,.T.);
#2039=ORIENTED_EDGE('',*,*,#1488,.T.);
#2040=ORIENTED_EDGE('',*,*,#1521,.F.);
#2041=ORIENTED_EDGE('',*,*,#1522,.T.);
#2042=ORIENTED_EDGE('',*,*,#1495,.F.);
#2043=ORIENTED_EDGE('',*,*,#1459,.T.);
#2044=ORIENTED_EDGE('',*,*,#1523,.T.);
#2045=ORIENTED_EDGE('',*,*,#1524,.T.);
#2046=ORIENTED_EDGE('',*,*,#1525,.T.);
#2047=ORIENTED_EDGE('',*,*,#1460,.T.);
#2048=ORIENTED_EDGE('',*,*,#1525,.F.);
#2049=ORIENTED_EDGE('',*,*,#1526,.T.);
#2050=ORIENTED_EDGE('',*,*,#1467,.F.);
#2051=ORIENTED_EDGE('',*,*,#1468,.F.);
#2052=ORIENTED_EDGE('',*,*,#1526,.F.);
#2053=ORIENTED_EDGE('',*,*,#1524,.F.);
#2054=ORIENTED_EDGE('',*,*,#1527,.F.);
#2055=ORIENTED_EDGE('',*,*,#1463,.F.);
#2056=ORIENTED_EDGE('',*,*,#1466,.T.);
#2057=ORIENTED_EDGE('',*,*,#1528,.T.);
#2058=ORIENTED_EDGE('',*,*,#1496,.F.);
#2059=ORIENTED_EDGE('',*,*,#1522,.F.);
#2060=ORIENTED_EDGE('',*,*,#1520,.F.);
#2061=ORIENTED_EDGE('',*,*,#1529,.F.);
#2062=ORIENTED_EDGE('',*,*,#1491,.F.);
#2063=ORIENTED_EDGE('',*,*,#1494,.T.);
#2064=ORIENTED_EDGE('',*,*,#1530,.T.);
#2065=ORIENTED_EDGE('',*,*,#1528,.F.);
#2066=ORIENTED_EDGE('',*,*,#1531,.T.);
#2067=ORIENTED_EDGE('',*,*,#1461,.T.);
#2068=ORIENTED_EDGE('',*,*,#1531,.F.);
#2069=ORIENTED_EDGE('',*,*,#1475,.T.);
#2070=ORIENTED_EDGE('',*,*,#1532,.T.);
#2071=ORIENTED_EDGE('',*,*,#1533,.F.);
#2072=ORIENTED_EDGE('',*,*,#1532,.F.);
#2073=ORIENTED_EDGE('',*,*,#1530,.F.);
#2074=ORIENTED_EDGE('',*,*,#1534,.T.);
#2075=ORIENTED_EDGE('',*,*,#1489,.T.);
#2076=ORIENTED_EDGE('',*,*,#1534,.F.);
#2077=ORIENTED_EDGE('',*,*,#1503,.T.);
#2078=ORIENTED_EDGE('',*,*,#1535,.T.);
#2079=ORIENTED_EDGE('',*,*,#1536,.F.);
#2080=ORIENTED_EDGE('',*,*,#1535,.F.);
#2081=ORIENTED_EDGE('',*,*,#1508,.F.);
#2082=ORIENTED_EDGE('',*,*,#1510,.F.);
#2083=ORIENTED_EDGE('',*,*,#1514,.F.);
#2084=ORIENTED_EDGE('',*,*,#1537,.F.);
#2085=ORIENTED_EDGE('',*,*,#1517,.F.);
#2086=ORIENTED_EDGE('',*,*,#1505,.T.);
#2087=ORIENTED_EDGE('',*,*,#1536,.T.);
#2088=ORIENTED_EDGE('',*,*,#1480,.F.);
#2089=ORIENTED_EDGE('',*,*,#1482,.F.);
#2090=ORIENTED_EDGE('',*,*,#1512,.F.);
#2091=ORIENTED_EDGE('',*,*,#1538,.F.);
#2092=ORIENTED_EDGE('',*,*,#1515,.F.);
#2093=ORIENTED_EDGE('',*,*,#1477,.T.);
#2094=ORIENTED_EDGE('',*,*,#1533,.T.);
#2095=ORIENTED_EDGE('',*,*,#1539,.F.);
#2096=ORIENTED_EDGE('',*,*,#1540,.T.);
#2097=ORIENTED_EDGE('',*,*,#1541,.F.);
#2098=ORIENTED_EDGE('',*,*,#1542,.F.);
#2099=ORIENTED_EDGE('',*,*,#1543,.F.);
#2100=ORIENTED_EDGE('',*,*,#1542,.T.);
#2101=ORIENTED_EDGE('',*,*,#1544,.F.);
#2102=ORIENTED_EDGE('',*,*,#1545,.F.);
#2103=ORIENTED_EDGE('',*,*,#1546,.F.);
#2104=ORIENTED_EDGE('',*,*,#1545,.T.);
#2105=ORIENTED_EDGE('',*,*,#1547,.F.);
#2106=ORIENTED_EDGE('',*,*,#1548,.F.);
#2107=ORIENTED_EDGE('',*,*,#1549,.F.);
#2108=ORIENTED_EDGE('',*,*,#1548,.T.);
#2109=ORIENTED_EDGE('',*,*,#1550,.F.);
#2110=ORIENTED_EDGE('',*,*,#1540,.F.);
#2111=ORIENTED_EDGE('',*,*,#1550,.T.);
#2112=ORIENTED_EDGE('',*,*,#1547,.T.);
#2113=ORIENTED_EDGE('',*,*,#1544,.T.);
#2114=ORIENTED_EDGE('',*,*,#1541,.T.);
#2115=ORIENTED_EDGE('',*,*,#1551,.F.);
#2116=ORIENTED_EDGE('',*,*,#1552,.T.);
#2117=ORIENTED_EDGE('',*,*,#1553,.F.);
#2118=ORIENTED_EDGE('',*,*,#1554,.F.);
#2119=ORIENTED_EDGE('',*,*,#1555,.F.);
#2120=ORIENTED_EDGE('',*,*,#1554,.T.);
#2121=ORIENTED_EDGE('',*,*,#1556,.F.);
#2122=ORIENTED_EDGE('',*,*,#1557,.F.);
#2123=ORIENTED_EDGE('',*,*,#1558,.F.);
#2124=ORIENTED_EDGE('',*,*,#1557,.T.);
#2125=ORIENTED_EDGE('',*,*,#1559,.F.);
#2126=ORIENTED_EDGE('',*,*,#1560,.F.);
#2127=ORIENTED_EDGE('',*,*,#1561,.F.);
#2128=ORIENTED_EDGE('',*,*,#1560,.T.);
#2129=ORIENTED_EDGE('',*,*,#1562,.F.);
#2130=ORIENTED_EDGE('',*,*,#1552,.F.);
#2131=ORIENTED_EDGE('',*,*,#1562,.T.);
#2132=ORIENTED_EDGE('',*,*,#1559,.T.);
#2133=ORIENTED_EDGE('',*,*,#1556,.T.);
#2134=ORIENTED_EDGE('',*,*,#1553,.T.);
#2135=ORIENTED_EDGE('',*,*,#1563,.F.);
#2136=ORIENTED_EDGE('',*,*,#1564,.T.);
#2137=ORIENTED_EDGE('',*,*,#1565,.T.);
#2138=ORIENTED_EDGE('',*,*,#1564,.F.);
#2139=ORIENTED_EDGE('',*,*,#1566,.F.);
#2140=ORIENTED_EDGE('',*,*,#1567,.T.);
#2141=ORIENTED_EDGE('',*,*,#1568,.T.);
#2142=ORIENTED_EDGE('',*,*,#1567,.F.);
#2143=ORIENTED_EDGE('',*,*,#1569,.F.);
#2144=ORIENTED_EDGE('',*,*,#1570,.T.);
#2145=ORIENTED_EDGE('',*,*,#1571,.T.);
#2146=ORIENTED_EDGE('',*,*,#1570,.F.);
#2147=ORIENTED_EDGE('',*,*,#1572,.F.);
#2148=ORIENTED_EDGE('',*,*,#1573,.T.);
#2149=ORIENTED_EDGE('',*,*,#1574,.T.);
#2150=ORIENTED_EDGE('',*,*,#1573,.F.);
#2151=ORIENTED_EDGE('',*,*,#1575,.F.);
#2152=ORIENTED_EDGE('',*,*,#1576,.T.);
#2153=ORIENTED_EDGE('',*,*,#1577,.F.);
#2154=ORIENTED_EDGE('',*,*,#1578,.F.);
#2155=ORIENTED_EDGE('',*,*,#1579,.F.);
#2156=ORIENTED_EDGE('',*,*,#1578,.T.);
#2157=ORIENTED_EDGE('',*,*,#1580,.F.);
#2158=ORIENTED_EDGE('',*,*,#1581,.F.);
#2159=ORIENTED_EDGE('',*,*,#1582,.T.);
#2160=ORIENTED_EDGE('',*,*,#1581,.T.);
#2161=ORIENTED_EDGE('',*,*,#1583,.F.);
#2162=ORIENTED_EDGE('',*,*,#1584,.F.);
#2163=ORIENTED_EDGE('',*,*,#1585,.T.);
#2164=ORIENTED_EDGE('',*,*,#1584,.T.);
#2165=ORIENTED_EDGE('',*,*,#1586,.F.);
#2166=ORIENTED_EDGE('',*,*,#1587,.F.);
#2167=ORIENTED_EDGE('',*,*,#1588,.T.);
#2168=ORIENTED_EDGE('',*,*,#1587,.T.);
#2169=ORIENTED_EDGE('',*,*,#1589,.F.);
#2170=ORIENTED_EDGE('',*,*,#1590,.F.);
#2171=ORIENTED_EDGE('',*,*,#1591,.T.);
#2172=ORIENTED_EDGE('',*,*,#1590,.T.);
#2173=ORIENTED_EDGE('',*,*,#1592,.F.);
#2174=ORIENTED_EDGE('',*,*,#1576,.F.);
#2175=ORIENTED_EDGE('',*,*,#1592,.T.);
#2176=ORIENTED_EDGE('',*,*,#1589,.T.);
#2177=ORIENTED_EDGE('',*,*,#1586,.T.);
#2178=ORIENTED_EDGE('',*,*,#1583,.T.);
#2179=ORIENTED_EDGE('',*,*,#1580,.T.);
#2180=ORIENTED_EDGE('',*,*,#1577,.T.);
#2181=ORIENTED_EDGE('',*,*,#1516,.F.);
#2182=ORIENTED_EDGE('',*,*,#1538,.T.);
#2183=ORIENTED_EDGE('',*,*,#1511,.F.);
#2184=ORIENTED_EDGE('',*,*,#1472,.T.);
#2185=ORIENTED_EDGE('',*,*,#1518,.F.);
#2186=ORIENTED_EDGE('',*,*,#1537,.T.);
#2187=ORIENTED_EDGE('',*,*,#1513,.F.);
#2188=ORIENTED_EDGE('',*,*,#1500,.T.);
#2189=ORIENTED_EDGE('',*,*,#1492,.F.);
#2190=ORIENTED_EDGE('',*,*,#1529,.T.);
#2191=ORIENTED_EDGE('',*,*,#1519,.F.);
#2192=ORIENTED_EDGE('',*,*,#1486,.T.);
#2193=ORIENTED_EDGE('',*,*,#1464,.F.);
#2194=ORIENTED_EDGE('',*,*,#1527,.T.);
#2195=ORIENTED_EDGE('',*,*,#1523,.F.);
#2196=ORIENTED_EDGE('',*,*,#1458,.T.);
#2197=ORIENTED_EDGE('',*,*,#1572,.T.);
#2198=ORIENTED_EDGE('',*,*,#1569,.T.);
#2199=ORIENTED_EDGE('',*,*,#1566,.T.);
#2200=ORIENTED_EDGE('',*,*,#1563,.T.);
#2201=ORIENTED_EDGE('',*,*,#1591,.F.);
#2202=ORIENTED_EDGE('',*,*,#1575,.T.);
#2203=ORIENTED_EDGE('',*,*,#1579,.T.);
#2204=ORIENTED_EDGE('',*,*,#1582,.F.);
#2205=ORIENTED_EDGE('',*,*,#1585,.F.);
#2206=ORIENTED_EDGE('',*,*,#1588,.F.);
#2207=ORIENTED_EDGE('',*,*,#1539,.T.);
#2208=ORIENTED_EDGE('',*,*,#1543,.T.);
#2209=ORIENTED_EDGE('',*,*,#1546,.T.);
#2210=ORIENTED_EDGE('',*,*,#1549,.T.);
#2211=ORIENTED_EDGE('',*,*,#1551,.T.);
#2212=ORIENTED_EDGE('',*,*,#1555,.T.);
#2213=ORIENTED_EDGE('',*,*,#1558,.T.);
#2214=ORIENTED_EDGE('',*,*,#1561,.T.);
#2215=ORIENTED_EDGE('',*,*,#1574,.F.);
#2216=ORIENTED_EDGE('',*,*,#1571,.F.);
#2217=ORIENTED_EDGE('',*,*,#1568,.F.);
#2218=ORIENTED_EDGE('',*,*,#1565,.F.);
#2219=CONICAL_SURFACE('',#2414,13.5,0.785398163397448);
#2220=CONICAL_SURFACE('',#2424,12.5,0.785398163397448);
#2221=ADVANCED_FACE('',(#245),#2219,.T.);
#2222=ADVANCED_FACE('',(#246),#180,.T.);
#2223=ADVANCED_FACE('',(#247,#50,#51,#52,#53),#111,.F.);
#2224=ADVANCED_FACE('',(#248),#2220,.T.);
#2225=ADVANCED_FACE('',(#249,#54),#112,.T.);
#2226=ADVANCED_FACE('',(#250),#181,.T.);
#2227=ADVANCED_FACE('',(#251,#55),#113,.T.);
#2228=ADVANCED_FACE('',(#252),#182,.T.);
#2229=ADVANCED_FACE('',(#253),#114,.T.);
#2230=ADVANCED_FACE('',(#254),#183,.F.);
#2231=ADVANCED_FACE('',(#255),#115,.F.);
#2232=ADVANCED_FACE('',(#256),#184,.F.);
#2233=ADVANCED_FACE('',(#257),#116,.F.);
#2234=ADVANCED_FACE('',(#258),#185,.F.);
#2235=ADVANCED_FACE('',(#259),#117,.F.);
#2236=ADVANCED_FACE('',(#260),#186,.F.);
#2237=ADVANCED_FACE('',(#261),#118,.F.);
#2238=ADVANCED_FACE('',(#262),#187,.F.);
#2239=ADVANCED_FACE('',(#263),#188,.F.);
#2240=ADVANCED_FACE('',(#264),#189,.F.);
#2241=ADVANCED_FACE('',(#265),#190,.F.);
#2242=ADVANCED_FACE('',(#266),#191,.F.);
#2243=ADVANCED_FACE('',(#267),#192,.F.);
#2244=ADVANCED_FACE('',(#268),#193,.F.);
#2245=ADVANCED_FACE('',(#269),#194,.F.);
#2246=ADVANCED_FACE('',(#270),#119,.T.);
#2247=ADVANCED_FACE('',(#271),#195,.F.);
#2248=ADVANCED_FACE('',(#272),#120,.T.);
#2249=ADVANCED_FACE('',(#273),#196,.T.);
#2250=ADVANCED_FACE('',(#274),#121,.T.);
#2251=ADVANCED_FACE('',(#275),#197,.T.);
#2252=ADVANCED_FACE('',(#276),#122,.T.);
#2253=ADVANCED_FACE('',(#277),#198,.F.);
#2254=ADVANCED_FACE('',(#278),#123,.T.);
#2255=ADVANCED_FACE('',(#279),#199,.T.);
#2256=ADVANCED_FACE('',(#280),#124,.T.);
#2257=ADVANCED_FACE('',(#281),#200,.T.);
#2258=ADVANCED_FACE('',(#282),#125,.T.);
#2259=ADVANCED_FACE('',(#283),#201,.F.);
#2260=ADVANCED_FACE('',(#284),#126,.T.);
#2261=ADVANCED_FACE('',(#285),#202,.T.);
#2262=ADVANCED_FACE('',(#286),#127,.T.);
#2263=ADVANCED_FACE('',(#287),#203,.T.);
#2264=ADVANCED_FACE('',(#288),#128,.T.);
#2265=ADVANCED_FACE('',(#289),#204,.F.);
#2266=ADVANCED_FACE('',(#290),#129,.T.);
#2267=ADVANCED_FACE('',(#291),#205,.T.);
#2268=ADVANCED_FACE('',(#292),#130,.T.);
#2269=ADVANCED_FACE('',(#293),#206,.T.);
#2270=ADVANCED_FACE('',(#294,#56,#57,#58,#59,#60,#61,#62,#63),#131,.T.);
#2271=ADVANCED_FACE('',(#295,#64,#65,#66,#67,#68,#69,#70,#71),#132,.F.);
#2272=ADVANCED_FACE('',(#296),#207,.F.);
#2273=ADVANCED_FACE('',(#297),#208,.F.);
#2274=ADVANCED_FACE('',(#298),#209,.F.);
#2275=ADVANCED_FACE('',(#299),#210,.F.);
#2276=ADVANCED_FACE('',(#300),#211,.F.);
#2277=ADVANCED_FACE('',(#301),#212,.F.);
#2278=ADVANCED_FACE('',(#302),#213,.F.);
#2279=ADVANCED_FACE('',(#303),#133,.T.);
#2280=ADVANCED_FACE('',(#304),#134,.T.);
#2281=ADVANCED_FACE('',(#305),#135,.T.);
#2282=ADVANCED_FACE('',(#306),#136,.T.);
#2283=ADVANCED_FACE('',(#307),#137,.T.);
#2284=ADVANCED_FACE('',(#308),#138,.T.);
#2285=ADVANCED_FACE('',(#309),#139,.T.);
#2286=ADVANCED_FACE('',(#310,#72,#73,#74,#75,#76,#77,#78),#140,.T.);
#2287=ADVANCED_FACE('',(#311,#79,#80,#81,#82,#83,#84,#85),#141,.F.);
#2288=ADVANCED_FACE('',(#312),#142,.F.);
#2289=ADVANCED_FACE('',(#313,#86),#143,.T.);
#2290=ADVANCED_FACE('',(#314),#214,.F.);
#2291=ADVANCED_FACE('',(#315),#144,.T.);
#2292=ADVANCED_FACE('',(#316),#215,.T.);
#2293=ADVANCED_FACE('',(#317),#216,.T.);
#2294=ADVANCED_FACE('',(#318,#87),#145,.F.);
#2295=ADVANCED_FACE('',(#319),#217,.T.);
#2296=ADVANCED_FACE('',(#320,#88),#146,.T.);
#2297=ADVANCED_FACE('',(#321,#89),#147,.T.);
#2298=ADVANCED_FACE('',(#322),#218,.F.);
#2299=ADVANCED_FACE('',(#323),#148,.T.);
#2300=ADVANCED_FACE('',(#324),#219,.T.);
#2301=ADVANCED_FACE('',(#325,#90),#149,.T.);
#2302=ADVANCED_FACE('',(#326),#150,.T.);
#2303=ADVANCED_FACE('',(#327),#220,.T.);
#2304=ADVANCED_FACE('',(#328),#151,.T.);
#2305=ADVANCED_FACE('',(#329,#91),#152,.T.);
#2306=ADVANCED_FACE('',(#330),#221,.F.);
#2307=ADVANCED_FACE('',(#331),#153,.T.);
#2308=ADVANCED_FACE('',(#332),#222,.T.);
#2309=ADVANCED_FACE('',(#333,#92),#154,.T.);
#2310=ADVANCED_FACE('',(#334),#155,.T.);
#2311=ADVANCED_FACE('',(#335),#223,.T.);
#2312=ADVANCED_FACE('',(#336),#156,.T.);
#2313=ADVANCED_FACE('',(#337),#224,.F.);
#2314=ADVANCED_FACE('',(#338),#225,.F.);
#2315=ADVANCED_FACE('',(#339),#226,.F.);
#2316=ADVANCED_FACE('',(#340),#227,.F.);
#2317=ADVANCED_FACE('',(#341),#228,.F.);
#2318=ADVANCED_FACE('',(#342),#157,.T.);
#2319=ADVANCED_FACE('',(#343),#229,.F.);
#2320=ADVANCED_FACE('',(#344),#158,.T.);
#2321=ADVANCED_FACE('',(#345,#93),#159,.T.);
#2322=ADVANCED_FACE('',(#346,#94),#160,.T.);
#2323=ADVANCED_FACE('',(#347),#230,.F.);
#2324=ADVANCED_FACE('',(#348),#231,.F.);
#2325=ADVANCED_FACE('',(#349),#232,.F.);
#2326=ADVANCED_FACE('',(#350),#233,.F.);
#2327=ADVANCED_FACE('',(#351,#95),#161,.T.);
#2328=ADVANCED_FACE('',(#352,#96),#162,.T.);
#2329=ADVANCED_FACE('',(#353),#163,.T.);
#2330=ADVANCED_FACE('',(#354),#164,.T.);
#2331=ADVANCED_FACE('',(#355),#165,.T.);
#2332=ADVANCED_FACE('',(#356),#166,.T.);
#2333=ADVANCED_FACE('',(#357),#167,.T.);
#2334=ADVANCED_FACE('',(#358),#168,.T.);
#2335=ADVANCED_FACE('',(#359),#169,.T.);
#2336=ADVANCED_FACE('',(#360),#170,.T.);
#2337=ADVANCED_FACE('',(#361),#171,.T.);
#2338=ADVANCED_FACE('',(#362),#172,.T.);
#2339=ADVANCED_FACE('',(#363),#234,.F.);
#2340=ADVANCED_FACE('',(#364),#235,.F.);
#2341=ADVANCED_FACE('',(#365),#236,.F.);
#2342=ADVANCED_FACE('',(#366),#237,.F.);
#2343=ADVANCED_FACE('',(#367),#173,.T.);
#2344=ADVANCED_FACE('',(#368),#238,.F.);
#2345=ADVANCED_FACE('',(#369),#174,.T.);
#2346=ADVANCED_FACE('',(#370),#175,.T.);
#2347=ADVANCED_FACE('',(#371),#176,.T.);
#2348=ADVANCED_FACE('',(#372),#177,.T.);
#2349=ADVANCED_FACE('',(#373,#97,#98,#99,#100,#101,#102,#103,#104),#178,
 .T.);
#2350=ADVANCED_FACE('',(#374,#105,#106,#107,#108,#109,#110),#179,.F.);
#2351=CLOSED_SHELL('',(#2221,#2222,#2223,#2224,#2225,#2226,#2227,#2228,
#2229,#2230,#2231,#2232,#2233,#2234,#2235,#2236,#2237));
#2352=CLOSED_SHELL('',(#2238,#2239,#2240,#2241,#2242,#2243,#2244,#2245,
#2246,#2247,#2248,#2249,#2250,#2251,#2252,#2253,#2254,#2255,#2256,#2257,
#2258,#2259,#2260,#2261,#2262,#2263,#2264,#2265,#2266,#2267,#2268,#2269,
#2270,#2271));
#2353=CLOSED_SHELL('',(#2272,#2273,#2274,#2275,#2276,#2277,#2278,#2279,
#2280,#2281,#2282,#2283,#2284,#2285,#2286,#2287));
#2354=CLOSED_SHELL('',(#2288,#2289,#2290,#2291,#2292,#2293,#2294,#2295,
#2296));
#2355=CLOSED_SHELL('',(#2297,#2298,#2299,#2300,#2301,#2302,#2303,#2304,
#2305,#2306,#2307,#2308,#2309,#2310,#2311,#2312,#2313,#2314,#2315,#2316,
#2317,#2318,#2319,#2320,#2321,#2322,#2323,#2324,#2325,#2326,#2327,#2328,
#2329,#2330,#2331,#2332,#2333,#2334,#2335,#2336,#2337,#2338,#2339,#2340,
#2341,#2342,#2343,#2344,#2345,#2346,#2347,#2348,#2349,#2350));
#2356=DERIVED_UNIT_ELEMENT(#2366,1.);
#2357=DERIVED_UNIT_ELEMENT(#4069,-3.);
#2358=DERIVED_UNIT_ELEMENT(#2366,1.);
#2359=DERIVED_UNIT_ELEMENT(#4069,-3.);
#2360=DERIVED_UNIT_ELEMENT(#2366,1.);
#2361=DERIVED_UNIT_ELEMENT(#4069,-3.);
#2362=DERIVED_UNIT_ELEMENT(#2366,1.);
#2363=DERIVED_UNIT_ELEMENT(#4069,-3.);
#2364=DERIVED_UNIT_ELEMENT(#2366,1.);
#2365=DERIVED_UNIT_ELEMENT(#4069,-3.);
#2366=(
MASS_UNIT()
NAMED_UNIT(*)
SI_UNIT(.KILO.,.GRAM.)
);
#2367=DERIVED_UNIT((#2356,#2357));
#2368=DERIVED_UNIT((#2358,#2359));
#2369=DERIVED_UNIT((#2360,#2361));
#2370=DERIVED_UNIT((#2362,#2363));
#2371=DERIVED_UNIT((#2364,#2365));
#2372=MEASURE_REPRESENTATION_ITEM('density measure',
POSITIVE_RATIO_MEASURE(7850.),#2367);
#2373=MEASURE_REPRESENTATION_ITEM('density measure',
POSITIVE_RATIO_MEASURE(7850.),#2368);
#2374=MEASURE_REPRESENTATION_ITEM('density measure',
POSITIVE_RATIO_MEASURE(7850.),#2369);
#2375=MEASURE_REPRESENTATION_ITEM('density measure',
POSITIVE_RATIO_MEASURE(7850.),#2370);
#2376=MEASURE_REPRESENTATION_ITEM('density measure',
POSITIVE_RATIO_MEASURE(7850.),#2371);
#2377=PROPERTY_DEFINITION_REPRESENTATION(#2402,#2387);
#2378=PROPERTY_DEFINITION_REPRESENTATION(#2403,#2388);
#2379=PROPERTY_DEFINITION_REPRESENTATION(#2404,#2389);
#2380=PROPERTY_DEFINITION_REPRESENTATION(#2405,#2390);
#2381=PROPERTY_DEFINITION_REPRESENTATION(#2406,#2391);
#2382=PROPERTY_DEFINITION_REPRESENTATION(#2407,#2392);
#2383=PROPERTY_DEFINITION_REPRESENTATION(#2408,#2393);
#2384=PROPERTY_DEFINITION_REPRESENTATION(#2409,#2394);
#2385=PROPERTY_DEFINITION_REPRESENTATION(#2410,#2395);
#2386=PROPERTY_DEFINITION_REPRESENTATION(#2411,#2396);
#2387=REPRESENTATION('material name',(#2397),#4062);
#2388=REPRESENTATION('density',(#2372),#4062);
#2389=REPRESENTATION('material name',(#2398),#4063);
#2390=REPRESENTATION('density',(#2373),#4063);
#2391=REPRESENTATION('material name',(#2399),#4064);
#2392=REPRESENTATION('density',(#2374),#4064);
#2393=REPRESENTATION('material name',(#2400),#4065);
#2394=REPRESENTATION('density',(#2375),#4065);
#2395=REPRESENTATION('material name',(#2401),#4066);
#2396=REPRESENTATION('density',(#2376),#4066);
#2397=DESCRIPTIVE_REPRESENTATION_ITEM('Steel','Steel');
#2398=DESCRIPTIVE_REPRESENTATION_ITEM('Steel','Steel');
#2399=DESCRIPTIVE_REPRESENTATION_ITEM('Steel','Steel');
#2400=DESCRIPTIVE_REPRESENTATION_ITEM('Steel','Steel');
#2401=DESCRIPTIVE_REPRESENTATION_ITEM('Steel','Steel');
#2402=PROPERTY_DEFINITION('material property','material name',#4098);
#2403=PROPERTY_DEFINITION('material property','density of part',#4098);
#2404=PROPERTY_DEFINITION('material property','material name',#4099);
#2405=PROPERTY_DEFINITION('material property','density of part',#4099);
#2406=PROPERTY_DEFINITION('material property','material name',#4100);
#2407=PROPERTY_DEFINITION('material property','density of part',#4100);
#2408=PROPERTY_DEFINITION('material property','material name',#4101);
#2409=PROPERTY_DEFINITION('material property','density of part',#4101);
#2410=PROPERTY_DEFINITION('material property','material name',#4102);
#2411=PROPERTY_DEFINITION('material property','density of part',#4102);
#2412=AXIS2_PLACEMENT_3D('',#3391,#2674,#2675);
#2413=AXIS2_PLACEMENT_3D('',#3392,#2676,#2677);
#2414=AXIS2_PLACEMENT_3D('',#3393,#2678,#2679);
#2415=AXIS2_PLACEMENT_3D('',#3395,#2680,#2681);
#2416=AXIS2_PLACEMENT_3D('',#3398,#2683,#2684);
#2417=AXIS2_PLACEMENT_3D('',#3399,#2685,#2686);
#2418=AXIS2_PLACEMENT_3D('',#3401,#2687,#2688);
#2419=AXIS2_PLACEMENT_3D('',#3403,#2690,#2691);
#2420=AXIS2_PLACEMENT_3D('',#3405,#2692,#2693);
#2421=AXIS2_PLACEMENT_3D('',#3407,#2694,#2695);
#2422=AXIS2_PLACEMENT_3D('',#3409,#2696,#2697);
#2423=AXIS2_PLACEMENT_3D('',#3411,#2698,#2699);
#2424=AXIS2_PLACEMENT_3D('',#3412,#2700,#2701);
#2425=AXIS2_PLACEMENT_3D('',#3415,#2703,#2704);
#2426=AXIS2_PLACEMENT_3D('',#3416,#2705,#2706);
#2427=AXIS2_PLACEMENT_3D('',#3418,#2707,#2708);
#2428=AXIS2_PLACEMENT_3D('',#3419,#2709,#2710);
#2429=AXIS2_PLACEMENT_3D('',#3421,#2711,#2712);
#2430=AXIS2_PLACEMENT_3D('',#3423,#2714,#2715);
#2431=AXIS2_PLACEMENT_3D('',#3425,#2716,#2717);
#2432=AXIS2_PLACEMENT_3D('',#3426,#2718,#2719);
#2433=AXIS2_PLACEMENT_3D('',#3428,#2720,#2721);
#2434=AXIS2_PLACEMENT_3D('',#3430,#2723,#2724);
#2435=AXIS2_PLACEMENT_3D('',#3431,#2725,#2726);
#2436=AXIS2_PLACEMENT_3D('',#3434,#2728,#2729);
#2437=AXIS2_PLACEMENT_3D('',#3435,#2730,#2731);
#2438=AXIS2_PLACEMENT_3D('',#3436,#2732,#2733);
#2439=AXIS2_PLACEMENT_3D('',#3439,#2735,#2736);
#2440=AXIS2_PLACEMENT_3D('',#3440,#2737,#2738);
#2441=AXIS2_PLACEMENT_3D('',#3441,#2739,#2740);
#2442=AXIS2_PLACEMENT_3D('',#3444,#2742,#2743);
#2443=AXIS2_PLACEMENT_3D('',#3445,#2744,#2745);
#2444=AXIS2_PLACEMENT_3D('',#3446,#2746,#2747);
#2445=AXIS2_PLACEMENT_3D('',#3449,#2749,#2750);
#2446=AXIS2_PLACEMENT_3D('',#3450,#2751,#2752);
#2447=AXIS2_PLACEMENT_3D('',#3451,#2753,#2754);
#2448=AXIS2_PLACEMENT_3D('',#3452,#2755,#2756);
#2449=AXIS2_PLACEMENT_3D('',#3454,#2757,#2758);
#2450=AXIS2_PLACEMENT_3D('',#3457,#2760,#2761);
#2451=AXIS2_PLACEMENT_3D('',#3458,#2762,#2763);
#2452=AXIS2_PLACEMENT_3D('',#3460,#2764,#2765);
#2453=AXIS2_PLACEMENT_3D('',#3463,#2767,#2768);
#2454=AXIS2_PLACEMENT_3D('',#3464,#2769,#2770);
#2455=AXIS2_PLACEMENT_3D('',#3466,#2771,#2772);
#2456=AXIS2_PLACEMENT_3D('',#3469,#2774,#2775);
#2457=AXIS2_PLACEMENT_3D('',#3470,#2776,#2777);
#2458=AXIS2_PLACEMENT_3D('',#3472,#2778,#2779);
#2459=AXIS2_PLACEMENT_3D('',#3475,#2781,#2782);
#2460=AXIS2_PLACEMENT_3D('',#3476,#2783,#2784);
#2461=AXIS2_PLACEMENT_3D('',#3478,#2785,#2786);
#2462=AXIS2_PLACEMENT_3D('',#3481,#2788,#2789);
#2463=AXIS2_PLACEMENT_3D('',#3482,#2790,#2791);
#2464=AXIS2_PLACEMENT_3D('',#3484,#2792,#2793);
#2465=AXIS2_PLACEMENT_3D('',#3487,#2795,#2796);
#2466=AXIS2_PLACEMENT_3D('',#3488,#2797,#2798);
#2467=AXIS2_PLACEMENT_3D('',#3490,#2799,#2800);
#2468=AXIS2_PLACEMENT_3D('',#3493,#2802,#2803);
#2469=AXIS2_PLACEMENT_3D('',#3494,#2804,#2805);
#2470=AXIS2_PLACEMENT_3D('',#3496,#2806,#2807);
#2471=AXIS2_PLACEMENT_3D('',#3499,#2809,#2810);
#2472=AXIS2_PLACEMENT_3D('',#3500,#2811,#2812);
#2473=AXIS2_PLACEMENT_3D('',#3509,#2817,#2818);
#2474=AXIS2_PLACEMENT_3D('',#3511,#2819,#2820);
#2475=AXIS2_PLACEMENT_3D('',#3513,#2821,#2822);
#2476=AXIS2_PLACEMENT_3D('',#3515,#2824,#2825);
#2477=AXIS2_PLACEMENT_3D('',#3521,#2829,#2830);
#2478=AXIS2_PLACEMENT_3D('',#3523,#2831,#2832);
#2479=AXIS2_PLACEMENT_3D('',#3525,#2833,#2834);
#2480=AXIS2_PLACEMENT_3D('',#3527,#2836,#2837);
#2481=AXIS2_PLACEMENT_3D('',#3533,#2841,#2842);
#2482=AXIS2_PLACEMENT_3D('',#3535,#2843,#2844);
#2483=AXIS2_PLACEMENT_3D('',#3537,#2845,#2846);
#2484=AXIS2_PLACEMENT_3D('',#3539,#2848,#2849);
#2485=AXIS2_PLACEMENT_3D('',#3545,#2853,#2854);
#2486=AXIS2_PLACEMENT_3D('',#3547,#2855,#2856);
#2487=AXIS2_PLACEMENT_3D('',#3549,#2857,#2858);
#2488=AXIS2_PLACEMENT_3D('',#3551,#2860,#2861);
#2489=AXIS2_PLACEMENT_3D('',#3557,#2865,#2866);
#2490=AXIS2_PLACEMENT_3D('',#3559,#2867,#2868);
#2491=AXIS2_PLACEMENT_3D('',#3561,#2869,#2870);
#2492=AXIS2_PLACEMENT_3D('',#3563,#2872,#2873);
#2493=AXIS2_PLACEMENT_3D('',#3569,#2877,#2878);
#2494=AXIS2_PLACEMENT_3D('',#3571,#2879,#2880);
#2495=AXIS2_PLACEMENT_3D('',#3573,#2881,#2882);
#2496=AXIS2_PLACEMENT_3D('',#3575,#2884,#2885);
#2497=AXIS2_PLACEMENT_3D('',#3581,#2889,#2890);
#2498=AXIS2_PLACEMENT_3D('',#3583,#2891,#2892);
#2499=AXIS2_PLACEMENT_3D('',#3585,#2893,#2894);
#2500=AXIS2_PLACEMENT_3D('',#3587,#2896,#2897);
#2501=AXIS2_PLACEMENT_3D('',#3593,#2901,#2902);
#2502=AXIS2_PLACEMENT_3D('',#3595,#2903,#2904);
#2503=AXIS2_PLACEMENT_3D('',#3597,#2905,#2906);
#2504=AXIS2_PLACEMENT_3D('',#3599,#2908,#2909);
#2505=AXIS2_PLACEMENT_3D('',#3605,#2913,#2914);
#2506=AXIS2_PLACEMENT_3D('',#3607,#2915,#2916);
#2507=AXIS2_PLACEMENT_3D('',#3609,#2917,#2918);
#2508=AXIS2_PLACEMENT_3D('',#3611,#2920,#2921);
#2509=AXIS2_PLACEMENT_3D('',#3617,#2925,#2926);
#2510=AXIS2_PLACEMENT_3D('',#3619,#2927,#2928);
#2511=AXIS2_PLACEMENT_3D('',#3621,#2929,#2930);
#2512=AXIS2_PLACEMENT_3D('',#3623,#2932,#2933);
#2513=AXIS2_PLACEMENT_3D('',#3629,#2937,#2938);
#2514=AXIS2_PLACEMENT_3D('',#3631,#2939,#2940);
#2515=AXIS2_PLACEMENT_3D('',#3633,#2941,#2942);
#2516=AXIS2_PLACEMENT_3D('',#3635,#2944,#2945);
#2517=AXIS2_PLACEMENT_3D('',#3641,#2949,#2950);
#2518=AXIS2_PLACEMENT_3D('',#3642,#2951,#2952);
#2519=AXIS2_PLACEMENT_3D('',#3643,#2953,#2954);
#2520=AXIS2_PLACEMENT_3D('',#3644,#2955,#2956);
#2521=AXIS2_PLACEMENT_3D('',#3645,#2957,#2958);
#2522=AXIS2_PLACEMENT_3D('',#3646,#2959,#2960);
#2523=AXIS2_PLACEMENT_3D('',#3647,#2961,#2962);
#2524=AXIS2_PLACEMENT_3D('',#3649,#2963,#2964);
#2525=AXIS2_PLACEMENT_3D('',#3652,#2966,#2967);
#2526=AXIS2_PLACEMENT_3D('',#3653,#2968,#2969);
#2527=AXIS2_PLACEMENT_3D('',#3655,#2970,#2971);
#2528=AXIS2_PLACEMENT_3D('',#3658,#2973,#2974);
#2529=AXIS2_PLACEMENT_3D('',#3659,#2975,#2976);
#2530=AXIS2_PLACEMENT_3D('',#3661,#2977,#2978);
#2531=AXIS2_PLACEMENT_3D('',#3664,#2980,#2981);
#2532=AXIS2_PLACEMENT_3D('',#3665,#2982,#2983);
#2533=AXIS2_PLACEMENT_3D('',#3667,#2984,#2985);
#2534=AXIS2_PLACEMENT_3D('',#3670,#2987,#2988);
#2535=AXIS2_PLACEMENT_3D('',#3671,#2989,#2990);
#2536=AXIS2_PLACEMENT_3D('',#3673,#2991,#2992);
#2537=AXIS2_PLACEMENT_3D('',#3676,#2994,#2995);
#2538=AXIS2_PLACEMENT_3D('',#3677,#2996,#2997);
#2539=AXIS2_PLACEMENT_3D('',#3679,#2998,#2999);
#2540=AXIS2_PLACEMENT_3D('',#3682,#3001,#3002);
#2541=AXIS2_PLACEMENT_3D('',#3683,#3003,#3004);
#2542=AXIS2_PLACEMENT_3D('',#3685,#3005,#3006);
#2543=AXIS2_PLACEMENT_3D('',#3688,#3008,#3009);
#2544=AXIS2_PLACEMENT_3D('',#3689,#3010,#3011);
#2545=AXIS2_PLACEMENT_3D('',#3698,#3016,#3017);
#2546=AXIS2_PLACEMENT_3D('',#3704,#3021,#3022);
#2547=AXIS2_PLACEMENT_3D('',#3710,#3026,#3027);
#2548=AXIS2_PLACEMENT_3D('',#3716,#3031,#3032);
#2549=AXIS2_PLACEMENT_3D('',#3722,#3036,#3037);
#2550=AXIS2_PLACEMENT_3D('',#3728,#3041,#3042);
#2551=AXIS2_PLACEMENT_3D('',#3731,#3045,#3046);
#2552=AXIS2_PLACEMENT_3D('',#3732,#3047,#3048);
#2553=AXIS2_PLACEMENT_3D('',#3733,#3049,#3050);
#2554=AXIS2_PLACEMENT_3D('',#3734,#3051,#3052);
#2555=AXIS2_PLACEMENT_3D('',#3736,#3053,#3054);
#2556=AXIS2_PLACEMENT_3D('',#3737,#3055,#3056);
#2557=AXIS2_PLACEMENT_3D('',#3739,#3057,#3058);
#2558=AXIS2_PLACEMENT_3D('',#3741,#3059,#3060);
#2559=AXIS2_PLACEMENT_3D('',#3742,#3061,#3062);
#2560=AXIS2_PLACEMENT_3D('',#3745,#3064,#3065);
#2561=AXIS2_PLACEMENT_3D('',#3746,#3066,#3067);
#2562=AXIS2_PLACEMENT_3D('',#3747,#3068,#3069);
#2563=AXIS2_PLACEMENT_3D('',#3750,#3071,#3072);
#2564=AXIS2_PLACEMENT_3D('',#3751,#3073,#3074);
#2565=AXIS2_PLACEMENT_3D('',#3754,#3076,#3077);
#2566=AXIS2_PLACEMENT_3D('',#3755,#3078,#3079);
#2567=AXIS2_PLACEMENT_3D('',#3757,#3080,#3081);
#2568=AXIS2_PLACEMENT_3D('',#3758,#3082,#3083);
#2569=AXIS2_PLACEMENT_3D('',#3760,#3084,#3085);
#2570=AXIS2_PLACEMENT_3D('',#3762,#3087,#3088);
#2571=AXIS2_PLACEMENT_3D('',#3763,#3089,#3090);
#2572=AXIS2_PLACEMENT_3D('',#3764,#3091,#3092);
#2573=AXIS2_PLACEMENT_3D('',#3767,#3093,#3094);
#2574=AXIS2_PLACEMENT_3D('',#3771,#3096,#3097);
#2575=AXIS2_PLACEMENT_3D('',#3775,#3099,#3100);
#2576=AXIS2_PLACEMENT_3D('',#3778,#3102,#3103);
#2577=AXIS2_PLACEMENT_3D('',#3779,#3104,#3105);
#2578=AXIS2_PLACEMENT_3D('',#3783,#3107,#3108);
#2579=AXIS2_PLACEMENT_3D('',#3785,#3110,#3111);
#2580=AXIS2_PLACEMENT_3D('',#3789,#3114,#3115);
#2581=AXIS2_PLACEMENT_3D('',#3792,#3117,#3118);
#2582=AXIS2_PLACEMENT_3D('',#3793,#3119,#3120);
#2583=AXIS2_PLACEMENT_3D('',#3796,#3121,#3122);
#2584=AXIS2_PLACEMENT_3D('',#3800,#3124,#3125);
#2585=AXIS2_PLACEMENT_3D('',#3804,#3127,#3128);
#2586=AXIS2_PLACEMENT_3D('',#3807,#3130,#3131);
#2587=AXIS2_PLACEMENT_3D('',#3808,#3132,#3133);
#2588=AXIS2_PLACEMENT_3D('',#3814,#3137,#3138);
#2589=AXIS2_PLACEMENT_3D('',#3817,#3140,#3141);
#2590=AXIS2_PLACEMENT_3D('',#3818,#3142,#3143);
#2591=AXIS2_PLACEMENT_3D('',#3822,#3146,#3147);
#2592=AXIS2_PLACEMENT_3D('',#3825,#3148,#3149);
#2593=AXIS2_PLACEMENT_3D('',#3829,#3151,#3152);
#2594=AXIS2_PLACEMENT_3D('',#3833,#3154,#3155);
#2595=AXIS2_PLACEMENT_3D('',#3836,#3157,#3158);
#2596=AXIS2_PLACEMENT_3D('',#3837,#3159,#3160);
#2597=AXIS2_PLACEMENT_3D('',#3841,#3162,#3163);
#2598=AXIS2_PLACEMENT_3D('',#3843,#3165,#3166);
#2599=AXIS2_PLACEMENT_3D('',#3847,#3169,#3170);
#2600=AXIS2_PLACEMENT_3D('',#3850,#3172,#3173);
#2601=AXIS2_PLACEMENT_3D('',#3851,#3174,#3175);
#2602=AXIS2_PLACEMENT_3D('',#3854,#3176,#3177);
#2603=AXIS2_PLACEMENT_3D('',#3858,#3179,#3180);
#2604=AXIS2_PLACEMENT_3D('',#3862,#3182,#3183);
#2605=AXIS2_PLACEMENT_3D('',#3865,#3185,#3186);
#2606=AXIS2_PLACEMENT_3D('',#3866,#3187,#3188);
#2607=AXIS2_PLACEMENT_3D('',#3872,#3192,#3193);
#2608=AXIS2_PLACEMENT_3D('',#3875,#3195,#3196);
#2609=AXIS2_PLACEMENT_3D('',#3876,#3197,#3198);
#2610=AXIS2_PLACEMENT_3D('',#3880,#3201,#3202);
#2611=AXIS2_PLACEMENT_3D('',#3883,#3204,#3205);
#2612=AXIS2_PLACEMENT_3D('',#3884,#3206,#3207);
#2613=AXIS2_PLACEMENT_3D('',#3887,#3209,#3210);
#2614=AXIS2_PLACEMENT_3D('',#3888,#3211,#3212);
#2615=AXIS2_PLACEMENT_3D('',#3890,#3213,#3214);
#2616=AXIS2_PLACEMENT_3D('',#3892,#3216,#3217);
#2617=AXIS2_PLACEMENT_3D('',#3894,#3218,#3219);
#2618=AXIS2_PLACEMENT_3D('',#3896,#3221,#3222);
#2619=AXIS2_PLACEMENT_3D('',#3900,#3224,#3225);
#2620=AXIS2_PLACEMENT_3D('',#3902,#3227,#3228);
#2621=AXIS2_PLACEMENT_3D('',#3904,#3230,#3231);
#2622=AXIS2_PLACEMENT_3D('',#3908,#3233,#3234);
#2623=AXIS2_PLACEMENT_3D('',#3910,#3236,#3237);
#2624=AXIS2_PLACEMENT_3D('',#3912,#3239,#3240);
#2625=AXIS2_PLACEMENT_3D('',#3915,#3242,#3243);
#2626=AXIS2_PLACEMENT_3D('',#3916,#3244,#3245);
#2627=AXIS2_PLACEMENT_3D('',#3919,#3247,#3248);
#2628=AXIS2_PLACEMENT_3D('',#3920,#3249,#3250);
#2629=AXIS2_PLACEMENT_3D('',#3922,#3252,#3253);
#2630=AXIS2_PLACEMENT_3D('',#3925,#3255,#3256);
#2631=AXIS2_PLACEMENT_3D('',#3926,#3257,#3258);
#2632=AXIS2_PLACEMENT_3D('',#3928,#3260,#3261);
#2633=AXIS2_PLACEMENT_3D('',#3931,#3263,#3264);
#2634=AXIS2_PLACEMENT_3D('',#3932,#3265,#3266);
#2635=AXIS2_PLACEMENT_3D('',#3934,#3268,#3269);
#2636=AXIS2_PLACEMENT_3D('',#3936,#3271,#3272);
#2637=AXIS2_PLACEMENT_3D('',#3945,#3277,#3278);
#2638=AXIS2_PLACEMENT_3D('',#3951,#3282,#3283);
#2639=AXIS2_PLACEMENT_3D('',#3957,#3287,#3288);
#2640=AXIS2_PLACEMENT_3D('',#3960,#3291,#3292);
#2641=AXIS2_PLACEMENT_3D('',#3961,#3293,#3294);
#2642=AXIS2_PLACEMENT_3D('',#3970,#3299,#3300);
#2643=AXIS2_PLACEMENT_3D('',#3976,#3304,#3305);
#2644=AXIS2_PLACEMENT_3D('',#3982,#3309,#3310);
#2645=AXIS2_PLACEMENT_3D('',#3985,#3313,#3314);
#2646=AXIS2_PLACEMENT_3D('',#3986,#3315,#3316);
#2647=AXIS2_PLACEMENT_3D('',#3988,#3317,#3318);
#2648=AXIS2_PLACEMENT_3D('',#3991,#3320,#3321);
#2649=AXIS2_PLACEMENT_3D('',#3992,#3322,#3323);
#2650=AXIS2_PLACEMENT_3D('',#3994,#3324,#3325);
#2651=AXIS2_PLACEMENT_3D('',#3997,#3327,#3328);
#2652=AXIS2_PLACEMENT_3D('',#3998,#3329,#3330);
#2653=AXIS2_PLACEMENT_3D('',#4000,#3331,#3332);
#2654=AXIS2_PLACEMENT_3D('',#4003,#3334,#3335);
#2655=AXIS2_PLACEMENT_3D('',#4004,#3336,#3337);
#2656=AXIS2_PLACEMENT_3D('',#4006,#3338,#3339);
#2657=AXIS2_PLACEMENT_3D('',#4009,#3341,#3342);
#2658=AXIS2_PLACEMENT_3D('',#4010,#3343,#3344);
#2659=AXIS2_PLACEMENT_3D('',#4019,#3349,#3350);
#2660=AXIS2_PLACEMENT_3D('',#4021,#3351,#3352);
#2661=AXIS2_PLACEMENT_3D('',#4023,#3353,#3354);
#2662=AXIS2_PLACEMENT_3D('',#4025,#3356,#3357);
#2663=AXIS2_PLACEMENT_3D('',#4031,#3361,#3362);
#2664=AXIS2_PLACEMENT_3D('',#4037,#3366,#3367);
#2665=AXIS2_PLACEMENT_3D('',#4043,#3371,#3372);
#2666=AXIS2_PLACEMENT_3D('',#4046,#3375,#3376);
#2667=AXIS2_PLACEMENT_3D('',#4047,#3377,#3378);
#2668=AXIS2_PLACEMENT_3D('',#4048,#3379,#3380);
#2669=AXIS2_PLACEMENT_3D('',#4049,#3381,#3382);
#2670=AXIS2_PLACEMENT_3D('',#4050,#3383,#3384);
#2671=AXIS2_PLACEMENT_3D('',#4051,#3385,#3386);
#2672=AXIS2_PLACEMENT_3D('',#4052,#3387,#3388);
#2673=AXIS2_PLACEMENT_3D('',#4053,#3389,#3390);
#2674=DIRECTION('axis',(0.,0.,1.));
#2675=DIRECTION('refdir',(1.,0.,0.));
#2676=DIRECTION('axis',(0.,0.,1.));
#2677=DIRECTION('refdir',(1.,0.,0.));
#2678=DIRECTION('center_axis',(0.,0.,1.));
#2679=DIRECTION('ref_axis',(1.,0.,0.));
#2680=DIRECTION('center_axis',(0.,0.,-1.));
#2681=DIRECTION('ref_axis',(1.,0.,0.));
#2682=DIRECTION('',(0.707106781186547,8.65956056235493E-17,-0.707106781186548));
#2683=DIRECTION('center_axis',(0.,0.,1.));
#2684=DIRECTION('ref_axis',(1.,0.,0.));
#2685=DIRECTION('center_axis',(0.,0.,1.));
#2686=DIRECTION('ref_axis',(1.,0.,0.));
#2687=DIRECTION('center_axis',(0.,0.,1.));
#2688=DIRECTION('ref_axis',(1.,0.,0.));
#2689=DIRECTION('',(0.,0.,-1.));
#2690=DIRECTION('center_axis',(0.,0.,1.));
#2691=DIRECTION('ref_axis',(1.,0.,0.));
#2692=DIRECTION('center_axis',(0.,0.,1.));
#2693=DIRECTION('ref_axis',(1.,0.,0.));
#2694=DIRECTION('center_axis',(0.,0.,1.));
#2695=DIRECTION('ref_axis',(1.,0.,0.));
#2696=DIRECTION('center_axis',(0.,0.,1.));
#2697=DIRECTION('ref_axis',(1.,0.,0.));
#2698=DIRECTION('center_axis',(0.,0.,1.));
#2699=DIRECTION('ref_axis',(1.,0.,0.));
#2700=DIRECTION('center_axis',(0.,0.,-1.));
#2701=DIRECTION('ref_axis',(1.,0.,0.));
#2702=DIRECTION('',(0.707106781186548,-8.65956056235493E-17,0.707106781186548));
#2703=DIRECTION('center_axis',(0.,0.,-1.));
#2704=DIRECTION('ref_axis',(1.,0.,0.));
#2705=DIRECTION('center_axis',(0.,0.,1.));
#2706=DIRECTION('ref_axis',(1.,0.,0.));
#2707=DIRECTION('center_axis',(0.,0.,-1.));
#2708=DIRECTION('ref_axis',(-1.,0.,0.));
#2709=DIRECTION('center_axis',(0.,0.,1.));
#2710=DIRECTION('ref_axis',(-1.,0.,0.));
#2711=DIRECTION('center_axis',(0.,0.,1.));
#2712=DIRECTION('ref_axis',(-1.,0.,0.));
#2713=DIRECTION('',(0.,0.,-1.));
#2714=DIRECTION('center_axis',(0.,0.,1.));
#2715=DIRECTION('ref_axis',(-1.,0.,0.));
#2716=DIRECTION('center_axis',(0.,0.,1.));
#2717=DIRECTION('ref_axis',(-1.,0.,0.));
#2718=DIRECTION('center_axis',(0.,0.,1.));
#2719=DIRECTION('ref_axis',(-1.,0.,0.));
#2720=DIRECTION('center_axis',(0.,0.,1.));
#2721=DIRECTION('ref_axis',(-1.,0.,0.));
#2722=DIRECTION('',(0.,0.,-1.));
#2723=DIRECTION('center_axis',(0.,0.,1.));
#2724=DIRECTION('ref_axis',(-1.,0.,0.));
#2725=DIRECTION('center_axis',(0.,0.,1.));
#2726=DIRECTION('ref_axis',(1.,0.,0.));
#2727=DIRECTION('',(0.,0.,1.));
#2728=DIRECTION('center_axis',(0.,0.,1.));
#2729=DIRECTION('ref_axis',(1.,0.,0.));
#2730=DIRECTION('center_axis',(0.,0.,1.));
#2731=DIRECTION('ref_axis',(1.,0.,0.));
#2732=DIRECTION('center_axis',(0.,0.,1.));
#2733=DIRECTION('ref_axis',(1.,0.,0.));
#2734=DIRECTION('',(0.,0.,1.));
#2735=DIRECTION('center_axis',(0.,0.,1.));
#2736=DIRECTION('ref_axis',(1.,0.,0.));
#2737=DIRECTION('center_axis',(0.,0.,1.));
#2738=DIRECTION('ref_axis',(1.,0.,0.));
#2739=DIRECTION('center_axis',(0.,0.,1.));
#2740=DIRECTION('ref_axis',(1.,0.,0.));
#2741=DIRECTION('',(0.,0.,1.));
#2742=DIRECTION('center_axis',(0.,0.,1.));
#2743=DIRECTION('ref_axis',(1.,0.,0.));
#2744=DIRECTION('center_axis',(0.,0.,1.));
#2745=DIRECTION('ref_axis',(1.,0.,0.));
#2746=DIRECTION('center_axis',(0.,0.,1.));
#2747=DIRECTION('ref_axis',(1.,0.,0.));
#2748=DIRECTION('',(0.,0.,1.));
#2749=DIRECTION('center_axis',(0.,0.,1.));
#2750=DIRECTION('ref_axis',(1.,0.,0.));
#2751=DIRECTION('center_axis',(0.,0.,1.));
#2752=DIRECTION('ref_axis',(1.,0.,0.));
#2753=DIRECTION('axis',(0.,0.,1.));
#2754=DIRECTION('refdir',(1.,0.,0.));
#2755=DIRECTION('center_axis',(0.,0.,1.));
#2756=DIRECTION('ref_axis',(1.,0.,0.));
#2757=DIRECTION('center_axis',(0.,0.,-1.));
#2758=DIRECTION('ref_axis',(1.,0.,0.));
#2759=DIRECTION('',(0.,0.,-1.));
#2760=DIRECTION('center_axis',(0.,0.,-1.));
#2761=DIRECTION('ref_axis',(1.,0.,0.));
#2762=DIRECTION('center_axis',(0.,0.,1.));
#2763=DIRECTION('ref_axis',(1.,0.,0.));
#2764=DIRECTION('center_axis',(0.,0.,-1.));
#2765=DIRECTION('ref_axis',(1.,0.,0.));
#2766=DIRECTION('',(0.,0.,-1.));
#2767=DIRECTION('center_axis',(0.,0.,-1.));
#2768=DIRECTION('ref_axis',(1.,0.,0.));
#2769=DIRECTION('center_axis',(0.,0.,1.));
#2770=DIRECTION('ref_axis',(1.,0.,0.));
#2771=DIRECTION('center_axis',(0.,0.,-1.));
#2772=DIRECTION('ref_axis',(1.,0.,0.));
#2773=DIRECTION('',(0.,0.,-1.));
#2774=DIRECTION('center_axis',(0.,0.,-1.));
#2775=DIRECTION('ref_axis',(1.,0.,0.));
#2776=DIRECTION('center_axis',(0.,0.,1.));
#2777=DIRECTION('ref_axis',(1.,0.,0.));
#2778=DIRECTION('center_axis',(0.,0.,-1.));
#2779=DIRECTION('ref_axis',(1.,0.,0.));
#2780=DIRECTION('',(0.,0.,-1.));
#2781=DIRECTION('center_axis',(0.,0.,-1.));
#2782=DIRECTION('ref_axis',(1.,0.,0.));
#2783=DIRECTION('center_axis',(0.,0.,1.));
#2784=DIRECTION('ref_axis',(1.,0.,0.));
#2785=DIRECTION('center_axis',(0.,0.,-1.));
#2786=DIRECTION('ref_axis',(1.,0.,0.));
#2787=DIRECTION('',(0.,0.,-1.));
#2788=DIRECTION('center_axis',(0.,0.,-1.));
#2789=DIRECTION('ref_axis',(1.,0.,0.));
#2790=DIRECTION('center_axis',(0.,0.,1.));
#2791=DIRECTION('ref_axis',(1.,0.,0.));
#2792=DIRECTION('center_axis',(0.,0.,-1.));
#2793=DIRECTION('ref_axis',(1.,0.,0.));
#2794=DIRECTION('',(0.,0.,-1.));
#2795=DIRECTION('center_axis',(0.,0.,-1.));
#2796=DIRECTION('ref_axis',(1.,0.,0.));
#2797=DIRECTION('center_axis',(0.,0.,1.));
#2798=DIRECTION('ref_axis',(1.,0.,0.));
#2799=DIRECTION('center_axis',(0.,0.,-1.));
#2800=DIRECTION('ref_axis',(1.,0.,0.));
#2801=DIRECTION('',(0.,0.,-1.));
#2802=DIRECTION('center_axis',(0.,0.,-1.));
#2803=DIRECTION('ref_axis',(1.,0.,0.));
#2804=DIRECTION('center_axis',(0.,0.,1.));
#2805=DIRECTION('ref_axis',(1.,0.,0.));
#2806=DIRECTION('center_axis',(0.,0.,-1.));
#2807=DIRECTION('ref_axis',(1.,0.,0.));
#2808=DIRECTION('',(0.,0.,-1.));
#2809=DIRECTION('center_axis',(0.,0.,-1.));
#2810=DIRECTION('ref_axis',(1.,0.,0.));
#2811=DIRECTION('center_axis',(-0.065820958801849,-0.997831449385318,0.));
#2812=DIRECTION('ref_axis',(0.997831449385318,-0.065820958801849,0.));
#2813=DIRECTION('',(0.997831449385318,-0.065820958801849,0.));
#2814=DIRECTION('',(0.,0.,1.));
#2815=DIRECTION('',(0.997831449385318,-0.065820958801849,0.));
#2816=DIRECTION('',(0.,0.,1.));
#2817=DIRECTION('center_axis',(0.,0.,1.));
#2818=DIRECTION('ref_axis',(0.0658209587997365,0.997831449385458,0.));
#2819=DIRECTION('center_axis',(0.,0.,1.));
#2820=DIRECTION('ref_axis',(0.0658209587997365,0.997831449385458,0.));
#2821=DIRECTION('center_axis',(0.,0.,-1.));
#2822=DIRECTION('ref_axis',(0.0658209587997365,0.997831449385458,0.));
#2823=DIRECTION('',(0.,0.,1.));
#2824=DIRECTION('center_axis',(1.,2.68956286265189E-16,0.));
#2825=DIRECTION('ref_axis',(-2.68956286265189E-16,1.,0.));
#2826=DIRECTION('',(-2.68956286265189E-16,1.,0.));
#2827=DIRECTION('',(-2.68956286265189E-16,1.,0.));
#2828=DIRECTION('',(0.,0.,1.));
#2829=DIRECTION('center_axis',(0.,0.,1.));
#2830=DIRECTION('ref_axis',(0.,-1.,0.));
#2831=DIRECTION('center_axis',(0.,0.,1.));
#2832=DIRECTION('ref_axis',(0.,-1.,0.));
#2833=DIRECTION('center_axis',(0.,0.,1.));
#2834=DIRECTION('ref_axis',(0.,-1.,0.));
#2835=DIRECTION('',(0.,0.,1.));
#2836=DIRECTION('center_axis',(7.40148683081172E-16,-1.,0.));
#2837=DIRECTION('ref_axis',(1.,7.40148683081172E-16,0.));
#2838=DIRECTION('',(1.,7.40148683081172E-16,0.));
#2839=DIRECTION('',(1.,7.40148683081172E-16,0.));
#2840=DIRECTION('',(0.,0.,1.));
#2841=DIRECTION('center_axis',(0.,0.,1.));
#2842=DIRECTION('ref_axis',(-1.,0.,0.));
#2843=DIRECTION('center_axis',(0.,0.,1.));
#2844=DIRECTION('ref_axis',(-1.,0.,0.));
#2845=DIRECTION('center_axis',(0.,0.,1.));
#2846=DIRECTION('ref_axis',(-1.,0.,0.));
#2847=DIRECTION('',(0.,0.,1.));
#2848=DIRECTION('center_axis',(-1.,7.67199923663991E-13,0.));
#2849=DIRECTION('ref_axis',(-7.67199923663991E-13,-1.,0.));
#2850=DIRECTION('',(7.67199923663991E-13,1.,0.));
#2851=DIRECTION('',(-7.67199923663991E-13,-1.,0.));
#2852=DIRECTION('',(0.,0.,1.));
#2853=DIRECTION('center_axis',(0.,0.,1.));
#2854=DIRECTION('ref_axis',(1.,0.,0.));
#2855=DIRECTION('center_axis',(0.,0.,1.));
#2856=DIRECTION('ref_axis',(1.,0.,0.));
#2857=DIRECTION('center_axis',(0.,0.,-1.));
#2858=DIRECTION('ref_axis',(1.,0.,0.));
#2859=DIRECTION('',(0.,0.,1.));
#2860=DIRECTION('center_axis',(-4.00038425324438E-14,-1.,0.));
#2861=DIRECTION('ref_axis',(1.,-4.00038425324438E-14,0.));
#2862=DIRECTION('',(-1.,4.00038425324438E-14,0.));
#2863=DIRECTION('',(1.,-4.00038425324438E-14,0.));
#2864=DIRECTION('',(0.,0.,1.));
#2865=DIRECTION('center_axis',(0.,0.,1.));
#2866=DIRECTION('ref_axis',(-1.,-5.5511151231263E-16,0.));
#2867=DIRECTION('center_axis',(0.,0.,1.));
#2868=DIRECTION('ref_axis',(-1.,-5.5511151231263E-16,0.));
#2869=DIRECTION('center_axis',(0.,0.,1.));
#2870=DIRECTION('ref_axis',(-1.,-5.5511151231263E-16,0.));
#2871=DIRECTION('',(0.,0.,1.));
#2872=DIRECTION('center_axis',(-1.,0.,0.));
#2873=DIRECTION('ref_axis',(0.,-1.,0.));
#2874=DIRECTION('',(0.,1.,0.));
#2875=DIRECTION('',(0.,-1.,0.));
#2876=DIRECTION('',(0.,0.,1.));
#2877=DIRECTION('center_axis',(0.,0.,1.));
#2878=DIRECTION('ref_axis',(-2.22044604925035E-15,1.,0.));
#2879=DIRECTION('center_axis',(0.,0.,1.));
#2880=DIRECTION('ref_axis',(-2.22044604925035E-15,1.,0.));
#2881=DIRECTION('center_axis',(0.,0.,1.));
#2882=DIRECTION('ref_axis',(-2.22044604925035E-15,1.,0.));
#2883=DIRECTION('',(0.,0.,1.));
#2884=DIRECTION('center_axis',(-1.1997571395146E-14,1.,0.));
#2885=DIRECTION('ref_axis',(-1.,-1.1997571395146E-14,0.));
#2886=DIRECTION('',(1.,1.1997571395146E-14,0.));
#2887=DIRECTION('',(-1.,-1.1997571395146E-14,0.));
#2888=DIRECTION('',(0.,0.,1.));
#2889=DIRECTION('center_axis',(0.,0.,1.));
#2890=DIRECTION('ref_axis',(0.,-1.,0.));
#2891=DIRECTION('center_axis',(0.,0.,1.));
#2892=DIRECTION('ref_axis',(0.,-1.,0.));
#2893=DIRECTION('center_axis',(0.,0.,-1.));
#2894=DIRECTION('ref_axis',(0.,-1.,0.));
#2895=DIRECTION('',(0.,0.,1.));
#2896=DIRECTION('center_axis',(-1.,5.1055933674405E-13,0.));
#2897=DIRECTION('ref_axis',(-5.1055933674405E-13,-1.,0.));
#2898=DIRECTION('',(-5.1055933674405E-13,-1.,0.));
#2899=DIRECTION('',(-5.1055933674405E-13,-1.,0.));
#2900=DIRECTION('',(0.,0.,1.));
#2901=DIRECTION('center_axis',(0.,0.,1.));
#2902=DIRECTION('ref_axis',(0.,1.,0.));
#2903=DIRECTION('center_axis',(0.,0.,1.));
#2904=DIRECTION('ref_axis',(0.,1.,0.));
#2905=DIRECTION('center_axis',(0.,0.,1.));
#2906=DIRECTION('ref_axis',(0.,1.,0.));
#2907=DIRECTION('',(0.,0.,1.));
#2908=DIRECTION('center_axis',(0.,1.,0.));
#2909=DIRECTION('ref_axis',(-1.,0.,0.));
#2910=DIRECTION('',(-1.,0.,0.));
#2911=DIRECTION('',(-1.,0.,0.));
#2912=DIRECTION('',(0.,0.,1.));
#2913=DIRECTION('center_axis',(0.,0.,1.));
#2914=DIRECTION('ref_axis',(1.,0.,0.));
#2915=DIRECTION('center_axis',(0.,0.,1.));
#2916=DIRECTION('ref_axis',(1.,0.,0.));
#2917=DIRECTION('center_axis',(0.,0.,1.));
#2918=DIRECTION('ref_axis',(1.,0.,0.));
#2919=DIRECTION('',(0.,0.,1.));
#2920=DIRECTION('center_axis',(1.,0.,0.));
#2921=DIRECTION('ref_axis',(0.,1.,0.));
#2922=DIRECTION('',(0.,1.,0.));
#2923=DIRECTION('',(0.,1.,0.));
#2924=DIRECTION('',(0.,0.,1.));
#2925=DIRECTION('center_axis',(0.,0.,1.));
#2926=DIRECTION('ref_axis',(-1.,4.44089209850062E-16,0.));
#2927=DIRECTION('center_axis',(0.,0.,1.));
#2928=DIRECTION('ref_axis',(-1.,4.44089209850062E-16,0.));
#2929=DIRECTION('center_axis',(0.,0.,-1.));
#2930=DIRECTION('ref_axis',(-1.,4.44089209850062E-16,0.));
#2931=DIRECTION('',(0.,0.,1.));
#2932=DIRECTION('center_axis',(3.66409411772588E-13,1.,0.));
#2933=DIRECTION('ref_axis',(-1.,3.66409411772588E-13,0.));
#2934=DIRECTION('',(-1.,3.66409411772588E-13,0.));
#2935=DIRECTION('',(-1.,3.66409411772588E-13,0.));
#2936=DIRECTION('',(0.,0.,1.));
#2937=DIRECTION('center_axis',(0.,0.,1.));
#2938=DIRECTION('ref_axis',(1.,8.32667268468924E-16,0.));
#2939=DIRECTION('center_axis',(0.,0.,1.));
#2940=DIRECTION('ref_axis',(1.,8.32667268468924E-16,0.));
#2941=DIRECTION('center_axis',(0.,0.,1.));
#2942=DIRECTION('ref_axis',(1.,8.32667268468924E-16,0.));
#2943=DIRECTION('',(0.,0.,1.));
#2944=DIRECTION('center_axis',(1.,-7.40148674122727E-16,0.));
#2945=DIRECTION('ref_axis',(7.40148674122727E-16,1.,0.));
#2946=DIRECTION('',(-7.40148674122727E-16,-1.,0.));
#2947=DIRECTION('',(7.40148674122727E-16,1.,0.));
#2948=DIRECTION('',(0.,0.,1.));
#2949=DIRECTION('center_axis',(0.,0.,1.));
#2950=DIRECTION('ref_axis',(-8.65973990660998E-14,-1.,0.));
#2951=DIRECTION('center_axis',(0.,0.,1.));
#2952=DIRECTION('ref_axis',(-8.65973990660998E-14,-1.,0.));
#2953=DIRECTION('center_axis',(0.,0.,1.));
#2954=DIRECTION('ref_axis',(-8.65973990660998E-14,-1.,0.));
#2955=DIRECTION('center_axis',(0.,0.,1.));
#2956=DIRECTION('ref_axis',(1.,0.,0.));
#2957=DIRECTION('center_axis',(0.,0.,1.));
#2958=DIRECTION('ref_axis',(1.,0.,0.));
#2959=DIRECTION('axis',(0.,0.,1.));
#2960=DIRECTION('refdir',(1.,0.,0.));
#2961=DIRECTION('center_axis',(0.,0.,1.));
#2962=DIRECTION('ref_axis',(1.,0.,0.));
#2963=DIRECTION('center_axis',(0.,0.,-1.));
#2964=DIRECTION('ref_axis',(1.,0.,0.));
#2965=DIRECTION('',(0.,0.,-1.));
#2966=DIRECTION('center_axis',(0.,0.,-1.));
#2967=DIRECTION('ref_axis',(1.,0.,0.));
#2968=DIRECTION('center_axis',(0.,0.,1.));
#2969=DIRECTION('ref_axis',(0.707106781186548,-0.707106781186548,0.));
#2970=DIRECTION('center_axis',(0.,0.,-1.));
#2971=DIRECTION('ref_axis',(0.707106781186548,-0.707106781186548,0.));
#2972=DIRECTION('',(0.,0.,-1.));
#2973=DIRECTION('center_axis',(0.,0.,-1.));
#2974=DIRECTION('ref_axis',(0.707106781186548,-0.707106781186548,0.));
#2975=DIRECTION('center_axis',(0.,0.,1.));
#2976=DIRECTION('ref_axis',(1.,0.,0.));
#2977=DIRECTION('center_axis',(0.,0.,-1.));
#2978=DIRECTION('ref_axis',(1.,0.,0.));
#2979=DIRECTION('',(0.,0.,-1.));
#2980=DIRECTION('center_axis',(0.,0.,-1.));
#2981=DIRECTION('ref_axis',(1.,0.,0.));
#2982=DIRECTION('center_axis',(0.,0.,1.));
#2983=DIRECTION('ref_axis',(0.707106781186548,-0.707106781186548,0.));
#2984=DIRECTION('center_axis',(0.,0.,-1.));
#2985=DIRECTION('ref_axis',(0.707106781186548,-0.707106781186548,0.));
#2986=DIRECTION('',(0.,0.,-1.));
#2987=DIRECTION('center_axis',(0.,0.,-1.));
#2988=DIRECTION('ref_axis',(0.707106781186548,-0.707106781186548,0.));
#2989=DIRECTION('center_axis',(0.,0.,1.));
#2990=DIRECTION('ref_axis',(0.707106781186548,-0.707106781186548,0.));
#2991=DIRECTION('center_axis',(0.,0.,-1.));
#2992=DIRECTION('ref_axis',(0.707106781186548,-0.707106781186548,0.));
#2993=DIRECTION('',(0.,0.,-1.));
#2994=DIRECTION('center_axis',(0.,0.,-1.));
#2995=DIRECTION('ref_axis',(0.707106781186548,-0.707106781186548,0.));
#2996=DIRECTION('center_axis',(0.,0.,1.));
#2997=DIRECTION('ref_axis',(1.,0.,0.));
#2998=DIRECTION('center_axis',(0.,0.,-1.));
#2999=DIRECTION('ref_axis',(1.,0.,0.));
#3000=DIRECTION('',(0.,0.,-1.));
#3001=DIRECTION('center_axis',(0.,0.,-1.));
#3002=DIRECTION('ref_axis',(1.,0.,0.));
#3003=DIRECTION('center_axis',(0.,0.,1.));
#3004=DIRECTION('ref_axis',(0.707106781186548,-0.707106781186548,0.));
#3005=DIRECTION('center_axis',(0.,0.,-1.));
#3006=DIRECTION('ref_axis',(0.707106781186548,-0.707106781186548,0.));
#3007=DIRECTION('',(0.,0.,-1.));
#3008=DIRECTION('center_axis',(0.,0.,-1.));
#3009=DIRECTION('ref_axis',(0.707106781186548,-0.707106781186548,0.));
#3010=DIRECTION('center_axis',(2.23775805792455E-16,1.,0.));
#3011=DIRECTION('ref_axis',(-1.,2.23775805792455E-16,0.));
#3012=DIRECTION('',(-1.,2.23775805792455E-16,0.));
#3013=DIRECTION('',(0.,0.,1.));
#3014=DIRECTION('',(-1.,2.23775805792455E-16,0.));
#3015=DIRECTION('',(0.,0.,1.));
#3016=DIRECTION('center_axis',(1.,0.,0.));
#3017=DIRECTION('ref_axis',(0.,1.,0.));
#3018=DIRECTION('',(0.,1.,0.));
#3019=DIRECTION('',(0.,1.,0.));
#3020=DIRECTION('',(0.,0.,1.));
#3021=DIRECTION('center_axis',(0.461723434107932,-0.887023940147941,0.));
#3022=DIRECTION('ref_axis',(0.887023940147941,0.461723434107932,0.));
#3023=DIRECTION('',(0.887023940147941,0.461723434107932,0.));
#3024=DIRECTION('',(0.887023940147941,0.461723434107932,0.));
#3025=DIRECTION('',(0.,0.,1.));
#3026=DIRECTION('center_axis',(0.,-1.,0.));
#3027=DIRECTION('ref_axis',(1.,0.,0.));
#3028=DIRECTION('',(1.,0.,0.));
#3029=DIRECTION('',(1.,0.,0.));
#3030=DIRECTION('',(0.,0.,1.));
#3031=DIRECTION('center_axis',(-0.440503756905944,-0.897750767279956,0.));
#3032=DIRECTION('ref_axis',(0.897750767279955,-0.440503756905944,0.));
#3033=DIRECTION('',(0.897750767279955,-0.440503756905944,0.));
#3034=DIRECTION('',(0.897750767279955,-0.440503756905944,0.));
#3035=DIRECTION('',(0.,0.,1.));
#3036=DIRECTION('center_axis',(-1.,0.,0.));
#3037=DIRECTION('ref_axis',(0.,-1.,0.));
#3038=DIRECTION('',(0.,-1.,0.));
#3039=DIRECTION('',(0.,-1.,0.));
#3040=DIRECTION('',(0.,0.,1.));
#3041=DIRECTION('center_axis',(-0.514495755427527,0.857492925712544,0.));
#3042=DIRECTION('ref_axis',(-0.857492925712544,-0.514495755427527,0.));
#3043=DIRECTION('',(-0.857492925712544,-0.514495755427527,0.));
#3044=DIRECTION('',(-0.857492925712544,-0.514495755427527,0.));
#3045=DIRECTION('center_axis',(0.,0.,1.));
#3046=DIRECTION('ref_axis',(1.,0.,0.));
#3047=DIRECTION('center_axis',(0.,0.,1.));
#3048=DIRECTION('ref_axis',(1.,0.,0.));
#3049=DIRECTION('axis',(0.,0.,1.));
#3050=DIRECTION('refdir',(1.,0.,0.));
#3051=DIRECTION('center_axis',(0.,0.,1.));
#3052=DIRECTION('ref_axis',(1.,0.,0.));
#3053=DIRECTION('center_axis',(0.,0.,-1.));
#3054=DIRECTION('ref_axis',(1.,0.,0.));
#3055=DIRECTION('center_axis',(0.,0.,1.));
#3056=DIRECTION('ref_axis',(1.,0.,0.));
#3057=DIRECTION('center_axis',(0.,0.,-1.));
#3058=DIRECTION('ref_axis',(1.,0.,0.));
#3059=DIRECTION('center_axis',(0.,0.,1.));
#3060=DIRECTION('ref_axis',(-1.,0.,0.));
#3061=DIRECTION('center_axis',(0.,0.,-1.));
#3062=DIRECTION('ref_axis',(-1.,0.,0.));
#3063=DIRECTION('',(0.,0.,-1.));
#3064=DIRECTION('center_axis',(0.,0.,-1.));
#3065=DIRECTION('ref_axis',(-1.,0.,0.));
#3066=DIRECTION('center_axis',(0.,0.,1.));
#3067=DIRECTION('ref_axis',(-1.,0.,0.));
#3068=DIRECTION('center_axis',(0.,0.,1.));
#3069=DIRECTION('ref_axis',(1.,0.,0.));
#3070=DIRECTION('',(0.,0.,-1.));
#3071=DIRECTION('center_axis',(0.,0.,-1.));
#3072=DIRECTION('ref_axis',(1.,0.,0.));
#3073=DIRECTION('center_axis',(0.,0.,1.));
#3074=DIRECTION('ref_axis',(1.,0.,0.));
#3075=DIRECTION('',(0.,0.,1.));
#3076=DIRECTION('center_axis',(0.,0.,-1.));
#3077=DIRECTION('ref_axis',(1.,0.,0.));
#3078=DIRECTION('center_axis',(0.,0.,1.));
#3079=DIRECTION('ref_axis',(1.,0.,0.));
#3080=DIRECTION('center_axis',(0.,0.,1.));
#3081=DIRECTION('ref_axis',(1.,0.,0.));
#3082=DIRECTION('center_axis',(0.,0.,1.));
#3083=DIRECTION('ref_axis',(1.,0.,0.));
#3084=DIRECTION('center_axis',(0.,0.,1.));
#3085=DIRECTION('ref_axis',(1.,0.,0.));
#3086=DIRECTION('',(0.,0.,-1.));
#3087=DIRECTION('center_axis',(0.,0.,1.));
#3088=DIRECTION('ref_axis',(1.,0.,0.));
#3089=DIRECTION('axis',(0.,0.,1.));
#3090=DIRECTION('refdir',(1.,0.,0.));
#3091=DIRECTION('center_axis',(-1.,0.,0.));
#3092=DIRECTION('ref_axis',(0.,-1.,0.));
#3093=DIRECTION('center_axis',(1.,0.,0.));
#3094=DIRECTION('ref_axis',(0.,-0.707106781186547,0.707106781186548));
#3095=DIRECTION('',(0.,0.,1.));
#3096=DIRECTION('center_axis',(-1.,0.,0.));
#3097=DIRECTION('ref_axis',(0.,-0.707106781186548,-0.707106781186548));
#3098=DIRECTION('',(0.,1.,0.));
#3099=DIRECTION('center_axis',(-1.,0.,0.));
#3100=DIRECTION('ref_axis',(0.,0.707106781186548,-0.707106781186547));
#3101=DIRECTION('',(0.,0.,-1.));
#3102=DIRECTION('center_axis',(-1.,0.,0.));
#3103=DIRECTION('ref_axis',(0.,1.,0.));
#3104=DIRECTION('center_axis',(1.,0.,0.));
#3105=DIRECTION('ref_axis',(0.,-0.707106781186548,-0.707106781186548));
#3106=DIRECTION('',(1.,0.,0.));
#3107=DIRECTION('center_axis',(1.,0.,0.));
#3108=DIRECTION('ref_axis',(0.,-0.707106781186548,-0.707106781186548));
#3109=DIRECTION('',(-1.,0.,0.));
#3110=DIRECTION('center_axis',(0.,1.,0.));
#3111=DIRECTION('ref_axis',(-1.,0.,0.));
#3112=DIRECTION('',(-1.,0.,0.));
#3113=DIRECTION('',(0.,0.,1.));
#3114=DIRECTION('center_axis',(1.,0.,0.));
#3115=DIRECTION('ref_axis',(0.,-0.707106781186547,0.707106781186548));
#3116=DIRECTION('',(1.,0.,0.));
#3117=DIRECTION('center_axis',(-1.,0.,0.));
#3118=DIRECTION('ref_axis',(0.,0.707106781186547,0.707106781186548));
#3119=DIRECTION('center_axis',(1.,0.,0.));
#3120=DIRECTION('ref_axis',(0.,1.,0.));
#3121=DIRECTION('center_axis',(-1.,0.,0.));
#3122=DIRECTION('ref_axis',(0.,-0.707106781186547,0.707106781186548));
#3123=DIRECTION('',(0.,0.,1.));
#3124=DIRECTION('center_axis',(1.,0.,0.));
#3125=DIRECTION('ref_axis',(0.,0.707106781186548,-0.707106781186547));
#3126=DIRECTION('',(0.,-1.,0.));
#3127=DIRECTION('center_axis',(1.,0.,0.));
#3128=DIRECTION('ref_axis',(0.,-0.707106781186548,-0.707106781186548));
#3129=DIRECTION('',(0.,0.,-1.));
#3130=DIRECTION('center_axis',(1.,0.,0.));
#3131=DIRECTION('ref_axis',(0.,1.,0.));
#3132=DIRECTION('center_axis',(0.,-1.,0.));
#3133=DIRECTION('ref_axis',(1.,0.,0.));
#3134=DIRECTION('',(1.,0.,0.));
#3135=DIRECTION('',(0.,0.,1.));
#3136=DIRECTION('',(-1.,0.,0.));
#3137=DIRECTION('center_axis',(1.,0.,0.));
#3138=DIRECTION('ref_axis',(0.,-0.707106781186547,0.707106781186548));
#3139=DIRECTION('',(-1.,0.,0.));
#3140=DIRECTION('center_axis',(1.,0.,0.));
#3141=DIRECTION('ref_axis',(0.,-0.707106781186547,0.707106781186548));
#3142=DIRECTION('center_axis',(0.,1.,0.));
#3143=DIRECTION('ref_axis',(-1.,0.,0.));
#3144=DIRECTION('',(1.,0.,0.));
#3145=DIRECTION('',(0.,0.,1.));
#3146=DIRECTION('center_axis',(-1.,0.,0.));
#3147=DIRECTION('ref_axis',(0.,-1.,0.));
#3148=DIRECTION('center_axis',(1.,0.,0.));
#3149=DIRECTION('ref_axis',(0.,-0.707106781186547,0.707106781186548));
#3150=DIRECTION('',(0.,0.,1.));
#3151=DIRECTION('center_axis',(-1.,0.,0.));
#3152=DIRECTION('ref_axis',(0.,-0.707106781186548,-0.707106781186548));
#3153=DIRECTION('',(0.,1.,0.));
#3154=DIRECTION('center_axis',(-1.,0.,0.));
#3155=DIRECTION('ref_axis',(0.,0.707106781186548,-0.707106781186547));
#3156=DIRECTION('',(0.,0.,-1.));
#3157=DIRECTION('center_axis',(-1.,0.,0.));
#3158=DIRECTION('ref_axis',(0.,1.,0.));
#3159=DIRECTION('center_axis',(1.,0.,0.));
#3160=DIRECTION('ref_axis',(0.,-0.707106781186548,-0.707106781186548));
#3161=DIRECTION('',(1.,0.,0.));
#3162=DIRECTION('center_axis',(1.,0.,0.));
#3163=DIRECTION('ref_axis',(0.,-0.707106781186548,-0.707106781186548));
#3164=DIRECTION('',(-1.,0.,0.));
#3165=DIRECTION('center_axis',(0.,1.,0.));
#3166=DIRECTION('ref_axis',(-1.,0.,0.));
#3167=DIRECTION('',(-1.,0.,0.));
#3168=DIRECTION('',(0.,0.,1.));
#3169=DIRECTION('center_axis',(1.,0.,0.));
#3170=DIRECTION('ref_axis',(0.,-0.707106781186547,0.707106781186548));
#3171=DIRECTION('',(1.,0.,0.));
#3172=DIRECTION('center_axis',(-1.,0.,0.));
#3173=DIRECTION('ref_axis',(0.,0.707106781186547,0.707106781186548));
#3174=DIRECTION('center_axis',(1.,0.,0.));
#3175=DIRECTION('ref_axis',(0.,1.,0.));
#3176=DIRECTION('center_axis',(-1.,0.,0.));
#3177=DIRECTION('ref_axis',(0.,-0.707106781186547,0.707106781186548));
#3178=DIRECTION('',(0.,0.,1.));
#3179=DIRECTION('center_axis',(1.,0.,0.));
#3180=DIRECTION('ref_axis',(0.,0.707106781186548,-0.707106781186547));
#3181=DIRECTION('',(0.,-1.,0.));
#3182=DIRECTION('center_axis',(1.,0.,0.));
#3183=DIRECTION('ref_axis',(0.,-0.707106781186548,-0.707106781186548));
#3184=DIRECTION('',(0.,0.,-1.));
#3185=DIRECTION('center_axis',(1.,0.,0.));
#3186=DIRECTION('ref_axis',(0.,1.,0.));
#3187=DIRECTION('center_axis',(0.,-1.,0.));
#3188=DIRECTION('ref_axis',(1.,0.,0.));
#3189=DIRECTION('',(1.,0.,0.));
#3190=DIRECTION('',(0.,0.,1.));
#3191=DIRECTION('',(-1.,0.,0.));
#3192=DIRECTION('center_axis',(1.,0.,0.));
#3193=DIRECTION('ref_axis',(0.,-0.707106781186547,0.707106781186548));
#3194=DIRECTION('',(-1.,0.,0.));
#3195=DIRECTION('center_axis',(1.,0.,0.));
#3196=DIRECTION('ref_axis',(0.,-0.707106781186547,0.707106781186548));
#3197=DIRECTION('center_axis',(0.,1.,0.));
#3198=DIRECTION('ref_axis',(-1.,0.,0.));
#3199=DIRECTION('',(1.,0.,0.));
#3200=DIRECTION('',(0.,0.,1.));
#3201=DIRECTION('center_axis',(1.,0.,0.));
#3202=DIRECTION('ref_axis',(0.,-0.707106781186548,-0.707106781186548));
#3203=DIRECTION('',(-1.,0.,0.));
#3204=DIRECTION('center_axis',(-1.,0.,0.));
#3205=DIRECTION('ref_axis',(0.,-0.707106781186548,-0.707106781186548));
#3206=DIRECTION('center_axis',(1.,0.,0.));
#3207=DIRECTION('ref_axis',(0.,-0.707106781186548,-0.707106781186548));
#3208=DIRECTION('',(-1.,0.,0.));
#3209=DIRECTION('center_axis',(-1.,0.,0.));
#3210=DIRECTION('ref_axis',(0.,-0.707106781186548,-0.707106781186548));
#3211=DIRECTION('center_axis',(-1.,0.,0.));
#3212=DIRECTION('ref_axis',(0.,0.707106781186548,-0.707106781186547));
#3213=DIRECTION('center_axis',(-1.,0.,0.));
#3214=DIRECTION('ref_axis',(0.,0.707106781186548,-0.707106781186547));
#3215=DIRECTION('',(1.,0.,0.));
#3216=DIRECTION('center_axis',(-1.,0.,0.));
#3217=DIRECTION('ref_axis',(0.,0.707106781186548,-0.707106781186547));
#3218=DIRECTION('center_axis',(-1.,0.,0.));
#3219=DIRECTION('ref_axis',(0.,0.707106781186548,-0.707106781186547));
#3220=DIRECTION('',(1.,0.,0.));
#3221=DIRECTION('center_axis',(-1.,0.,0.));
#3222=DIRECTION('ref_axis',(0.,0.707106781186548,-0.707106781186547));
#3223=DIRECTION('',(1.,0.,0.));
#3224=DIRECTION('center_axis',(1.,0.,0.));
#3225=DIRECTION('ref_axis',(0.,0.707106781186548,-0.707106781186547));
#3226=DIRECTION('',(-1.,0.,0.));
#3227=DIRECTION('center_axis',(0.,-1.,0.));
#3228=DIRECTION('ref_axis',(1.,0.,0.));
#3229=DIRECTION('',(0.,0.,1.));
#3230=DIRECTION('center_axis',(-1.,0.,0.));
#3231=DIRECTION('ref_axis',(0.,0.707106781186548,-0.707106781186547));
#3232=DIRECTION('',(1.,0.,0.));
#3233=DIRECTION('center_axis',(1.,0.,0.));
#3234=DIRECTION('ref_axis',(0.,0.707106781186548,-0.707106781186547));
#3235=DIRECTION('',(-1.,0.,0.));
#3236=DIRECTION('center_axis',(0.,-1.,0.));
#3237=DIRECTION('ref_axis',(1.,0.,0.));
#3238=DIRECTION('',(0.,0.,1.));
#3239=DIRECTION('center_axis',(1.,0.,0.));
#3240=DIRECTION('ref_axis',(0.,1.,0.));
#3241=DIRECTION('',(0.,-1.,0.));
#3242=DIRECTION('center_axis',(-1.,0.,0.));
#3243=DIRECTION('ref_axis',(0.,1.,0.));
#3244=DIRECTION('center_axis',(1.,0.,0.));
#3245=DIRECTION('ref_axis',(0.,1.,0.));
#3246=DIRECTION('',(0.,-1.,0.));
#3247=DIRECTION('center_axis',(-1.,0.,0.));
#3248=DIRECTION('ref_axis',(0.,1.,0.));
#3249=DIRECTION('center_axis',(-1.,0.,0.));
#3250=DIRECTION('ref_axis',(0.,1.,0.));
#3251=DIRECTION('',(-1.,0.,0.));
#3252=DIRECTION('center_axis',(-1.,0.,0.));
#3253=DIRECTION('ref_axis',(0.,1.,0.));
#3254=DIRECTION('',(-1.,0.,0.));
#3255=DIRECTION('center_axis',(1.,0.,0.));
#3256=DIRECTION('ref_axis',(0.,1.,0.));
#3257=DIRECTION('center_axis',(-1.,0.,0.));
#3258=DIRECTION('ref_axis',(0.,1.,0.));
#3259=DIRECTION('',(-1.,0.,0.));
#3260=DIRECTION('center_axis',(-1.,0.,0.));
#3261=DIRECTION('ref_axis',(0.,1.,0.));
#3262=DIRECTION('',(-1.,0.,0.));
#3263=DIRECTION('center_axis',(1.,0.,0.));
#3264=DIRECTION('ref_axis',(0.,1.,0.));
#3265=DIRECTION('center_axis',(-1.,0.,0.));
#3266=DIRECTION('ref_axis',(0.,-1.,0.));
#3267=DIRECTION('',(0.,1.,0.));
#3268=DIRECTION('center_axis',(-1.,0.,0.));
#3269=DIRECTION('ref_axis',(0.,-1.,0.));
#3270=DIRECTION('',(0.,1.,0.));
#3271=DIRECTION('center_axis',(0.,1.,0.));
#3272=DIRECTION('ref_axis',(1.,0.,0.));
#3273=DIRECTION('',(-1.,0.,0.));
#3274=DIRECTION('',(0.,0.,-1.));
#3275=DIRECTION('',(1.,0.,0.));
#3276=DIRECTION('',(0.,0.,-1.));
#3277=DIRECTION('center_axis',(-1.,0.,0.));
#3278=DIRECTION('ref_axis',(0.,1.,0.));
#3279=DIRECTION('',(0.,-1.,0.));
#3280=DIRECTION('',(0.,1.,0.));
#3281=DIRECTION('',(0.,0.,-1.));
#3282=DIRECTION('center_axis',(0.,-1.,0.));
#3283=DIRECTION('ref_axis',(-1.,0.,0.));
#3284=DIRECTION('',(1.,0.,0.));
#3285=DIRECTION('',(-1.,0.,0.));
#3286=DIRECTION('',(0.,0.,-1.));
#3287=DIRECTION('center_axis',(1.,0.,0.));
#3288=DIRECTION('ref_axis',(0.,-1.,0.));
#3289=DIRECTION('',(0.,1.,0.));
#3290=DIRECTION('',(0.,-1.,0.));
#3291=DIRECTION('center_axis',(0.,0.,-1.));
#3292=DIRECTION('ref_axis',(-1.,0.,0.));
#3293=DIRECTION('center_axis',(-1.,0.,0.));
#3294=DIRECTION('ref_axis',(0.,1.,0.));
#3295=DIRECTION('',(0.,-1.,0.));
#3296=DIRECTION('',(0.,0.,-1.));
#3297=DIRECTION('',(0.,1.,0.));
#3298=DIRECTION('',(0.,0.,-1.));
#3299=DIRECTION('center_axis',(0.,-1.,0.));
#3300=DIRECTION('ref_axis',(-1.,0.,0.));
#3301=DIRECTION('',(1.,0.,0.));
#3302=DIRECTION('',(-1.,0.,0.));
#3303=DIRECTION('',(0.,0.,-1.));
#3304=DIRECTION('center_axis',(1.,0.,0.));
#3305=DIRECTION('ref_axis',(0.,-1.,0.));
#3306=DIRECTION('',(0.,1.,0.));
#3307=DIRECTION('',(0.,-1.,0.));
#3308=DIRECTION('',(0.,0.,-1.));
#3309=DIRECTION('center_axis',(0.,1.,0.));
#3310=DIRECTION('ref_axis',(1.,0.,0.));
#3311=DIRECTION('',(-1.,0.,0.));
#3312=DIRECTION('',(1.,0.,0.));
#3313=DIRECTION('center_axis',(0.,0.,-1.));
#3314=DIRECTION('ref_axis',(-1.,0.,0.));
#3315=DIRECTION('center_axis',(0.,0.,1.));
#3316=DIRECTION('ref_axis',(1.,0.,0.));
#3317=DIRECTION('center_axis',(0.,0.,-1.));
#3318=DIRECTION('ref_axis',(1.,0.,0.));
#3319=DIRECTION('',(0.,0.,-1.));
#3320=DIRECTION('center_axis',(0.,0.,-1.));
#3321=DIRECTION('ref_axis',(1.,0.,0.));
#3322=DIRECTION('center_axis',(0.,0.,1.));
#3323=DIRECTION('ref_axis',(1.,0.,0.));
#3324=DIRECTION('center_axis',(0.,0.,-1.));
#3325=DIRECTION('ref_axis',(1.,0.,0.));
#3326=DIRECTION('',(0.,0.,-1.));
#3327=DIRECTION('center_axis',(0.,0.,-1.));
#3328=DIRECTION('ref_axis',(1.,0.,0.));
#3329=DIRECTION('center_axis',(0.,0.,1.));
#3330=DIRECTION('ref_axis',(1.,0.,0.));
#3331=DIRECTION('center_axis',(0.,0.,-1.));
#3332=DIRECTION('ref_axis',(1.,0.,0.));
#3333=DIRECTION('',(0.,0.,-1.));
#3334=DIRECTION('center_axis',(0.,0.,-1.));
#3335=DIRECTION('ref_axis',(1.,0.,0.));
#3336=DIRECTION('center_axis',(0.,0.,1.));
#3337=DIRECTION('ref_axis',(1.,0.,0.));
#3338=DIRECTION('center_axis',(0.,0.,-1.));
#3339=DIRECTION('ref_axis',(1.,0.,0.));
#3340=DIRECTION('',(0.,0.,-1.));
#3341=DIRECTION('center_axis',(0.,0.,-1.));
#3342=DIRECTION('ref_axis',(1.,0.,0.));
#3343=DIRECTION('center_axis',(-0.999986210860763,-0.00525148439330637,
0.));
#3344=DIRECTION('ref_axis',(0.00525148439330637,-0.999986210860763,0.));
#3345=DIRECTION('',(-0.00525148439330637,0.999986210860763,0.));
#3346=DIRECTION('',(0.,0.,1.));
#3347=DIRECTION('',(0.00525148439330637,-0.999986210860763,0.));
#3348=DIRECTION('',(0.,0.,1.));
#3349=DIRECTION('center_axis',(0.,0.,1.));
#3350=DIRECTION('ref_axis',(-0.445293600372321,-0.895384615384615,0.));
#3351=DIRECTION('center_axis',(0.,0.,1.));
#3352=DIRECTION('ref_axis',(-0.445293600372321,-0.895384615384615,0.));
#3353=DIRECTION('center_axis',(0.,0.,-1.));
#3354=DIRECTION('ref_axis',(-0.445293600372321,-0.895384615384615,0.));
#3355=DIRECTION('',(0.,0.,1.));
#3356=DIRECTION('center_axis',(1.,0.,0.));
#3357=DIRECTION('ref_axis',(0.,1.,0.));
#3358=DIRECTION('',(0.,1.,0.));
#3359=DIRECTION('',(0.,1.,0.));
#3360=DIRECTION('',(0.,0.,1.));
#3361=DIRECTION('center_axis',(0.866025403784439,-0.5,0.));
#3362=DIRECTION('ref_axis',(0.5,0.866025403784439,0.));
#3363=DIRECTION('',(0.5,0.866025403784439,0.));
#3364=DIRECTION('',(0.5,0.866025403784439,0.));
#3365=DIRECTION('',(0.,0.,1.));
#3366=DIRECTION('center_axis',(1.63518971235954E-16,-1.,0.));
#3367=DIRECTION('ref_axis',(1.,1.63518971235954E-16,0.));
#3368=DIRECTION('',(1.,1.63518971235954E-16,0.));
#3369=DIRECTION('',(1.,1.63518971235954E-16,0.));
#3370=DIRECTION('',(0.,0.,1.));
#3371=DIRECTION('center_axis',(-0.867088856558177,-0.498153505289918,0.));
#3372=DIRECTION('ref_axis',(0.498153505289918,-0.867088856558177,0.));
#3373=DIRECTION('',(0.498153505289918,-0.867088856558177,0.));
#3374=DIRECTION('',(0.498153505289918,-0.867088856558177,0.));
#3375=DIRECTION('center_axis',(0.,0.,1.));
#3376=DIRECTION('ref_axis',(1.,0.,0.));
#3377=DIRECTION('center_axis',(0.,0.,1.));
#3378=DIRECTION('ref_axis',(1.,0.,0.));
#3379=DIRECTION('',(-1.57009245868378E-16,-1.,-6.50353590566538E-17));
#3380=DIRECTION('',(0.707106781186547,-1.57009245868378E-16,0.707106781186548));
#3381=DIRECTION('',(-1.57009245868378E-16,-1.,-6.50353590566538E-17));
#3382=DIRECTION('',(0.707106781186547,-1.57009245868378E-16,0.707106781186548));
#3383=DIRECTION('',(-1.57009245868378E-16,-1.,-6.50353590566538E-17));
#3384=DIRECTION('',(1.,-1.57009245868378E-16,1.10069881679976E-15));
#3385=DIRECTION('',(-1.57009245868378E-16,-1.,-6.50353590566538E-17));
#3386=DIRECTION('',(1.,-1.57009245868378E-16,1.10069881679976E-15));
#3387=DIRECTION('',(1.57009245868378E-16,1.,6.50353590566538E-17));
#3388=DIRECTION('',(1.,-1.57009245868378E-16,1.10069881679976E-15));
#3389=DIRECTION('',(-1.03946647684239E-15,-6.50353590566536E-17,1.));
#3390=DIRECTION('',(-8.32667268468866E-16,1.,6.50353590566528E-17));
#3391=CARTESIAN_POINT('',(0.,0.,0.));
#3392=CARTESIAN_POINT('',(0.,0.,0.));
#3393=CARTESIAN_POINT('Origin',(0.,0.,1.));
#3394=CARTESIAN_POINT('',(-14.5,1.77573785876366E-15,2.));
#3395=CARTESIAN_POINT('Origin',(0.,0.,2.));
#3396=CARTESIAN_POINT('',(-12.5,-1.53080849893419E-15,0.));
#3397=CARTESIAN_POINT('',(-13.5,-1.65327317884893E-15,1.));
#3398=CARTESIAN_POINT('Origin',(0.,0.,0.));
#3399=CARTESIAN_POINT('Origin',(0.,0.,0.));
#3400=CARTESIAN_POINT('',(-14.5,-1.77573785876366E-15,24.));
#3401=CARTESIAN_POINT('Origin',(0.,0.,24.));
#3402=CARTESIAN_POINT('',(-14.5,-1.77573785876366E-15,0.));
#3403=CARTESIAN_POINT('Origin',(0.,0.,0.));
#3404=CARTESIAN_POINT('',(-1.5,-10.,0.));
#3405=CARTESIAN_POINT('Origin',(0.,-10.,0.));
#3406=CARTESIAN_POINT('',(-11.5,2.03674902937821E-15,0.));
#3407=CARTESIAN_POINT('Origin',(-10.,2.22044604925031E-15,0.));
#3408=CARTESIAN_POINT('',(8.5,2.03674902937821E-15,0.));
#3409=CARTESIAN_POINT('Origin',(10.,2.22044604925031E-15,0.));
#3410=CARTESIAN_POINT('',(-1.5,10.,0.));
#3411=CARTESIAN_POINT('Origin',(1.22464679914735E-15,10.,0.));
#3412=CARTESIAN_POINT('Origin',(0.,0.,26.));
#3413=CARTESIAN_POINT('',(-10.5,1.28587913910472E-15,28.));
#3414=CARTESIAN_POINT('',(-12.5,1.53080849893419E-15,26.));
#3415=CARTESIAN_POINT('Origin',(0.,0.,28.));
#3416=CARTESIAN_POINT('Origin',(0.,0.,28.));
#3417=CARTESIAN_POINT('',(5.,6.12323399573677E-16,28.));
#3418=CARTESIAN_POINT('Origin',(0.,0.,28.));
#3419=CARTESIAN_POINT('Origin',(0.,0.,28.));
#3420=CARTESIAN_POINT('',(5.,6.12323399573677E-16,30.));
#3421=CARTESIAN_POINT('Origin',(0.,0.,30.));
#3422=CARTESIAN_POINT('',(5.,6.12323399573677E-16,28.));
#3423=CARTESIAN_POINT('Origin',(0.,0.,30.));
#3424=CARTESIAN_POINT('',(1.5,1.83697019872103E-16,30.));
#3425=CARTESIAN_POINT('Origin',(0.,0.,30.));
#3426=CARTESIAN_POINT('Origin',(0.,0.,30.));
#3427=CARTESIAN_POINT('',(1.5,1.83697019872103E-16,40.));
#3428=CARTESIAN_POINT('Origin',(0.,0.,40.));
#3429=CARTESIAN_POINT('',(1.5,1.83697019872103E-16,30.));
#3430=CARTESIAN_POINT('Origin',(0.,0.,40.));
#3431=CARTESIAN_POINT('Origin',(1.22464679914735E-15,10.,0.));
#3432=CARTESIAN_POINT('',(-1.5,10.,10.));
#3433=CARTESIAN_POINT('',(-1.5,10.,0.));
#3434=CARTESIAN_POINT('Origin',(1.22464679914735E-15,10.,10.));
#3435=CARTESIAN_POINT('Origin',(1.11022302462516E-15,10.,10.));
#3436=CARTESIAN_POINT('Origin',(10.,2.22044604925031E-15,0.));
#3437=CARTESIAN_POINT('',(8.5,2.03674902937821E-15,10.));
#3438=CARTESIAN_POINT('',(8.5,2.03674902937821E-15,0.));
#3439=CARTESIAN_POINT('Origin',(10.,2.22044604925031E-15,10.));
#3440=CARTESIAN_POINT('Origin',(10.,2.22044604925031E-15,10.));
#3441=CARTESIAN_POINT('Origin',(-10.,2.22044604925031E-15,0.));
#3442=CARTESIAN_POINT('',(-11.5,2.03674902937821E-15,10.));
#3443=CARTESIAN_POINT('',(-11.5,2.03674902937821E-15,0.));
#3444=CARTESIAN_POINT('Origin',(-10.,2.22044604925031E-15,10.));
#3445=CARTESIAN_POINT('Origin',(-10.,2.22044604925031E-15,10.));
#3446=CARTESIAN_POINT('Origin',(0.,-10.,0.));
#3447=CARTESIAN_POINT('',(-1.5,-10.,10.));
#3448=CARTESIAN_POINT('',(-1.5,-10.,0.));
#3449=CARTESIAN_POINT('Origin',(0.,-10.,10.));
#3450=CARTESIAN_POINT('Origin',(0.,-10.,10.));
#3451=CARTESIAN_POINT('',(0.,0.,0.));
#3452=CARTESIAN_POINT('Origin',(-9.5,0.,0.));
#3453=CARTESIAN_POINT('',(-11.,0.,4.));
#3454=CARTESIAN_POINT('Origin',(-9.5,0.,4.));
#3455=CARTESIAN_POINT('',(-11.,-1.83697019872103E-16,0.));
#3456=CARTESIAN_POINT('',(-11.,-1.83697019872103E-16,0.));
#3457=CARTESIAN_POINT('Origin',(-9.5,0.,0.));
#3458=CARTESIAN_POINT('Origin',(24.,-1.22464679914735E-15,0.));
#3459=CARTESIAN_POINT('',(22.,-1.11022302462516E-15,4.));
#3460=CARTESIAN_POINT('Origin',(24.,-1.22464679914735E-15,4.));
#3461=CARTESIAN_POINT('',(22.,-1.46957615897682E-15,0.));
#3462=CARTESIAN_POINT('',(22.,-1.46957615897682E-15,0.));
#3463=CARTESIAN_POINT('Origin',(24.,-1.22464679914735E-15,0.));
#3464=CARTESIAN_POINT('Origin',(-1.22464679914735E-15,-8.,0.));
#3465=CARTESIAN_POINT('',(-1.5,-8.,4.));
#3466=CARTESIAN_POINT('Origin',(-1.22464679914735E-15,-8.,4.));
#3467=CARTESIAN_POINT('',(-1.5,-8.,0.));
#3468=CARTESIAN_POINT('',(-1.5,-8.,0.));
#3469=CARTESIAN_POINT('Origin',(-1.22464679914735E-15,-8.,0.));
#3470=CARTESIAN_POINT('Origin',(9.5,0.,0.));
#3471=CARTESIAN_POINT('',(8.,0.,4.));
#3472=CARTESIAN_POINT('Origin',(9.5,0.,4.));
#3473=CARTESIAN_POINT('',(8.,-1.83697019872103E-16,0.));
#3474=CARTESIAN_POINT('',(8.,-1.83697019872103E-16,0.));
#3475=CARTESIAN_POINT('Origin',(9.5,0.,0.));
#3476=CARTESIAN_POINT('Origin',(0.,-24.,0.));
#3477=CARTESIAN_POINT('',(-2.,-24.,4.));
#3478=CARTESIAN_POINT('Origin',(0.,-24.,4.));
#3479=CARTESIAN_POINT('',(-2.,-24.,0.));
#3480=CARTESIAN_POINT('',(-2.,-24.,0.));
#3481=CARTESIAN_POINT('Origin',(0.,-24.,0.));
#3482=CARTESIAN_POINT('Origin',(2.44929359829471E-15,24.,0.));
#3483=CARTESIAN_POINT('',(-2.,24.,4.));
#3484=CARTESIAN_POINT('Origin',(2.44929359829471E-15,24.,4.));
#3485=CARTESIAN_POINT('',(-2.,24.,0.));
#3486=CARTESIAN_POINT('',(-2.,24.,0.));
#3487=CARTESIAN_POINT('Origin',(2.44929359829471E-15,24.,0.));
#3488=CARTESIAN_POINT('Origin',(-24.,3.67394039744206E-15,0.));
#3489=CARTESIAN_POINT('',(-26.,3.33066907387547E-15,4.));
#3490=CARTESIAN_POINT('Origin',(-24.,3.67394039744206E-15,4.));
#3491=CARTESIAN_POINT('',(-26.,3.42901103761259E-15,0.));
#3492=CARTESIAN_POINT('',(-26.,3.42901103761259E-15,0.));
#3493=CARTESIAN_POINT('Origin',(-24.,3.67394039744206E-15,0.));
#3494=CARTESIAN_POINT('Origin',(0.,8.,0.));
#3495=CARTESIAN_POINT('',(-1.5,8.,4.));
#3496=CARTESIAN_POINT('Origin',(0.,8.,4.));
#3497=CARTESIAN_POINT('',(-1.5,8.,0.));
#3498=CARTESIAN_POINT('',(-1.5,8.,0.));
#3499=CARTESIAN_POINT('Origin',(0.,8.,0.));
#3500=CARTESIAN_POINT('Origin',(10.3291047940049,-3.9992669866871,0.));
#3501=CARTESIAN_POINT('',(10.3291047940049,-3.9992669866871,0.));
#3502=CARTESIAN_POINT('',(25.5000000726313,-4.99999999999989,0.));
#3503=CARTESIAN_POINT('',(10.3291047940049,-3.9992669866871,0.));
#3504=CARTESIAN_POINT('',(25.5000000726313,-4.99999999999989,4.));
#3505=CARTESIAN_POINT('',(25.5000000726313,-4.99999999999989,0.));
#3506=CARTESIAN_POINT('',(10.3291047940049,-3.9992669866871,4.));
#3507=CARTESIAN_POINT('',(10.3291047940049,-3.9992669866871,4.));
#3508=CARTESIAN_POINT('',(10.3291047940049,-3.9992669866871,0.));
#3509=CARTESIAN_POINT('Origin',(10.0000000000058,-8.98842423362079,0.));
#3510=CARTESIAN_POINT('',(4.99999999999943,-8.98842423362079,0.));
#3511=CARTESIAN_POINT('Origin',(10.0000000000058,-8.98842423362079,0.));
#3512=CARTESIAN_POINT('',(4.99999999999943,-8.98842423362079,4.));
#3513=CARTESIAN_POINT('Origin',(10.0000000000058,-8.98842423362079,4.));
#3514=CARTESIAN_POINT('',(4.99999999999943,-8.98842423362079,0.));
#3515=CARTESIAN_POINT('Origin',(5.0000000000026,-25.499999999959,0.));
#3516=CARTESIAN_POINT('',(5.0000000000026,-25.499999999959,0.));
#3517=CARTESIAN_POINT('',(5.0000000000026,-25.499999999959,0.));
#3518=CARTESIAN_POINT('',(5.0000000000026,-25.499999999959,4.));
#3519=CARTESIAN_POINT('',(5.0000000000026,-25.499999999959,4.));
#3520=CARTESIAN_POINT('',(5.0000000000026,-25.499999999959,0.));
#3521=CARTESIAN_POINT('Origin',(3.00000000000259,-25.499999999959,0.));
#3522=CARTESIAN_POINT('',(3.00000000000259,-27.499999999959,0.));
#3523=CARTESIAN_POINT('Origin',(3.00000000000259,-25.499999999959,0.));
#3524=CARTESIAN_POINT('',(3.00000000000259,-27.499999999959,4.));
#3525=CARTESIAN_POINT('Origin',(3.00000000000259,-25.499999999959,4.));
#3526=CARTESIAN_POINT('',(3.00000000000259,-27.499999999959,0.));
#3527=CARTESIAN_POINT('Origin',(-3.00000000001577,-27.499999999959,0.));
#3528=CARTESIAN_POINT('',(-3.00000000001577,-27.499999999959,0.));
#3529=CARTESIAN_POINT('',(-3.00000000001577,-27.499999999959,0.));
#3530=CARTESIAN_POINT('',(-3.00000000001577,-27.499999999959,4.));
#3531=CARTESIAN_POINT('',(-3.00000000001577,-27.499999999959,4.));
#3532=CARTESIAN_POINT('',(-3.00000000001577,-27.499999999959,0.));
#3533=CARTESIAN_POINT('Origin',(-3.00000000001577,-25.499999999959,0.));
#3534=CARTESIAN_POINT('',(-5.00000000001577,-25.499999999959,0.));
#3535=CARTESIAN_POINT('Origin',(-3.00000000001577,-25.499999999959,0.));
#3536=CARTESIAN_POINT('',(-5.00000000001577,-25.499999999959,4.));
#3537=CARTESIAN_POINT('Origin',(-3.00000000001577,-25.499999999959,4.));
#3538=CARTESIAN_POINT('',(-5.00000000001577,-25.499999999959,0.));
#3539=CARTESIAN_POINT('Origin',(-5.00000000000388,-10.0000000000005,0.));
#3540=CARTESIAN_POINT('',(-5.00000000000388,-10.0000000000005,0.));
#3541=CARTESIAN_POINT('',(-5.00000000001577,-25.499999999959,0.));
#3542=CARTESIAN_POINT('',(-5.00000000000388,-10.0000000000005,4.));
#3543=CARTESIAN_POINT('',(-5.00000000001577,-25.499999999959,4.));
#3544=CARTESIAN_POINT('',(-5.00000000000388,-10.0000000000005,0.));
#3545=CARTESIAN_POINT('Origin',(-10.0000000000039,-10.0000000000005,0.));
#3546=CARTESIAN_POINT('',(-10.0000000000039,-5.00000000000051,0.));
#3547=CARTESIAN_POINT('Origin',(-10.0000000000039,-10.0000000000005,0.));
#3548=CARTESIAN_POINT('',(-10.0000000000039,-5.00000000000051,4.));
#3549=CARTESIAN_POINT('Origin',(-10.0000000000039,-10.0000000000005,4.));
#3550=CARTESIAN_POINT('',(-10.0000000000039,-5.00000000000051,0.));
#3551=CARTESIAN_POINT('Origin',(-25.5000000000107,-4.99999999999989,0.));
#3552=CARTESIAN_POINT('',(-25.5000000000107,-4.99999999999939,0.));
#3553=CARTESIAN_POINT('',(-10.0000000000039,-5.00000000000051,0.));
#3554=CARTESIAN_POINT('',(-25.5000000000107,-4.99999999999939,4.));
#3555=CARTESIAN_POINT('',(-10.0000000000039,-5.00000000000051,4.));
#3556=CARTESIAN_POINT('',(-25.5000000000107,-4.99999999999939,0.));
#3557=CARTESIAN_POINT('Origin',(-25.5000000000117,-2.99999999999957,0.));
#3558=CARTESIAN_POINT('',(-27.5000000000115,-2.99999999999957,0.));
#3559=CARTESIAN_POINT('Origin',(-25.5000000000117,-2.99999999999957,0.));
#3560=CARTESIAN_POINT('',(-27.5000000000115,-2.99999999999957,4.));
#3561=CARTESIAN_POINT('Origin',(-25.5000000000117,-2.99999999999957,4.));
#3562=CARTESIAN_POINT('',(-27.5000000000115,-2.99999999999957,0.));
#3563=CARTESIAN_POINT('Origin',(-27.5000000000115,2.99999999999691,0.));
#3564=CARTESIAN_POINT('',(-27.5000000000116,2.99999999999691,0.));
#3565=CARTESIAN_POINT('',(-27.5000000000115,-2.99999999999957,0.));
#3566=CARTESIAN_POINT('',(-27.5000000000116,2.99999999999691,4.));
#3567=CARTESIAN_POINT('',(-27.5000000000115,-2.99999999999957,4.));
#3568=CARTESIAN_POINT('',(-27.5000000000116,2.99999999999691,0.));
#3569=CARTESIAN_POINT('Origin',(-25.5000000000117,2.99999999999692,0.));
#3570=CARTESIAN_POINT('',(-25.5000000000117,4.99999999999689,0.));
#3571=CARTESIAN_POINT('Origin',(-25.5000000000117,2.99999999999692,0.));
#3572=CARTESIAN_POINT('',(-25.5000000000117,4.99999999999689,4.));
#3573=CARTESIAN_POINT('Origin',(-25.5000000000117,2.99999999999692,4.));
#3574=CARTESIAN_POINT('',(-25.5000000000117,4.99999999999689,0.));
#3575=CARTESIAN_POINT('Origin',(-10.0000000000158,4.99999999999708,0.));
#3576=CARTESIAN_POINT('',(-10.0000000000158,4.99999999999708,0.));
#3577=CARTESIAN_POINT('',(-25.5000000000117,4.99999999999689,0.));
#3578=CARTESIAN_POINT('',(-10.0000000000158,4.99999999999708,4.));
#3579=CARTESIAN_POINT('',(-25.5000000000117,4.99999999999689,4.));
#3580=CARTESIAN_POINT('',(-10.0000000000158,4.99999999999708,0.));
#3581=CARTESIAN_POINT('Origin',(-10.0000000000158,9.99999999999707,0.));
#3582=CARTESIAN_POINT('',(-5.00000000001577,9.99999999999707,0.));
#3583=CARTESIAN_POINT('Origin',(-10.0000000000158,9.99999999999707,0.));
#3584=CARTESIAN_POINT('',(-5.00000000001577,9.99999999999707,4.));
#3585=CARTESIAN_POINT('Origin',(-10.0000000000158,9.99999999999707,4.));
#3586=CARTESIAN_POINT('',(-5.00000000001577,9.99999999999707,0.));
#3587=CARTESIAN_POINT('Origin',(-5.00000000000786,25.4999999999879,0.));
#3588=CARTESIAN_POINT('',(-5.00000000000786,25.4999999999879,0.));
#3589=CARTESIAN_POINT('',(-5.00000000000786,25.4999999999879,0.));
#3590=CARTESIAN_POINT('',(-5.00000000000786,25.4999999999879,4.));
#3591=CARTESIAN_POINT('',(-5.00000000000786,25.4999999999879,4.));
#3592=CARTESIAN_POINT('',(-5.00000000000786,25.4999999999879,0.));
#3593=CARTESIAN_POINT('Origin',(-3.00000000000785,25.4999999999879,0.));
#3594=CARTESIAN_POINT('',(-3.00000000000785,27.4999999999879,0.));
#3595=CARTESIAN_POINT('Origin',(-3.00000000000785,25.4999999999879,0.));
#3596=CARTESIAN_POINT('',(-3.00000000000785,27.4999999999879,4.));
#3597=CARTESIAN_POINT('Origin',(-3.00000000000785,25.4999999999879,4.));
#3598=CARTESIAN_POINT('',(-3.00000000000785,27.4999999999879,0.));
#3599=CARTESIAN_POINT('Origin',(3.0000000000026,27.4999999999879,0.));
#3600=CARTESIAN_POINT('',(3.0000000000026,27.4999999999879,0.));
#3601=CARTESIAN_POINT('',(3.0000000000026,27.4999999999879,0.));
#3602=CARTESIAN_POINT('',(3.0000000000026,27.4999999999879,4.));
#3603=CARTESIAN_POINT('',(3.0000000000026,27.4999999999879,4.));
#3604=CARTESIAN_POINT('',(3.0000000000026,27.4999999999879,0.));
#3605=CARTESIAN_POINT('Origin',(3.0000000000026,25.4999999999879,0.));
#3606=CARTESIAN_POINT('',(5.0000000000026,25.4999999999879,0.));
#3607=CARTESIAN_POINT('Origin',(3.0000000000026,25.4999999999879,0.));
#3608=CARTESIAN_POINT('',(5.0000000000026,25.4999999999879,4.));
#3609=CARTESIAN_POINT('Origin',(3.0000000000026,25.4999999999879,4.));
#3610=CARTESIAN_POINT('',(5.0000000000026,25.4999999999879,0.));
#3611=CARTESIAN_POINT('Origin',(5.0000000000026,10.0000000000026,0.));
#3612=CARTESIAN_POINT('',(5.0000000000026,10.0000000000026,0.));
#3613=CARTESIAN_POINT('',(5.0000000000026,10.0000000000026,0.));
#3614=CARTESIAN_POINT('',(5.0000000000026,10.0000000000026,4.));
#3615=CARTESIAN_POINT('',(5.0000000000026,10.0000000000026,4.));
#3616=CARTESIAN_POINT('',(5.0000000000026,10.0000000000026,0.));
#3617=CARTESIAN_POINT('Origin',(10.0000000000026,10.0000000000026,0.));
#3618=CARTESIAN_POINT('',(10.0000000000026,5.00000000000257,0.));
#3619=CARTESIAN_POINT('Origin',(10.0000000000026,10.0000000000026,0.));
#3620=CARTESIAN_POINT('',(10.0000000000026,5.00000000000257,4.));
#3621=CARTESIAN_POINT('Origin',(10.0000000000026,10.0000000000026,4.));
#3622=CARTESIAN_POINT('',(10.0000000000026,5.00000000000257,0.));
#3623=CARTESIAN_POINT('Origin',(25.4999999999886,4.99999999999689,0.));
#3624=CARTESIAN_POINT('',(25.4999999999886,4.99999999999689,0.));
#3625=CARTESIAN_POINT('',(25.4999999999886,4.99999999999689,0.));
#3626=CARTESIAN_POINT('',(25.4999999999886,4.99999999999689,4.));
#3627=CARTESIAN_POINT('',(25.4999999999886,4.99999999999689,4.));
#3628=CARTESIAN_POINT('',(25.4999999999886,4.99999999999689,0.));
#3629=CARTESIAN_POINT('Origin',(25.4999999999886,2.99999999999715,0.));
#3630=CARTESIAN_POINT('',(27.4999999999885,2.99999999999715,0.));
#3631=CARTESIAN_POINT('Origin',(25.4999999999886,2.99999999999715,0.));
#3632=CARTESIAN_POINT('',(27.4999999999885,2.99999999999715,4.));
#3633=CARTESIAN_POINT('Origin',(25.4999999999886,2.99999999999715,4.));
#3634=CARTESIAN_POINT('',(27.4999999999885,2.99999999999715,0.));
#3635=CARTESIAN_POINT('Origin',(27.4999999999885,-3.00000007264266,0.));
#3636=CARTESIAN_POINT('',(27.4999999999887,-3.00000007264266,0.));
#3637=CARTESIAN_POINT('',(27.4999999999885,2.99999999999715,0.));
#3638=CARTESIAN_POINT('',(27.4999999999887,-3.00000007264266,4.));
#3639=CARTESIAN_POINT('',(27.4999999999885,2.99999999999715,4.));
#3640=CARTESIAN_POINT('',(27.4999999999887,-3.00000007264266,0.));
#3641=CARTESIAN_POINT('Origin',(25.5000000726315,-3.00000007264266,0.));
#3642=CARTESIAN_POINT('Origin',(25.5000000726315,-3.00000007264266,0.));
#3643=CARTESIAN_POINT('Origin',(25.5000000726315,-3.00000007264266,4.));
#3644=CARTESIAN_POINT('Origin',(-1.14441789378361E-11,1.4450662888521E-11,
4.));
#3645=CARTESIAN_POINT('Origin',(-1.14441789378361E-11,1.4450662888521E-11,
0.));
#3646=CARTESIAN_POINT('',(0.,0.,0.));
#3647=CARTESIAN_POINT('Origin',(0.,0.,0.));
#3648=CARTESIAN_POINT('',(-10.,-2.22044604925031E-15,4.));
#3649=CARTESIAN_POINT('Origin',(0.,0.,4.));
#3650=CARTESIAN_POINT('',(-10.,-1.22464679914735E-15,0.));
#3651=CARTESIAN_POINT('',(-10.,-1.22464679914735E-15,0.));
#3652=CARTESIAN_POINT('Origin',(0.,0.,0.));
#3653=CARTESIAN_POINT('Origin',(16.4590641947547,17.4670892203865,0.));
#3654=CARTESIAN_POINT('',(15.0448506323816,18.8813027827596,4.));
#3655=CARTESIAN_POINT('Origin',(16.4590641947547,17.4670892203865,4.));
#3656=CARTESIAN_POINT('',(15.0448506323816,18.8813027827596,0.));
#3657=CARTESIAN_POINT('',(15.0448506323816,18.8813027827596,0.));
#3658=CARTESIAN_POINT('Origin',(16.4590641947547,17.4670892203865,0.));
#3659=CARTESIAN_POINT('Origin',(-38.,0.,0.));
#3660=CARTESIAN_POINT('',(-43.875,0.,4.));
#3661=CARTESIAN_POINT('Origin',(-38.,0.,4.));
#3662=CARTESIAN_POINT('',(-43.875,-7.1947999449907E-16,0.));
#3663=CARTESIAN_POINT('',(-43.875,-7.1947999449907E-16,0.));
#3664=CARTESIAN_POINT('Origin',(-38.,0.,0.));
#3665=CARTESIAN_POINT('Origin',(-16.4590641947547,-17.4670892203865,0.));
#3666=CARTESIAN_POINT('',(-17.8732777571278,-16.0528756580134,4.));
#3667=CARTESIAN_POINT('Origin',(-16.4590641947547,-17.4670892203865,4.));
#3668=CARTESIAN_POINT('',(-17.8732777571278,-16.0528756580134,0.));
#3669=CARTESIAN_POINT('',(-17.8732777571278,-16.0528756580134,0.));
#3670=CARTESIAN_POINT('Origin',(-16.4590641947547,-17.4670892203865,0.));
#3671=CARTESIAN_POINT('Origin',(16.4590641947547,-17.4670892203866,0.));
#3672=CARTESIAN_POINT('',(15.0448506323816,-16.0528756580135,4.));
#3673=CARTESIAN_POINT('Origin',(16.4590641947547,-17.4670892203866,4.));
#3674=CARTESIAN_POINT('',(15.0448506323816,-16.0528756580135,0.));
#3675=CARTESIAN_POINT('',(15.0448506323816,-16.0528756580135,0.));
#3676=CARTESIAN_POINT('Origin',(16.4590641947547,-17.4670892203866,0.));
#3677=CARTESIAN_POINT('Origin',(0.,-25.,0.));
#3678=CARTESIAN_POINT('',(-2.,-25.,4.));
#3679=CARTESIAN_POINT('Origin',(0.,-25.,4.));
#3680=CARTESIAN_POINT('',(-2.,-25.,0.));
#3681=CARTESIAN_POINT('',(-2.,-25.,0.));
#3682=CARTESIAN_POINT('Origin',(0.,-25.,0.));
#3683=CARTESIAN_POINT('Origin',(-16.4590641947547,17.4670892203866,0.));
#3684=CARTESIAN_POINT('',(-17.8732777571278,18.8813027827597,4.));
#3685=CARTESIAN_POINT('Origin',(-16.4590641947547,17.4670892203866,4.));
#3686=CARTESIAN_POINT('',(-17.8732777571278,18.8813027827597,0.));
#3687=CARTESIAN_POINT('',(-17.8732777571278,18.8813027827597,0.));
#3688=CARTESIAN_POINT('Origin',(-16.4590641947547,17.4670892203866,0.));
#3689=CARTESIAN_POINT('Origin',(22.6690298227103,23.7134327968144,0.));
#3690=CARTESIAN_POINT('',(22.6690298227103,23.7134327968144,0.));
#3691=CARTESIAN_POINT('',(-17.0215174442218,23.7134327968144,0.));
#3692=CARTESIAN_POINT('',(22.6690298227103,23.7134327968144,0.));
#3693=CARTESIAN_POINT('',(-17.0215174442218,23.7134327968144,4.));
#3694=CARTESIAN_POINT('',(-17.0215174442218,23.7134327968144,0.));
#3695=CARTESIAN_POINT('',(22.6690298227103,23.7134327968144,4.));
#3696=CARTESIAN_POINT('',(22.6690298227103,23.7134327968144,4.));
#3697=CARTESIAN_POINT('',(22.6690298227103,23.7134327968144,0.));
#3698=CARTESIAN_POINT('Origin',(22.6690298227103,-19.0287565835233,0.));
#3699=CARTESIAN_POINT('',(22.6690298227103,-19.0287565835233,0.));
#3700=CARTESIAN_POINT('',(22.6690298227103,-19.0287565835233,0.));
#3701=CARTESIAN_POINT('',(22.6690298227103,-19.0287565835233,4.));
#3702=CARTESIAN_POINT('',(22.6690298227103,-19.0287565835233,4.));
#3703=CARTESIAN_POINT('',(22.6690298227103,-19.0287565835233,0.));
#3704=CARTESIAN_POINT('Origin',(4.24261153956011,-28.6202780103141,0.));
#3705=CARTESIAN_POINT('',(4.24261153956011,-28.6202780103141,0.));
#3706=CARTESIAN_POINT('',(4.24261153956011,-28.6202780103141,0.));
#3707=CARTESIAN_POINT('',(4.24261153956011,-28.6202780103141,4.));
#3708=CARTESIAN_POINT('',(4.24261153956011,-28.6202780103141,4.));
#3709=CARTESIAN_POINT('',(4.24261153956011,-28.6202780103141,0.));
#3710=CARTESIAN_POINT('Origin',(-1.61762642742134,-28.6202780103141,0.));
#3711=CARTESIAN_POINT('',(-1.61762642742134,-28.6202780103141,0.));
#3712=CARTESIAN_POINT('',(-1.61762642742134,-28.6202780103141,0.));
#3713=CARTESIAN_POINT('',(-1.61762642742134,-28.6202780103141,4.));
#3714=CARTESIAN_POINT('',(-1.61762642742134,-28.6202780103141,4.));
#3715=CARTESIAN_POINT('',(-1.61762642742134,-28.6202780103141,0.));
#3716=CARTESIAN_POINT('Origin',(-46.1604477490045,-6.76423416108741,0.));
#3717=CARTESIAN_POINT('',(-46.1604477490045,-6.76423416108741,0.));
#3718=CARTESIAN_POINT('',(-46.1604477490045,-6.76423416108741,0.));
#3719=CARTESIAN_POINT('',(-46.1604477490045,-6.76423416108741,4.));
#3720=CARTESIAN_POINT('',(-46.1604477490045,-6.76423416108741,4.));
#3721=CARTESIAN_POINT('',(-46.1604477490045,-6.76423416108741,0.));
#3722=CARTESIAN_POINT('Origin',(-46.1604477490045,6.23007461394476,0.));
#3723=CARTESIAN_POINT('',(-46.1604477490045,6.23007461394476,0.));
#3724=CARTESIAN_POINT('',(-46.1604477490045,6.23007461394476,0.));
#3725=CARTESIAN_POINT('',(-46.1604477490045,6.23007461394476,4.));
#3726=CARTESIAN_POINT('',(-46.1604477490045,6.23007461394476,4.));
#3727=CARTESIAN_POINT('',(-46.1604477490045,6.23007461394476,0.));
#3728=CARTESIAN_POINT('Origin',(-17.0215174442218,23.7134327968144,0.));
#3729=CARTESIAN_POINT('',(-17.0215174442218,23.7134327968144,0.));
#3730=CARTESIAN_POINT('',(-17.0215174442218,23.7134327968144,4.));
#3731=CARTESIAN_POINT('Origin',(-11.7457089631471,-2.45342260674985,4.));
#3732=CARTESIAN_POINT('Origin',(-11.7457089631471,-2.45342260674985,0.));
#3733=CARTESIAN_POINT('',(0.,0.,0.));
#3734=CARTESIAN_POINT('Origin',(0.,0.,-6.));
#3735=CARTESIAN_POINT('',(-2.,-2.44929359829471E-16,-6.));
#3736=CARTESIAN_POINT('Origin',(0.,0.,-6.));
#3737=CARTESIAN_POINT('Origin',(0.,0.,69.));
#3738=CARTESIAN_POINT('',(-2.,-2.44929359829471E-16,69.));
#3739=CARTESIAN_POINT('Origin',(0.,0.,69.));
#3740=CARTESIAN_POINT('',(1.5,1.83697019872103E-16,69.));
#3741=CARTESIAN_POINT('Origin',(0.,0.,69.));
#3742=CARTESIAN_POINT('Origin',(0.,0.,75.));
#3743=CARTESIAN_POINT('',(1.5,1.83697019872103E-16,66.));
#3744=CARTESIAN_POINT('',(1.5,-1.83697019872103E-16,75.));
#3745=CARTESIAN_POINT('Origin',(0.,0.,66.));
#3746=CARTESIAN_POINT('Origin',(0.,0.,66.));
#3747=CARTESIAN_POINT('Origin',(0.,0.,0.));
#3748=CARTESIAN_POINT('',(-2.,2.44929359829471E-16,65.));
#3749=CARTESIAN_POINT('',(-2.,-2.44929359829471E-16,0.));
#3750=CARTESIAN_POINT('Origin',(0.,0.,65.));
#3751=CARTESIAN_POINT('Origin',(0.,0.,0.));
#3752=CARTESIAN_POINT('',(-2.,-2.44929359829471E-16,10.));
#3753=CARTESIAN_POINT('',(-2.,-2.44929359829471E-16,0.));
#3754=CARTESIAN_POINT('Origin',(0.,0.,10.));
#3755=CARTESIAN_POINT('Origin',(0.,0.,10.));
#3756=CARTESIAN_POINT('',(-4.5,-5.51091059616309E-16,10.));
#3757=CARTESIAN_POINT('Origin',(0.,0.,10.));
#3758=CARTESIAN_POINT('Origin',(0.,0.,0.));
#3759=CARTESIAN_POINT('',(-4.5,-5.51091059616309E-16,65.));
#3760=CARTESIAN_POINT('Origin',(0.,0.,65.));
#3761=CARTESIAN_POINT('',(-4.5,-5.51091059616309E-16,0.));
#3762=CARTESIAN_POINT('Origin',(0.,0.,65.));
#3763=CARTESIAN_POINT('',(0.,0.,0.));
#3764=CARTESIAN_POINT('Origin',(25.5,4.,4.));
#3765=CARTESIAN_POINT('',(25.5,4.,10.));
#3766=CARTESIAN_POINT('',(25.5,-4.,10.));
#3767=CARTESIAN_POINT('Origin',(25.5,0.,10.));
#3768=CARTESIAN_POINT('',(25.5,4.,7.));
#3769=CARTESIAN_POINT('',(25.5,4.,4.));
#3770=CARTESIAN_POINT('',(25.5,7.,4.));
#3771=CARTESIAN_POINT('Origin',(25.5,7.,7.));
#3772=CARTESIAN_POINT('',(25.5,-7.,4.));
#3773=CARTESIAN_POINT('',(25.5,6.39823463271749,4.));
#3774=CARTESIAN_POINT('',(25.5,-4.,7.));
#3775=CARTESIAN_POINT('Origin',(25.5,-7.,7.));
#3776=CARTESIAN_POINT('',(25.5,-4.,4.));
#3777=CARTESIAN_POINT('',(25.5,-1.5,10.0000001490116));
#3778=CARTESIAN_POINT('Origin',(25.5,0.,10.0000001490116));
#3779=CARTESIAN_POINT('Origin',(14.2213023756997,7.,7.));
#3780=CARTESIAN_POINT('',(28.5,4.,7.));
#3781=CARTESIAN_POINT('',(14.2213023756997,4.,7.));
#3782=CARTESIAN_POINT('',(28.5,7.,4.));
#3783=CARTESIAN_POINT('Origin',(28.5,7.,7.));
#3784=CARTESIAN_POINT('',(14.2213023756997,7.,4.));
#3785=CARTESIAN_POINT('Origin',(28.5,4.,4.));
#3786=CARTESIAN_POINT('',(28.5,4.,10.));
#3787=CARTESIAN_POINT('',(27.5,4.,10.));
#3788=CARTESIAN_POINT('',(28.5,4.,4.));
#3789=CARTESIAN_POINT('Origin',(25.5,0.,10.));
#3790=CARTESIAN_POINT('',(28.5,-4.,10.));
#3791=CARTESIAN_POINT('',(25.5,-4.,10.));
#3792=CARTESIAN_POINT('Origin',(28.5,0.,10.));
#3793=CARTESIAN_POINT('Origin',(-25.5,-4.,4.));
#3794=CARTESIAN_POINT('',(-25.5,-4.,10.));
#3795=CARTESIAN_POINT('',(-25.5,4.,10.));
#3796=CARTESIAN_POINT('Origin',(-25.5,0.,10.));
#3797=CARTESIAN_POINT('',(-25.5,-4.,7.));
#3798=CARTESIAN_POINT('',(-25.5,-4.,4.));
#3799=CARTESIAN_POINT('',(-25.5,-7.,4.));
#3800=CARTESIAN_POINT('Origin',(-25.5,-7.,7.));
#3801=CARTESIAN_POINT('',(-25.5,7.,4.));
#3802=CARTESIAN_POINT('',(-25.5,2.39823463271749,4.));
#3803=CARTESIAN_POINT('',(-25.5,4.,7.));
#3804=CARTESIAN_POINT('Origin',(-25.5,7.,7.));
#3805=CARTESIAN_POINT('',(-25.5,4.,4.));
#3806=CARTESIAN_POINT('',(-25.5,-1.5,10.0000001490116));
#3807=CARTESIAN_POINT('Origin',(-25.5,0.,10.0000001490116));
#3808=CARTESIAN_POINT('Origin',(-28.5,-4.,4.));
#3809=CARTESIAN_POINT('',(-28.5,-4.,10.));
#3810=CARTESIAN_POINT('',(-27.5,-4.,10.));
#3811=CARTESIAN_POINT('',(-28.5,-4.,7.));
#3812=CARTESIAN_POINT('',(-28.5,-4.,4.));
#3813=CARTESIAN_POINT('',(-14.2786976243003,-4.,7.));
#3814=CARTESIAN_POINT('Origin',(-27.5,0.,10.));
#3815=CARTESIAN_POINT('',(-28.5,4.,10.));
#3816=CARTESIAN_POINT('',(-25.5,4.,10.));
#3817=CARTESIAN_POINT('Origin',(-28.5,0.,10.));
#3818=CARTESIAN_POINT('Origin',(-24.5,4.,4.));
#3819=CARTESIAN_POINT('',(-28.5,4.,7.));
#3820=CARTESIAN_POINT('',(-12.2786976243003,4.,7.));
#3821=CARTESIAN_POINT('',(-28.5,4.,4.));
#3822=CARTESIAN_POINT('Origin',(33.5,4.,4.));
#3823=CARTESIAN_POINT('',(33.5,4.,10.));
#3824=CARTESIAN_POINT('',(33.5,-4.,10.));
#3825=CARTESIAN_POINT('Origin',(33.5,0.,10.));
#3826=CARTESIAN_POINT('',(33.5,4.,7.));
#3827=CARTESIAN_POINT('',(33.5,4.,4.));
#3828=CARTESIAN_POINT('',(33.5,7.,4.));
#3829=CARTESIAN_POINT('Origin',(33.5,7.,7.));
#3830=CARTESIAN_POINT('',(33.5,-7.,4.));
#3831=CARTESIAN_POINT('',(33.5,6.39823463271749,4.));
#3832=CARTESIAN_POINT('',(33.5,-4.,7.));
#3833=CARTESIAN_POINT('Origin',(33.5,-7.,7.));
#3834=CARTESIAN_POINT('',(33.5,-4.,4.));
#3835=CARTESIAN_POINT('',(33.5,-1.5,10.0000001490116));
#3836=CARTESIAN_POINT('Origin',(33.5,0.,10.0000001490116));
#3837=CARTESIAN_POINT('Origin',(18.2213023756997,7.,7.));
#3838=CARTESIAN_POINT('',(36.5,4.,7.));
#3839=CARTESIAN_POINT('',(18.2213023756997,4.,7.));
#3840=CARTESIAN_POINT('',(36.5,7.,4.));
#3841=CARTESIAN_POINT('Origin',(36.5,7.,7.));
#3842=CARTESIAN_POINT('',(18.2213023756997,7.,4.));
#3843=CARTESIAN_POINT('Origin',(36.5,4.,4.));
#3844=CARTESIAN_POINT('',(36.5,4.,10.));
#3845=CARTESIAN_POINT('',(35.5,4.,10.));
#3846=CARTESIAN_POINT('',(36.5,4.,4.));
#3847=CARTESIAN_POINT('Origin',(33.5,0.,10.));
#3848=CARTESIAN_POINT('',(36.5,-4.,10.));
#3849=CARTESIAN_POINT('',(33.5,-4.,10.));
#3850=CARTESIAN_POINT('Origin',(36.5,0.,10.));
#3851=CARTESIAN_POINT('Origin',(-33.5,-4.,4.));
#3852=CARTESIAN_POINT('',(-33.5,-4.,10.));
#3853=CARTESIAN_POINT('',(-33.5,4.,10.));
#3854=CARTESIAN_POINT('Origin',(-33.5,0.,10.));
#3855=CARTESIAN_POINT('',(-33.5,-4.,7.));
#3856=CARTESIAN_POINT('',(-33.5,-4.,4.));
#3857=CARTESIAN_POINT('',(-33.5,-7.,4.));
#3858=CARTESIAN_POINT('Origin',(-33.5,-7.,7.));
#3859=CARTESIAN_POINT('',(-33.5,7.,4.));
#3860=CARTESIAN_POINT('',(-33.5,2.39823463271749,4.));
#3861=CARTESIAN_POINT('',(-33.5,4.,7.));
#3862=CARTESIAN_POINT('Origin',(-33.5,7.,7.));
#3863=CARTESIAN_POINT('',(-33.5,4.,4.));
#3864=CARTESIAN_POINT('',(-33.5,-1.5,10.0000001490116));
#3865=CARTESIAN_POINT('Origin',(-33.5,0.,10.0000001490116));
#3866=CARTESIAN_POINT('Origin',(-36.5,-4.,4.));
#3867=CARTESIAN_POINT('',(-36.5,-4.,10.));
#3868=CARTESIAN_POINT('',(-35.5,-4.,10.));
#3869=CARTESIAN_POINT('',(-36.5,-4.,7.));
#3870=CARTESIAN_POINT('',(-36.5,-4.,4.));
#3871=CARTESIAN_POINT('',(-18.2786976243003,-4.,7.));
#3872=CARTESIAN_POINT('Origin',(-35.5,0.,10.));
#3873=CARTESIAN_POINT('',(-36.5,4.,10.));
#3874=CARTESIAN_POINT('',(-33.5,4.,10.));
#3875=CARTESIAN_POINT('Origin',(-36.5,0.,10.));
#3876=CARTESIAN_POINT('Origin',(-32.5,4.,4.));
#3877=CARTESIAN_POINT('',(-36.5,4.,7.));
#3878=CARTESIAN_POINT('',(-16.2786976243003,4.,7.));
#3879=CARTESIAN_POINT('',(-36.5,4.,4.));
#3880=CARTESIAN_POINT('Origin',(-12.2786976243003,7.,7.));
#3881=CARTESIAN_POINT('',(-28.5,7.,4.));
#3882=CARTESIAN_POINT('',(-12.2786976243003,7.,4.));
#3883=CARTESIAN_POINT('Origin',(-28.5,7.,7.));
#3884=CARTESIAN_POINT('Origin',(-16.2786976243003,7.,7.));
#3885=CARTESIAN_POINT('',(-36.5,7.,4.));
#3886=CARTESIAN_POINT('',(-16.2786976243003,7.,4.));
#3887=CARTESIAN_POINT('Origin',(-36.5,7.,7.));
#3888=CARTESIAN_POINT('Origin',(-14.2786976243003,-7.,7.));
#3889=CARTESIAN_POINT('',(-28.5,-7.,4.));
#3890=CARTESIAN_POINT('Origin',(-28.5,-7.,7.));
#3891=CARTESIAN_POINT('',(-14.2786976243003,-7.,4.));
#3892=CARTESIAN_POINT('Origin',(-18.2786976243003,-7.,7.));
#3893=CARTESIAN_POINT('',(-36.5,-7.,4.));
#3894=CARTESIAN_POINT('Origin',(-36.5,-7.,7.));
#3895=CARTESIAN_POINT('',(-18.2786976243003,-7.,4.));
#3896=CARTESIAN_POINT('Origin',(16.2213023756997,-7.,7.));
#3897=CARTESIAN_POINT('',(36.5,-7.,4.));
#3898=CARTESIAN_POINT('',(16.2213023756997,-7.,4.));
#3899=CARTESIAN_POINT('',(36.5,-4.,7.));
#3900=CARTESIAN_POINT('Origin',(36.5,-7.,7.));
#3901=CARTESIAN_POINT('',(16.2213023756997,-4.,7.));
#3902=CARTESIAN_POINT('Origin',(32.5,-4.,4.));
#3903=CARTESIAN_POINT('',(36.5,-4.,4.));
#3904=CARTESIAN_POINT('Origin',(12.2213023756997,-7.,7.));
#3905=CARTESIAN_POINT('',(28.5,-7.,4.));
#3906=CARTESIAN_POINT('',(12.2213023756997,-7.,4.));
#3907=CARTESIAN_POINT('',(28.5,-4.,7.));
#3908=CARTESIAN_POINT('Origin',(28.5,-7.,7.));
#3909=CARTESIAN_POINT('',(12.2213023756997,-4.,7.));
#3910=CARTESIAN_POINT('Origin',(24.5,-4.,4.));
#3911=CARTESIAN_POINT('',(28.5,-4.,4.));
#3912=CARTESIAN_POINT('Origin',(28.5,-4.,4.));
#3913=CARTESIAN_POINT('',(28.5,2.39823463271749,4.));
#3914=CARTESIAN_POINT('',(28.5,-1.5,10.0000001490116));
#3915=CARTESIAN_POINT('Origin',(28.5,0.,10.0000001490116));
#3916=CARTESIAN_POINT('Origin',(36.5,-4.,4.));
#3917=CARTESIAN_POINT('',(36.5,2.39823463271749,4.));
#3918=CARTESIAN_POINT('',(36.5,-1.5,10.0000001490116));
#3919=CARTESIAN_POINT('Origin',(36.5,0.,10.0000001490116));
#3920=CARTESIAN_POINT('Origin',(36.5,0.,10.0000001490116));
#3921=CARTESIAN_POINT('',(36.5,-1.5,10.0000001490116));
#3922=CARTESIAN_POINT('Origin',(36.5,0.,10.0000001490116));
#3923=CARTESIAN_POINT('',(-28.5,-1.5,10.0000001490116));
#3924=CARTESIAN_POINT('',(36.5,-1.5,10.0000001490116));
#3925=CARTESIAN_POINT('Origin',(-28.5,0.,10.0000001490116));
#3926=CARTESIAN_POINT('Origin',(36.5,0.,10.0000001490116));
#3927=CARTESIAN_POINT('',(36.5,-1.5,10.0000001490116));
#3928=CARTESIAN_POINT('Origin',(36.5,0.,10.0000001490116));
#3929=CARTESIAN_POINT('',(-36.5,-1.5,10.0000001490116));
#3930=CARTESIAN_POINT('',(36.5,-1.5,10.0000001490116));
#3931=CARTESIAN_POINT('Origin',(-36.5,0.,10.0000001490116));
#3932=CARTESIAN_POINT('Origin',(-36.5,4.,4.));
#3933=CARTESIAN_POINT('',(-36.5,6.39823463271749,4.));
#3934=CARTESIAN_POINT('Origin',(-28.5,4.,4.));
#3935=CARTESIAN_POINT('',(-28.5,6.39823463271749,4.));
#3936=CARTESIAN_POINT('Origin',(-25.0000000745058,15.0000002235174,0.));
#3937=CARTESIAN_POINT('',(-20.,15.0000002235174,0.));
#3938=CARTESIAN_POINT('',(-25.0000000745058,15.0000002235174,0.));
#3939=CARTESIAN_POINT('',(-12.5286976615532,15.0000002235174,0.));
#3940=CARTESIAN_POINT('',(-20.,15.0000002235174,-6.));
#3941=CARTESIAN_POINT('',(-20.,15.0000002235174,0.));
#3942=CARTESIAN_POINT('',(-25.0000000745058,15.0000002235174,-6.));
#3943=CARTESIAN_POINT('',(-20.,15.0000002235174,-6.));
#3944=CARTESIAN_POINT('',(-25.0000000745058,15.0000002235174,0.));
#3945=CARTESIAN_POINT('Origin',(-25.0000000745058,5.00000007450581,0.));
#3946=CARTESIAN_POINT('',(-25.0000000745058,5.00000007450581,0.));
#3947=CARTESIAN_POINT('',(-25.0000000745058,6.89823466997039,0.));
#3948=CARTESIAN_POINT('',(-25.0000000745058,5.00000007450581,-6.));
#3949=CARTESIAN_POINT('',(-25.0000000745058,15.0000002235174,-6.));
#3950=CARTESIAN_POINT('',(-25.0000000745058,5.00000007450581,0.));
#3951=CARTESIAN_POINT('Origin',(-20.,5.00000007450581,0.));
#3952=CARTESIAN_POINT('',(-20.,5.00000007450581,0.));
#3953=CARTESIAN_POINT('',(-10.0286976243003,5.00000007450581,0.));
#3954=CARTESIAN_POINT('',(-20.,5.00000007450581,-6.));
#3955=CARTESIAN_POINT('',(-25.0000000745058,5.00000007450581,-6.));
#3956=CARTESIAN_POINT('',(-20.,5.00000007450581,0.));
#3957=CARTESIAN_POINT('Origin',(-20.,15.0000002235174,0.));
#3958=CARTESIAN_POINT('',(-20.,11.8982347444762,0.));
#3959=CARTESIAN_POINT('',(-20.,5.00000007450581,-6.));
#3960=CARTESIAN_POINT('Origin',(-22.5000000372529,10.0000001490116,-6.));
#3961=CARTESIAN_POINT('Origin',(20.,5.00000007450581,0.));
#3962=CARTESIAN_POINT('',(20.,15.0000002235174,0.));
#3963=CARTESIAN_POINT('',(20.,5.00000007450581,0.));
#3964=CARTESIAN_POINT('',(20.,6.89823466997039,0.));
#3965=CARTESIAN_POINT('',(20.,15.0000002235174,-6.));
#3966=CARTESIAN_POINT('',(20.,15.0000002235174,0.));
#3967=CARTESIAN_POINT('',(20.,5.00000007450581,-6.));
#3968=CARTESIAN_POINT('',(20.,5.00000007450581,-6.));
#3969=CARTESIAN_POINT('',(20.,5.00000007450581,0.));
#3970=CARTESIAN_POINT('Origin',(25.0000000745058,5.00000007450581,0.));
#3971=CARTESIAN_POINT('',(25.0000000745058,5.00000007450581,0.));
#3972=CARTESIAN_POINT('',(12.4713024129526,5.00000007450581,0.));
#3973=CARTESIAN_POINT('',(25.0000000745058,5.00000007450581,-6.));
#3974=CARTESIAN_POINT('',(25.0000000745058,5.00000007450581,-6.));
#3975=CARTESIAN_POINT('',(25.0000000745058,5.00000007450581,0.));
#3976=CARTESIAN_POINT('Origin',(25.0000000745058,15.0000002235174,0.));
#3977=CARTESIAN_POINT('',(25.0000000745058,15.0000002235174,0.));
#3978=CARTESIAN_POINT('',(25.0000000745058,11.8982347444762,0.));
#3979=CARTESIAN_POINT('',(25.0000000745058,15.0000002235174,-6.));
#3980=CARTESIAN_POINT('',(25.0000000745058,15.0000002235174,-6.));
#3981=CARTESIAN_POINT('',(25.0000000745058,15.0000002235174,0.));
#3982=CARTESIAN_POINT('Origin',(20.,15.0000002235174,0.));
#3983=CARTESIAN_POINT('',(9.9713023756997,15.0000002235174,0.));
#3984=CARTESIAN_POINT('',(20.,15.0000002235174,-6.));
#3985=CARTESIAN_POINT('Origin',(22.5000000372529,10.0000001490116,-6.));
#3986=CARTESIAN_POINT('Origin',(-30.0000000745058,10.,0.));
#3987=CARTESIAN_POINT('',(-31.5000000745058,10.,4.));
#3988=CARTESIAN_POINT('Origin',(-30.0000000745058,10.,4.));
#3989=CARTESIAN_POINT('',(-31.5000000745058,10.,0.));
#3990=CARTESIAN_POINT('',(-31.5000000745058,10.,0.));
#3991=CARTESIAN_POINT('Origin',(-30.0000000745058,10.,0.));
#3992=CARTESIAN_POINT('Origin',(30.0000000745058,10.,0.));
#3993=CARTESIAN_POINT('',(28.5000000745058,10.,4.));
#3994=CARTESIAN_POINT('Origin',(30.0000000745058,10.,4.));
#3995=CARTESIAN_POINT('',(28.5000000745058,10.,0.));
#3996=CARTESIAN_POINT('',(28.5000000745058,10.,0.));
#3997=CARTESIAN_POINT('Origin',(30.0000000745058,10.,0.));
#3998=CARTESIAN_POINT('Origin',(15.,10.,0.));
#3999=CARTESIAN_POINT('',(13.5,10.,4.));
#4000=CARTESIAN_POINT('Origin',(15.,10.,4.));
#4001=CARTESIAN_POINT('',(13.5,10.,0.));
#4002=CARTESIAN_POINT('',(13.5,10.,0.));
#4003=CARTESIAN_POINT('Origin',(15.,10.,0.));
#4004=CARTESIAN_POINT('Origin',(-15.,10.,0.));
#4005=CARTESIAN_POINT('',(-16.5,10.,4.));
#4006=CARTESIAN_POINT('Origin',(-15.,10.,4.));
#4007=CARTESIAN_POINT('',(-16.5,10.,0.));
#4008=CARTESIAN_POINT('',(-16.5,10.,0.));
#4009=CARTESIAN_POINT('Origin',(-15.,10.,0.));
#4010=CARTESIAN_POINT('Origin',(-48.3521929979716,29.7304661574147,0.));
#4011=CARTESIAN_POINT('',(-48.2005405742624,0.852853430221759,0.));
#4012=CARTESIAN_POINT('',(-48.3521929979716,29.7304661574147,0.));
#4013=CARTESIAN_POINT('',(-48.2374025007703,7.87209131668865,0.));
#4014=CARTESIAN_POINT('',(-48.2005405742624,0.852853430221759,4.));
#4015=CARTESIAN_POINT('',(-48.2005405742624,0.852853430221759,0.));
#4016=CARTESIAN_POINT('',(-48.3521929979716,29.7304661574147,4.));
#4017=CARTESIAN_POINT('',(-48.2374025007703,7.87209131668865,4.));
#4018=CARTESIAN_POINT('',(-48.3521929979716,29.7304661574147,0.));
#4019=CARTESIAN_POINT('Origin',(1.33226762955019E-14,145.,0.));
#4020=CARTESIAN_POINT('',(48.2374025007704,29.6823820919862,0.));
#4021=CARTESIAN_POINT('Origin',(1.33226762955019E-14,145.,0.));
#4022=CARTESIAN_POINT('',(48.2374025007704,29.6823820919862,4.));
#4023=CARTESIAN_POINT('Origin',(1.33226762955019E-14,145.,4.));
#4024=CARTESIAN_POINT('',(48.2374025007704,29.6823820919862,0.));
#4025=CARTESIAN_POINT('Origin',(48.2374025007704,0.852853430221812,0.));
#4026=CARTESIAN_POINT('',(48.2374025007704,0.852853430221812,0.));
#4027=CARTESIAN_POINT('',(48.2374025007704,0.852853430221812,0.));
#4028=CARTESIAN_POINT('',(48.2374025007704,0.852853430221812,4.));
#4029=CARTESIAN_POINT('',(48.2374025007704,0.852853430221812,4.));
#4030=CARTESIAN_POINT('',(48.2374025007704,0.852853430221812,0.));
#4031=CARTESIAN_POINT('Origin',(40.7374025007704,-12.1375276265448,0.));
#4032=CARTESIAN_POINT('',(40.7374025007704,-12.1375276265448,0.));
#4033=CARTESIAN_POINT('',(33.2374025007704,-25.1279086833114,0.));
#4034=CARTESIAN_POINT('',(40.7374025007704,-12.1375276265448,4.));
#4035=CARTESIAN_POINT('',(33.2374025007704,-25.1279086833114,4.));
#4036=CARTESIAN_POINT('',(40.7374025007704,-12.1375276265448,0.));
#4037=CARTESIAN_POINT('Origin',(-40.7374025007703,-12.1375276265448,0.));
#4038=CARTESIAN_POINT('',(-40.7374025007703,-12.1375276265448,0.));
#4039=CARTESIAN_POINT('',(-40.7374025007703,-12.1375276265448,0.));
#4040=CARTESIAN_POINT('',(-40.7374025007703,-12.1375276265448,4.));
#4041=CARTESIAN_POINT('',(-40.7374025007703,-12.1375276265448,4.));
#4042=CARTESIAN_POINT('',(-40.7374025007703,-12.1375276265448,0.));
#4043=CARTESIAN_POINT('Origin',(-48.2005405742624,0.852853430221759,0.));
#4044=CARTESIAN_POINT('',(-48.2005405742624,0.852853430221759,0.));
#4045=CARTESIAN_POINT('',(-48.2005405742624,0.852853430221759,4.));
#4046=CARTESIAN_POINT('Origin',(-0.0573952486005957,8.79646926543498,4.));
#4047=CARTESIAN_POINT('Origin',(-0.0573952486005957,8.79646926543498,0.));
#4048=CARTESIAN_POINT('',(1.20635779547122E-14,13.5524058299808,13.5524058299808));
#4049=CARTESIAN_POINT('',(1.41421356237312,17.5524058299808,12.1381922676077));
#4050=CARTESIAN_POINT('',(0.902715008650721,-15.4475941700192,11.6416657956983));
#4051=CARTESIAN_POINT('',(0.90271500865073,45.5524058299808,11.6416657956983));
#4052=CARTESIAN_POINT('',(-37.0972849913493,-24.4475941700192,11.6416657956983));
#4053=CARTESIAN_POINT('',(0.902715008650735,13.0524058299809,-23.3583343533133));
#4054=UNCERTAINTY_MEASURE_WITH_UNIT(LENGTH_MEASURE(0.01),#4068,
'DISTANCE_ACCURACY_VALUE',
'Maximum model space distance between geometric entities at asserted c
onnectivities');
#4055=UNCERTAINTY_MEASURE_WITH_UNIT(LENGTH_MEASURE(0.01),#4068,
'DISTANCE_ACCURACY_VALUE',
'Maximum model space distance between geometric entities at asserted c
onnectivities');
#4056=UNCERTAINTY_MEASURE_WITH_UNIT(LENGTH_MEASURE(0.01),#4068,
'DISTANCE_ACCURACY_VALUE',
'Maximum model space distance between geometric entities at asserted c
onnectivities');
#4057=UNCERTAINTY_MEASURE_WITH_UNIT(LENGTH_MEASURE(0.01),#4068,
'DISTANCE_ACCURACY_VALUE',
'Maximum model space distance between geometric entities at asserted c
onnectivities');
#4058=UNCERTAINTY_MEASURE_WITH_UNIT(LENGTH_MEASURE(0.01),#4068,
'DISTANCE_ACCURACY_VALUE',
'Maximum model space distance between geometric entities at asserted c
onnectivities');
#4059=UNCERTAINTY_MEASURE_WITH_UNIT(LENGTH_MEASURE(0.01),#4068,
'DISTANCE_ACCURACY_VALUE',
'Maximum model space distance between geometric entities at asserted c
onnectivities');
#4060=UNCERTAINTY_MEASURE_WITH_UNIT(LENGTH_MEASURE(0.01),#4068,
'DISTANCE_ACCURACY_VALUE',
'Maximum model space distance between geometric entities at asserted c
onnectivities');
#4061=(
GEOMETRIC_REPRESENTATION_CONTEXT(3)
GLOBAL_UNCERTAINTY_ASSIGNED_CONTEXT((#4054))
GLOBAL_UNIT_ASSIGNED_CONTEXT((#4068,#4070,#4071))
REPRESENTATION_CONTEXT('','3D')
);
#4062=(
GEOMETRIC_REPRESENTATION_CONTEXT(3)
GLOBAL_UNCERTAINTY_ASSIGNED_CONTEXT((#4055))
GLOBAL_UNIT_ASSIGNED_CONTEXT((#4068,#4070,#4071))
REPRESENTATION_CONTEXT('','3D')
);
#4063=(
GEOMETRIC_REPRESENTATION_CONTEXT(3)
GLOBAL_UNCERTAINTY_ASSIGNED_CONTEXT((#4056))
GLOBAL_UNIT_ASSIGNED_CONTEXT((#4068,#4070,#4071))
REPRESENTATION_CONTEXT('','3D')
);
#4064=(
GEOMETRIC_REPRESENTATION_CONTEXT(3)
GLOBAL_UNCERTAINTY_ASSIGNED_CONTEXT((#4057))
GLOBAL_UNIT_ASSIGNED_CONTEXT((#4068,#4070,#4071))
REPRESENTATION_CONTEXT('','3D')
);
#4065=(
GEOMETRIC_REPRESENTATION_CONTEXT(3)
GLOBAL_UNCERTAINTY_ASSIGNED_CONTEXT((#4058))
GLOBAL_UNIT_ASSIGNED_CONTEXT((#4068,#4070,#4071))
REPRESENTATION_CONTEXT('','3D')
);
#4066=(
GEOMETRIC_REPRESENTATION_CONTEXT(3)
GLOBAL_UNCERTAINTY_ASSIGNED_CONTEXT((#4059))
GLOBAL_UNIT_ASSIGNED_CONTEXT((#4068,#4070,#4071))
REPRESENTATION_CONTEXT('','3D')
);
#4067=(
GEOMETRIC_REPRESENTATION_CONTEXT(3)
GLOBAL_UNCERTAINTY_ASSIGNED_CONTEXT((#4060))
GLOBAL_UNIT_ASSIGNED_CONTEXT((#4068,#4070,#4071))
REPRESENTATION_CONTEXT('','3D')
);
#4068=(
LENGTH_UNIT()
NAMED_UNIT(*)
SI_UNIT(.MILLI.,.METRE.)
);
#4069=(
LENGTH_UNIT()
NAMED_UNIT(*)
SI_UNIT($,.METRE.)
);
#4070=(
NAMED_UNIT(*)
PLANE_ANGLE_UNIT()
SI_UNIT($,.RADIAN.)
);
#4071=(
NAMED_UNIT(*)
SI_UNIT($,.STERADIAN.)
SOLID_ANGLE_UNIT()
);
#4072=SHAPE_DEFINITION_REPRESENTATION(#4078,#4090);
#4073=SHAPE_DEFINITION_REPRESENTATION(#4079,#4091);
#4074=SHAPE_DEFINITION_REPRESENTATION(#4080,#4092);
#4075=SHAPE_DEFINITION_REPRESENTATION(#4081,#4093);
#4076=SHAPE_DEFINITION_REPRESENTATION(#4082,#4094);
#4077=SHAPE_DEFINITION_REPRESENTATION(#4083,#4095);
#4078=PRODUCT_DEFINITION_SHAPE('',$,#4097);
#4079=PRODUCT_DEFINITION_SHAPE('',$,#4098);
#4080=PRODUCT_DEFINITION_SHAPE('',$,#4099);
#4081=PRODUCT_DEFINITION_SHAPE('',$,#4100);
#4082=PRODUCT_DEFINITION_SHAPE('',$,#4101);
#4083=PRODUCT_DEFINITION_SHAPE('',$,#4102);
#4084=PRODUCT_DEFINITION_SHAPE($,$,#29);
#4085=PRODUCT_DEFINITION_SHAPE($,$,#30);
#4086=PRODUCT_DEFINITION_SHAPE($,$,#31);
#4087=PRODUCT_DEFINITION_SHAPE($,$,#32);
#4088=PRODUCT_DEFINITION_SHAPE($,$,#33);
#4089=PRODUCT_DEFINITION_SHAPE($,$,#34);
#4090=SHAPE_REPRESENTATION('',(#2412,#2668,#2669,#2670,#2671,#2672,#2673),
#4061);
#4091=SHAPE_REPRESENTATION('',(#2413),#4062);
#4092=SHAPE_REPRESENTATION('',(#2447),#4063);
#4093=SHAPE_REPRESENTATION('',(#2522),#4064);
#4094=SHAPE_REPRESENTATION('',(#2553),#4065);
#4095=SHAPE_REPRESENTATION('',(#2571),#4066);
#4096=PRODUCT_DEFINITION_CONTEXT('part definition',#4116,'design');
#4097=PRODUCT_DEFINITION('dribler','dribler v4',#4103,#4096);
#4098=PRODUCT_DEFINITION('motor_1000KV','motor_1000KV v1',#4104,#4096);
#4099=PRODUCT_DEFINITION('motor_holder','motor_holder v5',#4105,#4096);
#4100=PRODUCT_DEFINITION('dribler_polovinka','dribler_polovinka v6',#4106,
#4096);
#4101=PRODUCT_DEFINITION('val','val v3',#4107,#4096);
#4102=PRODUCT_DEFINITION('dribler_holder','dribler_holder v6',#4108,#4096);
#4103=PRODUCT_DEFINITION_FORMATION('',$,#4118);
#4104=PRODUCT_DEFINITION_FORMATION('',$,#4119);
#4105=PRODUCT_DEFINITION_FORMATION('',$,#4120);
#4106=PRODUCT_DEFINITION_FORMATION('',$,#4121);
#4107=PRODUCT_DEFINITION_FORMATION('',$,#4122);
#4108=PRODUCT_DEFINITION_FORMATION('',$,#4123);
#4109=PRODUCT_RELATED_PRODUCT_CATEGORY('dribler v4','dribler v4',(#4118));
#4110=PRODUCT_RELATED_PRODUCT_CATEGORY('motor_1000KV v1',
'motor_1000KV v1',(#4119));
#4111=PRODUCT_RELATED_PRODUCT_CATEGORY('motor_holder v5',
'motor_holder v5',(#4120));
#4112=PRODUCT_RELATED_PRODUCT_CATEGORY('dribler_polovinka v6',
'dribler_polovinka v6',(#4121));
#4113=PRODUCT_RELATED_PRODUCT_CATEGORY('val v3','val v3',(#4122));
#4114=PRODUCT_RELATED_PRODUCT_CATEGORY('dribler_holder v6',
'dribler_holder v6',(#4123));
#4115=APPLICATION_PROTOCOL_DEFINITION('international standard',
'automotive_design',2009,#4116);
#4116=APPLICATION_CONTEXT(
'Core Data for Automotive Mechanical Design Process');
#4117=PRODUCT_CONTEXT('part definition',#4116,'mechanical');
#4118=PRODUCT('dribler','dribler v4',$,(#4117));
#4119=PRODUCT('motor_1000KV','motor_1000KV v1',$,(#4117));
#4120=PRODUCT('motor_holder','motor_holder v5',$,(#4117));
#4121=PRODUCT('dribler_polovinka','dribler_polovinka v6',$,(#4117));
#4122=PRODUCT('val','val v3',$,(#4117));
#4123=PRODUCT('dribler_holder','dribler_holder v6',$,(#4117));
#4124=PRESENTATION_STYLE_ASSIGNMENT((#4129));
#4125=PRESENTATION_STYLE_ASSIGNMENT((#4130));
#4126=PRESENTATION_STYLE_ASSIGNMENT((#4131));
#4127=PRESENTATION_STYLE_ASSIGNMENT((#4132));
#4128=PRESENTATION_STYLE_ASSIGNMENT((#4133));
#4129=SURFACE_STYLE_USAGE(.BOTH.,#4134);
#4130=SURFACE_STYLE_USAGE(.BOTH.,#4135);
#4131=SURFACE_STYLE_USAGE(.BOTH.,#4136);
#4132=SURFACE_STYLE_USAGE(.BOTH.,#4137);
#4133=SURFACE_STYLE_USAGE(.BOTH.,#4138);
#4134=SURFACE_SIDE_STYLE('',(#4139));
#4135=SURFACE_SIDE_STYLE('',(#4140));
#4136=SURFACE_SIDE_STYLE('',(#4141));
#4137=SURFACE_SIDE_STYLE('',(#4142));
#4138=SURFACE_SIDE_STYLE('',(#4143));
#4139=SURFACE_STYLE_FILL_AREA(#4144);
#4140=SURFACE_STYLE_FILL_AREA(#4145);
#4141=SURFACE_STYLE_FILL_AREA(#4146);
#4142=SURFACE_STYLE_FILL_AREA(#4147);
#4143=SURFACE_STYLE_FILL_AREA(#4148);
#4144=FILL_AREA_STYLE('Steel - Satin',(#4149));
#4145=FILL_AREA_STYLE('Bronze - Patina',(#4150));
#4146=FILL_AREA_STYLE('Aluminum - Anodized Glossy (Grey)',(#4151));
#4147=FILL_AREA_STYLE('Walnut',(#4152));
#4148=FILL_AREA_STYLE('EPX 82 (with Carbon M2 M3 L1 3D Printers)',(#4153));
#4149=FILL_AREA_STYLE_COLOUR('Steel - Satin',#4154);
#4150=FILL_AREA_STYLE_COLOUR('Bronze - Patina',#4155);
#4151=FILL_AREA_STYLE_COLOUR('Aluminum - Anodized Glossy (Grey)',#4156);
#4152=FILL_AREA_STYLE_COLOUR('Walnut',#4157);
#4153=FILL_AREA_STYLE_COLOUR(
'EPX 82 (with Carbon M2 M3 L1 3D Printers)',#4158);
#4154=COLOUR_RGB('Steel - Satin',0.627450980392157,0.627450980392157,0.627450980392157);
#4155=COLOUR_RGB('Bronze - Patina',0.517647058823529,0.411764705882353,
0.294117647058824);
#4156=COLOUR_RGB('Aluminum - Anodized Glossy (Grey)',0.537254901960784,
0.537254901960784,0.537254901960784);
#4157=COLOUR_RGB('Walnut',0.,0.,0.);
#4158=COLOUR_RGB('EPX 82 (with Carbon M2 M3 L1 3D Printers)',0.247058823529412,
0.247058823529412,0.247058823529412);
ENDSEC;
END-ISO-10303-21;
