ISO-10303-21;
HEADER;
/* Generated by software containing ST-Developer
 * from STEP Tools, Inc. (www.steptools.com) 
 */

FILE_DESCRIPTION(
/* description */ (''),
/* implementation_level */ '2;1');

FILE_NAME(
/* name */ 'full_model.step',
/* time_stamp */ '2025-10-19T15:09:16+03:00',
/* author */ (''),
/* organization */ (''),
/* preprocessor_version */ 'ST-DEVELOPER v20.1',
/* originating_system */ 'Autodesk Translation Framework v14.4.0.0',
/* authorisation */ '');

FILE_SCHEMA (('AUTOMOTIVE_DESIGN { 1 0 10303 214 3 1 1 }'));
ENDSEC;

DATA;
#10=MECHANICAL_DESIGN_GEOMETRIC_PRESENTATION_REPRESENTATION('',(#94,#95,
#96,#97,#98,#99,#100,#101,#102,#103,#104,#105,#106,#107,#108,#109,#110,
#111),#9874);
#11=ITEM_DEFINED_TRANSFORMATION($,$,#6269,#6525);
#12=ITEM_DEFINED_TRANSFORMATION($,$,#6303,#6526);
#13=ITEM_DEFINED_TRANSFORMATION($,$,#6378,#6527);
#14=ITEM_DEFINED_TRANSFORMATION($,$,#6378,#6528);
#15=ITEM_DEFINED_TRANSFORMATION($,$,#6410,#6529);
#16=ITEM_DEFINED_TRANSFORMATION($,$,#6428,#6530);
#17=ITEM_DEFINED_TRANSFORMATION($,$,#5902,#6531);
#18=ITEM_DEFINED_TRANSFORMATION($,$,#5978,#6532);
#19=ITEM_DEFINED_TRANSFORMATION($,$,#6089,#6533);
#20=ITEM_DEFINED_TRANSFORMATION($,$,#6122,#6534);
#21=ITEM_DEFINED_TRANSFORMATION($,$,#6146,#6535);
#22=ITEM_DEFINED_TRANSFORMATION($,$,#6214,#6536);
#23=ITEM_DEFINED_TRANSFORMATION($,$,#6265,#6537);
#24=ITEM_DEFINED_TRANSFORMATION($,$,#6268,#6538);
#25=(
REPRESENTATION_RELATIONSHIP($,$,#9930,#9929)
REPRESENTATION_RELATIONSHIP_WITH_TRANSFORMATION(#11)
SHAPE_REPRESENTATION_RELATIONSHIP()
);
#26=(
REPRESENTATION_RELATIONSHIP($,$,#9931,#9929)
REPRESENTATION_RELATIONSHIP_WITH_TRANSFORMATION(#12)
SHAPE_REPRESENTATION_RELATIONSHIP()
);
#27=(
REPRESENTATION_RELATIONSHIP($,$,#9932,#9929)
REPRESENTATION_RELATIONSHIP_WITH_TRANSFORMATION(#13)
SHAPE_REPRESENTATION_RELATIONSHIP()
);
#28=(
REPRESENTATION_RELATIONSHIP($,$,#9932,#9929)
REPRESENTATION_RELATIONSHIP_WITH_TRANSFORMATION(#14)
SHAPE_REPRESENTATION_RELATIONSHIP()
);
#29=(
REPRESENTATION_RELATIONSHIP($,$,#9933,#9929)
REPRESENTATION_RELATIONSHIP_WITH_TRANSFORMATION(#15)
SHAPE_REPRESENTATION_RELATIONSHIP()
);
#30=(
REPRESENTATION_RELATIONSHIP($,$,#9934,#9929)
REPRESENTATION_RELATIONSHIP_WITH_TRANSFORMATION(#16)
SHAPE_REPRESENTATION_RELATIONSHIP()
);
#31=(
REPRESENTATION_RELATIONSHIP($,$,#9922,#9921)
REPRESENTATION_RELATIONSHIP_WITH_TRANSFORMATION(#17)
SHAPE_REPRESENTATION_RELATIONSHIP()
);
#32=(
REPRESENTATION_RELATIONSHIP($,$,#9923,#9921)
REPRESENTATION_RELATIONSHIP_WITH_TRANSFORMATION(#18)
SHAPE_REPRESENTATION_RELATIONSHIP()
);
#33=(
REPRESENTATION_RELATIONSHIP($,$,#9924,#9921)
REPRESENTATION_RELATIONSHIP_WITH_TRANSFORMATION(#19)
SHAPE_REPRESENTATION_RELATIONSHIP()
);
#34=(
REPRESENTATION_RELATIONSHIP($,$,#9925,#9921)
REPRESENTATION_RELATIONSHIP_WITH_TRANSFORMATION(#20)
SHAPE_REPRESENTATION_RELATIONSHIP()
);
#35=(
REPRESENTATION_RELATIONSHIP($,$,#9926,#9921)
REPRESENTATION_RELATIONSHIP_WITH_TRANSFORMATION(#21)
SHAPE_REPRESENTATION_RELATIONSHIP()
);
#36=(
REPRESENTATION_RELATIONSHIP($,$,#9927,#9921)
REPRESENTATION_RELATIONSHIP_WITH_TRANSFORMATION(#22)
SHAPE_REPRESENTATION_RELATIONSHIP()
);
#37=(
REPRESENTATION_RELATIONSHIP($,$,#9928,#9921)
REPRESENTATION_RELATIONSHIP_WITH_TRANSFORMATION(#23)
SHAPE_REPRESENTATION_RELATIONSHIP()
);
#38=(
REPRESENTATION_RELATIONSHIP($,$,#9929,#9921)
REPRESENTATION_RELATIONSHIP_WITH_TRANSFORMATION(#24)
SHAPE_REPRESENTATION_RELATIONSHIP()
);
#39=CONTEXT_DEPENDENT_SHAPE_REPRESENTATION(#25,#9907);
#40=CONTEXT_DEPENDENT_SHAPE_REPRESENTATION(#26,#9908);
#41=CONTEXT_DEPENDENT_SHAPE_REPRESENTATION(#27,#9909);
#42=CONTEXT_DEPENDENT_SHAPE_REPRESENTATION(#28,#9910);
#43=CONTEXT_DEPENDENT_SHAPE_REPRESENTATION(#29,#9911);
#44=CONTEXT_DEPENDENT_SHAPE_REPRESENTATION(#30,#9912);
#45=CONTEXT_DEPENDENT_SHAPE_REPRESENTATION(#31,#9913);
#46=CONTEXT_DEPENDENT_SHAPE_REPRESENTATION(#32,#9914);
#47=CONTEXT_DEPENDENT_SHAPE_REPRESENTATION(#33,#9915);
#48=CONTEXT_DEPENDENT_SHAPE_REPRESENTATION(#34,#9916);
#49=CONTEXT_DEPENDENT_SHAPE_REPRESENTATION(#35,#9917);
#50=CONTEXT_DEPENDENT_SHAPE_REPRESENTATION(#36,#9918);
#51=CONTEXT_DEPENDENT_SHAPE_REPRESENTATION(#37,#9919);
#52=CONTEXT_DEPENDENT_SHAPE_REPRESENTATION(#38,#9920);
#53=NEXT_ASSEMBLY_USAGE_OCCURRENCE('motor_1000KV v1:1',
'motor_1000KV v1:1','motor_1000KV v1:1',#9944,#9945,'motor_1000KV v1:1');
#54=NEXT_ASSEMBLY_USAGE_OCCURRENCE('motor_holder v1:1',
'motor_holder v1:1','motor_holder v1:1',#9944,#9946,'motor_holder v1:1');
#55=NEXT_ASSEMBLY_USAGE_OCCURRENCE('dribler_polovinka v2:1',
'dribler_polovinka v2:1','dribler_polovinka v2:1',#9944,#9947,
'dribler_polovinka v2:1');
#56=NEXT_ASSEMBLY_USAGE_OCCURRENCE('dribler_polovinka v2:2',
'dribler_polovinka v2:2','dribler_polovinka v2:2',#9944,#9947,
'dribler_polovinka v2:2');
#57=NEXT_ASSEMBLY_USAGE_OCCURRENCE('val v3:1','val v3:1','val v3:1',#9944,
#9948,'val v3:1');
#58=NEXT_ASSEMBLY_USAGE_OCCURRENCE('dribler_holder v5:1',
'dribler_holder v5:1','dribler_holder v5:1',#9944,#9949,
'dribler_holder v5:1');
#59=NEXT_ASSEMBLY_USAGE_OCCURRENCE('top v8:1','top v8:1','top v8:1',#9936,
#9937,'top v8:1');
#60=NEXT_ASSEMBLY_USAGE_OCCURRENCE('bottom v6:1','bottom v6:1',
'bottom v6:1',#9936,#9938,'bottom v6:1');
#61=NEXT_ASSEMBLY_USAGE_OCCURRENCE('mirror_holder v4:1',
'mirror_holder v4:1','mirror_holder v4:1',#9936,#9939,
'mirror_holder v4:1');
#62=NEXT_ASSEMBLY_USAGE_OCCURRENCE('camera v2:1','camera v2:1',
'camera v2:1',#9936,#9940,'camera v2:1');
#63=NEXT_ASSEMBLY_USAGE_OCCURRENCE('Combo_holder v2:1',
'Combo_holder v2:1','Combo_holder v2:1',#9936,#9941,'Combo_holder v2:1');
#64=NEXT_ASSEMBLY_USAGE_OCCURRENCE('dribler v13:1','dribler v13:1',
'dribler v13:1',#9936,#9942,'dribler v13:1');
#65=NEXT_ASSEMBLY_USAGE_OCCURRENCE('ball v1:1','ball v1:1','ball v1:1',
#9936,#9943,'ball v1:1');
#66=NEXT_ASSEMBLY_USAGE_OCCURRENCE('dribler v3:1','dribler v3:1',
'dribler v3:1',#9936,#9944,'dribler v3:1');
#67=CONICAL_SURFACE('',#6270,13.5,0.785398163397448);
#68=CONICAL_SURFACE('',#6280,12.5,0.785398163397448);
#69=SPHERICAL_SURFACE('',#6266,37.);
#70=SHAPE_REPRESENTATION_RELATIONSHIP('SRR','None',#9922,#82);
#71=SHAPE_REPRESENTATION_RELATIONSHIP('SRR','None',#9923,#83);
#72=SHAPE_REPRESENTATION_RELATIONSHIP('SRR','None',#9924,#84);
#73=SHAPE_REPRESENTATION_RELATIONSHIP('SRR','None',#9925,#85);
#74=SHAPE_REPRESENTATION_RELATIONSHIP('SRR','None',#9926,#86);
#75=SHAPE_REPRESENTATION_RELATIONSHIP('SRR','None',#9927,#87);
#76=SHAPE_REPRESENTATION_RELATIONSHIP('SRR','None',#9928,#88);
#77=SHAPE_REPRESENTATION_RELATIONSHIP('SRR','None',#9930,#89);
#78=SHAPE_REPRESENTATION_RELATIONSHIP('SRR','None',#9931,#90);
#79=SHAPE_REPRESENTATION_RELATIONSHIP('SRR','None',#9932,#91);
#80=SHAPE_REPRESENTATION_RELATIONSHIP('SRR','None',#9933,#92);
#81=SHAPE_REPRESENTATION_RELATIONSHIP('SRR','None',#9934,#93);
#82=ADVANCED_BREP_SHAPE_REPRESENTATION('',(#112),#9861);
#83=ADVANCED_BREP_SHAPE_REPRESENTATION('',(#113),#9862);
#84=ADVANCED_BREP_SHAPE_REPRESENTATION('',(#114),#9863);
#85=ADVANCED_BREP_SHAPE_REPRESENTATION('',(#115,#116,#117),#9864);
#86=ADVANCED_BREP_SHAPE_REPRESENTATION('',(#118),#9865);
#87=ADVANCED_BREP_SHAPE_REPRESENTATION('',(#119),#9866);
#88=ADVANCED_BREP_SHAPE_REPRESENTATION('',(#120),#9867);
#89=ADVANCED_BREP_SHAPE_REPRESENTATION('',(#121),#9869);
#90=ADVANCED_BREP_SHAPE_REPRESENTATION('',(#122),#9870);
#91=ADVANCED_BREP_SHAPE_REPRESENTATION('',(#123),#9871);
#92=ADVANCED_BREP_SHAPE_REPRESENTATION('',(#124),#9872);
#93=ADVANCED_BREP_SHAPE_REPRESENTATION('',(#125),#9873);
#94=STYLED_ITEM('',(#9996),#112);
#95=STYLED_ITEM('',(#9996),#113);
#96=STYLED_ITEM('',(#9996),#114);
#97=STYLED_ITEM('',(#9995),#115);
#98=STYLED_ITEM('',(#9995),#116);
#99=STYLED_ITEM('',(#9995),#117);
#100=STYLED_ITEM('',(#9996),#5592);
#101=STYLED_ITEM('',(#9996),#118);
#102=STYLED_ITEM('',(#9996),#119);
#103=STYLED_ITEM('',(#9995),#120);
#104=STYLED_ITEM('',(#9998),#5624);
#105=STYLED_ITEM('',(#9997),#121);
#106=STYLED_ITEM('',(#9996),#5672);
#107=STYLED_ITEM('',(#9996),#122);
#108=STYLED_ITEM('',(#9996),#5689);
#109=STYLED_ITEM('',(#9996),#123);
#110=STYLED_ITEM('',(#9995),#124);
#111=STYLED_ITEM('',(#9999),#125);
#112=MANIFOLD_SOLID_BREP('Body1',#5754);
#113=MANIFOLD_SOLID_BREP('Body1',#5755);
#114=MANIFOLD_SOLID_BREP('Body1',#5756);
#115=MANIFOLD_SOLID_BREP('Body1',#5757);
#116=MANIFOLD_SOLID_BREP('Body2',#5758);
#117=MANIFOLD_SOLID_BREP('Body3',#5759);
#118=MANIFOLD_SOLID_BREP('Body1',#5760);
#119=MANIFOLD_SOLID_BREP('Body3',#5761);
#120=MANIFOLD_SOLID_BREP('Body1',#5762);
#121=MANIFOLD_SOLID_BREP('Body1',#5763);
#122=MANIFOLD_SOLID_BREP('Body1',#5764);
#123=MANIFOLD_SOLID_BREP('Body1',#5765);
#124=MANIFOLD_SOLID_BREP('Body1',#5766);
#125=MANIFOLD_SOLID_BREP('Body3',#5767);
#126=FACE_BOUND('',#824,.T.);
#127=FACE_BOUND('',#825,.T.);
#128=FACE_BOUND('',#826,.T.);
#129=FACE_BOUND('',#827,.T.);
#130=FACE_BOUND('',#828,.T.);
#131=FACE_BOUND('',#829,.T.);
#132=FACE_BOUND('',#830,.T.);
#133=FACE_BOUND('',#831,.T.);
#134=FACE_BOUND('',#832,.T.);
#135=FACE_BOUND('',#833,.T.);
#136=FACE_BOUND('',#834,.T.);
#137=FACE_BOUND('',#835,.T.);
#138=FACE_BOUND('',#836,.T.);
#139=FACE_BOUND('',#837,.T.);
#140=FACE_BOUND('',#838,.T.);
#141=FACE_BOUND('',#839,.T.);
#142=FACE_BOUND('',#840,.T.);
#143=FACE_BOUND('',#841,.T.);
#144=FACE_BOUND('',#842,.T.);
#145=FACE_BOUND('',#844,.T.);
#146=FACE_BOUND('',#845,.T.);
#147=FACE_BOUND('',#846,.T.);
#148=FACE_BOUND('',#847,.T.);
#149=FACE_BOUND('',#848,.T.);
#150=FACE_BOUND('',#849,.T.);
#151=FACE_BOUND('',#850,.T.);
#152=FACE_BOUND('',#851,.T.);
#153=FACE_BOUND('',#852,.T.);
#154=FACE_BOUND('',#853,.T.);
#155=FACE_BOUND('',#854,.T.);
#156=FACE_BOUND('',#855,.T.);
#157=FACE_BOUND('',#856,.T.);
#158=FACE_BOUND('',#857,.T.);
#159=FACE_BOUND('',#858,.T.);
#160=FACE_BOUND('',#859,.T.);
#161=FACE_BOUND('',#860,.T.);
#162=FACE_BOUND('',#861,.T.);
#163=FACE_BOUND('',#862,.T.);
#164=FACE_BOUND('',#906,.T.);
#165=FACE_BOUND('',#907,.T.);
#166=FACE_BOUND('',#908,.T.);
#167=FACE_BOUND('',#909,.T.);
#168=FACE_BOUND('',#910,.T.);
#169=FACE_BOUND('',#911,.T.);
#170=FACE_BOUND('',#912,.T.);
#171=FACE_BOUND('',#913,.T.);
#172=FACE_BOUND('',#914,.T.);
#173=FACE_BOUND('',#915,.T.);
#174=FACE_BOUND('',#916,.T.);
#175=FACE_BOUND('',#917,.T.);
#176=FACE_BOUND('',#918,.T.);
#177=FACE_BOUND('',#919,.T.);
#178=FACE_BOUND('',#920,.T.);
#179=FACE_BOUND('',#921,.T.);
#180=FACE_BOUND('',#922,.T.);
#181=FACE_BOUND('',#923,.T.);
#182=FACE_BOUND('',#924,.T.);
#183=FACE_BOUND('',#925,.T.);
#184=FACE_BOUND('',#926,.T.);
#185=FACE_BOUND('',#927,.T.);
#186=FACE_BOUND('',#928,.T.);
#187=FACE_BOUND('',#929,.T.);
#188=FACE_BOUND('',#930,.T.);
#189=FACE_BOUND('',#931,.T.);
#190=FACE_BOUND('',#932,.T.);
#191=FACE_BOUND('',#933,.T.);
#192=FACE_BOUND('',#935,.T.);
#193=FACE_BOUND('',#936,.T.);
#194=FACE_BOUND('',#937,.T.);
#195=FACE_BOUND('',#938,.T.);
#196=FACE_BOUND('',#939,.T.);
#197=FACE_BOUND('',#940,.T.);
#198=FACE_BOUND('',#941,.T.);
#199=FACE_BOUND('',#942,.T.);
#200=FACE_BOUND('',#943,.T.);
#201=FACE_BOUND('',#944,.T.);
#202=FACE_BOUND('',#945,.T.);
#203=FACE_BOUND('',#946,.T.);
#204=FACE_BOUND('',#947,.T.);
#205=FACE_BOUND('',#948,.T.);
#206=FACE_BOUND('',#949,.T.);
#207=FACE_BOUND('',#950,.T.);
#208=FACE_BOUND('',#951,.T.);
#209=FACE_BOUND('',#952,.T.);
#210=FACE_BOUND('',#953,.T.);
#211=FACE_BOUND('',#954,.T.);
#212=FACE_BOUND('',#955,.T.);
#213=FACE_BOUND('',#956,.T.);
#214=FACE_BOUND('',#957,.T.);
#215=FACE_BOUND('',#958,.T.);
#216=FACE_BOUND('',#959,.T.);
#217=FACE_BOUND('',#960,.T.);
#218=FACE_BOUND('',#961,.T.);
#219=FACE_BOUND('',#962,.T.);
#220=FACE_BOUND('',#974,.T.);
#221=FACE_BOUND('',#975,.T.);
#222=FACE_BOUND('',#976,.T.);
#223=FACE_BOUND('',#977,.T.);
#224=FACE_BOUND('',#978,.T.);
#225=FACE_BOUND('',#979,.T.);
#226=FACE_BOUND('',#980,.T.);
#227=FACE_BOUND('',#981,.T.);
#228=FACE_BOUND('',#982,.T.);
#229=FACE_BOUND('',#984,.T.);
#230=FACE_BOUND('',#985,.T.);
#231=FACE_BOUND('',#986,.T.);
#232=FACE_BOUND('',#987,.T.);
#233=FACE_BOUND('',#988,.T.);
#234=FACE_BOUND('',#989,.T.);
#235=FACE_BOUND('',#990,.T.);
#236=FACE_BOUND('',#991,.T.);
#237=FACE_BOUND('',#992,.T.);
#238=FACE_BOUND('',#1000,.T.);
#239=FACE_BOUND('',#1001,.T.);
#240=FACE_BOUND('',#1003,.T.);
#241=FACE_BOUND('',#1004,.T.);
#242=FACE_BOUND('',#1042,.T.);
#243=FACE_BOUND('',#1043,.T.);
#244=FACE_BOUND('',#1044,.T.);
#245=FACE_BOUND('',#1045,.T.);
#246=FACE_BOUND('',#1046,.T.);
#247=FACE_BOUND('',#1047,.T.);
#248=FACE_BOUND('',#1048,.T.);
#249=FACE_BOUND('',#1049,.T.);
#250=FACE_BOUND('',#1050,.T.);
#251=FACE_BOUND('',#1051,.T.);
#252=FACE_BOUND('',#1052,.T.);
#253=FACE_BOUND('',#1053,.T.);
#254=FACE_BOUND('',#1054,.T.);
#255=FACE_BOUND('',#1055,.T.);
#256=FACE_BOUND('',#1056,.T.);
#257=FACE_BOUND('',#1057,.T.);
#258=FACE_BOUND('',#1058,.T.);
#259=FACE_BOUND('',#1059,.T.);
#260=FACE_BOUND('',#1060,.T.);
#261=FACE_BOUND('',#1062,.T.);
#262=FACE_BOUND('',#1063,.T.);
#263=FACE_BOUND('',#1064,.T.);
#264=FACE_BOUND('',#1065,.T.);
#265=FACE_BOUND('',#1066,.T.);
#266=FACE_BOUND('',#1067,.T.);
#267=FACE_BOUND('',#1068,.T.);
#268=FACE_BOUND('',#1069,.T.);
#269=FACE_BOUND('',#1070,.T.);
#270=FACE_BOUND('',#1071,.T.);
#271=FACE_BOUND('',#1072,.T.);
#272=FACE_BOUND('',#1073,.T.);
#273=FACE_BOUND('',#1074,.T.);
#274=FACE_BOUND('',#1075,.T.);
#275=FACE_BOUND('',#1076,.T.);
#276=FACE_BOUND('',#1077,.T.);
#277=FACE_BOUND('',#1078,.T.);
#278=FACE_BOUND('',#1079,.T.);
#279=FACE_BOUND('',#1080,.T.);
#280=FACE_BOUND('',#1108,.T.);
#281=FACE_BOUND('',#1109,.T.);
#282=FACE_BOUND('',#1110,.T.);
#283=FACE_BOUND('',#1111,.T.);
#284=FACE_BOUND('',#1112,.T.);
#285=FACE_BOUND('',#1113,.T.);
#286=FACE_BOUND('',#1114,.T.);
#287=FACE_BOUND('',#1115,.T.);
#288=FACE_BOUND('',#1116,.T.);
#289=FACE_BOUND('',#1117,.T.);
#290=FACE_BOUND('',#1119,.T.);
#291=FACE_BOUND('',#1120,.T.);
#292=FACE_BOUND('',#1121,.T.);
#293=FACE_BOUND('',#1122,.T.);
#294=FACE_BOUND('',#1123,.T.);
#295=FACE_BOUND('',#1124,.T.);
#296=FACE_BOUND('',#1125,.T.);
#297=FACE_BOUND('',#1126,.T.);
#298=FACE_BOUND('',#1127,.T.);
#299=FACE_BOUND('',#1128,.T.);
#300=FACE_BOUND('',#1133,.T.);
#301=FACE_BOUND('',#1134,.T.);
#302=FACE_BOUND('',#1135,.T.);
#303=FACE_BOUND('',#1136,.T.);
#304=FACE_BOUND('',#1139,.T.);
#305=FACE_BOUND('',#1142,.T.);
#306=FACE_BOUND('',#1186,.T.);
#307=FACE_BOUND('',#1187,.T.);
#308=FACE_BOUND('',#1188,.T.);
#309=FACE_BOUND('',#1189,.T.);
#310=FACE_BOUND('',#1190,.T.);
#311=FACE_BOUND('',#1191,.T.);
#312=FACE_BOUND('',#1192,.T.);
#313=FACE_BOUND('',#1193,.T.);
#314=FACE_BOUND('',#1195,.T.);
#315=FACE_BOUND('',#1196,.T.);
#316=FACE_BOUND('',#1197,.T.);
#317=FACE_BOUND('',#1198,.T.);
#318=FACE_BOUND('',#1199,.T.);
#319=FACE_BOUND('',#1200,.T.);
#320=FACE_BOUND('',#1201,.T.);
#321=FACE_BOUND('',#1202,.T.);
#322=FACE_BOUND('',#1219,.T.);
#323=FACE_BOUND('',#1220,.T.);
#324=FACE_BOUND('',#1221,.T.);
#325=FACE_BOUND('',#1222,.T.);
#326=FACE_BOUND('',#1223,.T.);
#327=FACE_BOUND('',#1224,.T.);
#328=FACE_BOUND('',#1225,.T.);
#329=FACE_BOUND('',#1227,.T.);
#330=FACE_BOUND('',#1228,.T.);
#331=FACE_BOUND('',#1229,.T.);
#332=FACE_BOUND('',#1230,.T.);
#333=FACE_BOUND('',#1231,.T.);
#334=FACE_BOUND('',#1232,.T.);
#335=FACE_BOUND('',#1233,.T.);
#336=FACE_BOUND('',#1236,.T.);
#337=FACE_BOUND('',#1242,.T.);
#338=FACE_BOUND('',#1245,.T.);
#339=FACE_BOUND('',#1247,.T.);
#340=FACE_BOUND('',#1252,.T.);
#341=FACE_BOUND('',#1269,.T.);
#342=FACE_BOUND('',#1272,.T.);
#343=FACE_BOUND('',#1275,.T.);
#344=FACE_BOUND('',#1281,.T.);
#345=FACE_BOUND('',#1283,.T.);
#346=FACE_BOUND('',#1285,.T.);
#347=FACE_BOUND('',#1307,.T.);
#348=FACE_BOUND('',#1308,.T.);
#349=FACE_BOUND('',#1309,.T.);
#350=FACE_BOUND('',#1310,.T.);
#351=FACE_BOUND('',#1311,.T.);
#352=FACE_BOUND('',#1312,.T.);
#353=FACE_BOUND('',#1313,.T.);
#354=FACE_BOUND('',#1314,.T.);
#355=FACE_BOUND('',#1316,.T.);
#356=FACE_BOUND('',#1317,.T.);
#357=FACE_BOUND('',#1318,.T.);
#358=FACE_BOUND('',#1319,.T.);
#359=FACE_BOUND('',#1320,.T.);
#360=FACE_BOUND('',#1321,.T.);
#361=PLANE('',#5960);
#362=PLANE('',#5961);
#363=PLANE('',#5962);
#364=PLANE('',#5963);
#365=PLANE('',#5964);
#366=PLANE('',#5968);
#367=PLANE('',#5969);
#368=PLANE('',#5970);
#369=PLANE('',#5974);
#370=PLANE('',#5975);
#371=PLANE('',#5976);
#372=PLANE('',#5977);
#373=PLANE('',#6069);
#374=PLANE('',#6070);
#375=PLANE('',#6071);
#376=PLANE('',#6075);
#377=PLANE('',#6076);
#378=PLANE('',#6077);
#379=PLANE('',#6081);
#380=PLANE('',#6082);
#381=PLANE('',#6083);
#382=PLANE('',#6087);
#383=PLANE('',#6088);
#384=PLANE('',#6120);
#385=PLANE('',#6121);
#386=PLANE('',#6129);
#387=PLANE('',#6130);
#388=PLANE('',#6131);
#389=PLANE('',#6132);
#390=PLANE('',#6133);
#391=PLANE('',#6134);
#392=PLANE('',#6135);
#393=PLANE('',#6136);
#394=PLANE('',#6137);
#395=PLANE('',#6138);
#396=PLANE('',#6139);
#397=PLANE('',#6140);
#398=PLANE('',#6144);
#399=PLANE('',#6145);
#400=PLANE('',#6204);
#401=PLANE('',#6205);
#402=PLANE('',#6206);
#403=PLANE('',#6207);
#404=PLANE('',#6208);
#405=PLANE('',#6209);
#406=PLANE('',#6210);
#407=PLANE('',#6211);
#408=PLANE('',#6212);
#409=PLANE('',#6213);
#410=PLANE('',#6224);
#411=PLANE('',#6225);
#412=PLANE('',#6226);
#413=PLANE('',#6227);
#414=PLANE('',#6234);
#415=PLANE('',#6235);
#416=PLANE('',#6236);
#417=PLANE('',#6237);
#418=PLANE('',#6253);
#419=PLANE('',#6254);
#420=PLANE('',#6255);
#421=PLANE('',#6256);
#422=PLANE('',#6257);
#423=PLANE('',#6258);
#424=PLANE('',#6259);
#425=PLANE('',#6263);
#426=PLANE('',#6264);
#427=PLANE('',#6275);
#428=PLANE('',#6282);
#429=PLANE('',#6286);
#430=PLANE('',#6290);
#431=PLANE('',#6293);
#432=PLANE('',#6296);
#433=PLANE('',#6299);
#434=PLANE('',#6302);
#435=PLANE('',#6328);
#436=PLANE('',#6332);
#437=PLANE('',#6336);
#438=PLANE('',#6340);
#439=PLANE('',#6344);
#440=PLANE('',#6348);
#441=PLANE('',#6352);
#442=PLANE('',#6356);
#443=PLANE('',#6360);
#444=PLANE('',#6364);
#445=PLANE('',#6368);
#446=PLANE('',#6372);
#447=PLANE('',#6376);
#448=PLANE('',#6377);
#449=PLANE('',#6400);
#450=PLANE('',#6401);
#451=PLANE('',#6402);
#452=PLANE('',#6403);
#453=PLANE('',#6404);
#454=PLANE('',#6405);
#455=PLANE('',#6406);
#456=PLANE('',#6407);
#457=PLANE('',#6408);
#458=PLANE('',#6409);
#459=PLANE('',#6411);
#460=PLANE('',#6413);
#461=PLANE('',#6418);
#462=PLANE('',#6423);
#463=PLANE('',#6427);
#464=PLANE('',#6429);
#465=PLANE('',#6436);
#466=PLANE('',#6439);
#467=PLANE('',#6444);
#468=PLANE('',#6447);
#469=PLANE('',#6451);
#470=PLANE('',#6457);
#471=PLANE('',#6462);
#472=PLANE('',#6466);
#473=PLANE('',#6470);
#474=PLANE('',#6471);
#475=PLANE('',#6476);
#476=PLANE('',#6481);
#477=PLANE('',#6490);
#478=PLANE('',#6491);
#479=PLANE('',#6492);
#480=PLANE('',#6493);
#481=PLANE('',#6494);
#482=PLANE('',#6495);
#483=PLANE('',#6496);
#484=PLANE('',#6497);
#485=PLANE('',#6498);
#486=PLANE('',#6499);
#487=PLANE('',#6500);
#488=PLANE('',#6501);
#489=PLANE('',#6502);
#490=PLANE('',#6515);
#491=PLANE('',#6519);
#492=PLANE('',#6520);
#493=PLANE('',#6521);
#494=PLANE('',#6522);
#495=PLANE('',#6523);
#496=PLANE('',#6524);
#497=FACE_OUTER_BOUND('',#792,.T.);
#498=FACE_OUTER_BOUND('',#793,.T.);
#499=FACE_OUTER_BOUND('',#794,.T.);
#500=FACE_OUTER_BOUND('',#795,.T.);
#501=FACE_OUTER_BOUND('',#796,.T.);
#502=FACE_OUTER_BOUND('',#797,.T.);
#503=FACE_OUTER_BOUND('',#798,.T.);
#504=FACE_OUTER_BOUND('',#799,.T.);
#505=FACE_OUTER_BOUND('',#800,.T.);
#506=FACE_OUTER_BOUND('',#801,.T.);
#507=FACE_OUTER_BOUND('',#802,.T.);
#508=FACE_OUTER_BOUND('',#803,.T.);
#509=FACE_OUTER_BOUND('',#804,.T.);
#510=FACE_OUTER_BOUND('',#805,.T.);
#511=FACE_OUTER_BOUND('',#806,.T.);
#512=FACE_OUTER_BOUND('',#807,.T.);
#513=FACE_OUTER_BOUND('',#808,.T.);
#514=FACE_OUTER_BOUND('',#809,.T.);
#515=FACE_OUTER_BOUND('',#810,.T.);
#516=FACE_OUTER_BOUND('',#811,.T.);
#517=FACE_OUTER_BOUND('',#812,.T.);
#518=FACE_OUTER_BOUND('',#813,.T.);
#519=FACE_OUTER_BOUND('',#814,.T.);
#520=FACE_OUTER_BOUND('',#815,.T.);
#521=FACE_OUTER_BOUND('',#816,.T.);
#522=FACE_OUTER_BOUND('',#817,.T.);
#523=FACE_OUTER_BOUND('',#818,.T.);
#524=FACE_OUTER_BOUND('',#819,.T.);
#525=FACE_OUTER_BOUND('',#820,.T.);
#526=FACE_OUTER_BOUND('',#821,.T.);
#527=FACE_OUTER_BOUND('',#822,.T.);
#528=FACE_OUTER_BOUND('',#823,.T.);
#529=FACE_OUTER_BOUND('',#843,.T.);
#530=FACE_OUTER_BOUND('',#863,.T.);
#531=FACE_OUTER_BOUND('',#864,.T.);
#532=FACE_OUTER_BOUND('',#865,.T.);
#533=FACE_OUTER_BOUND('',#866,.T.);
#534=FACE_OUTER_BOUND('',#867,.T.);
#535=FACE_OUTER_BOUND('',#868,.T.);
#536=FACE_OUTER_BOUND('',#869,.T.);
#537=FACE_OUTER_BOUND('',#870,.T.);
#538=FACE_OUTER_BOUND('',#871,.T.);
#539=FACE_OUTER_BOUND('',#872,.T.);
#540=FACE_OUTER_BOUND('',#873,.T.);
#541=FACE_OUTER_BOUND('',#874,.T.);
#542=FACE_OUTER_BOUND('',#875,.T.);
#543=FACE_OUTER_BOUND('',#876,.T.);
#544=FACE_OUTER_BOUND('',#877,.T.);
#545=FACE_OUTER_BOUND('',#878,.T.);
#546=FACE_OUTER_BOUND('',#879,.T.);
#547=FACE_OUTER_BOUND('',#880,.T.);
#548=FACE_OUTER_BOUND('',#881,.T.);
#549=FACE_OUTER_BOUND('',#882,.T.);
#550=FACE_OUTER_BOUND('',#883,.T.);
#551=FACE_OUTER_BOUND('',#884,.T.);
#552=FACE_OUTER_BOUND('',#885,.T.);
#553=FACE_OUTER_BOUND('',#886,.T.);
#554=FACE_OUTER_BOUND('',#887,.T.);
#555=FACE_OUTER_BOUND('',#888,.T.);
#556=FACE_OUTER_BOUND('',#889,.T.);
#557=FACE_OUTER_BOUND('',#890,.T.);
#558=FACE_OUTER_BOUND('',#891,.T.);
#559=FACE_OUTER_BOUND('',#892,.T.);
#560=FACE_OUTER_BOUND('',#893,.T.);
#561=FACE_OUTER_BOUND('',#894,.T.);
#562=FACE_OUTER_BOUND('',#895,.T.);
#563=FACE_OUTER_BOUND('',#896,.T.);
#564=FACE_OUTER_BOUND('',#897,.T.);
#565=FACE_OUTER_BOUND('',#898,.T.);
#566=FACE_OUTER_BOUND('',#899,.T.);
#567=FACE_OUTER_BOUND('',#900,.T.);
#568=FACE_OUTER_BOUND('',#901,.T.);
#569=FACE_OUTER_BOUND('',#902,.T.);
#570=FACE_OUTER_BOUND('',#903,.T.);
#571=FACE_OUTER_BOUND('',#904,.T.);
#572=FACE_OUTER_BOUND('',#905,.T.);
#573=FACE_OUTER_BOUND('',#934,.T.);
#574=FACE_OUTER_BOUND('',#963,.T.);
#575=FACE_OUTER_BOUND('',#964,.T.);
#576=FACE_OUTER_BOUND('',#965,.T.);
#577=FACE_OUTER_BOUND('',#966,.T.);
#578=FACE_OUTER_BOUND('',#967,.T.);
#579=FACE_OUTER_BOUND('',#968,.T.);
#580=FACE_OUTER_BOUND('',#969,.T.);
#581=FACE_OUTER_BOUND('',#970,.T.);
#582=FACE_OUTER_BOUND('',#971,.T.);
#583=FACE_OUTER_BOUND('',#972,.T.);
#584=FACE_OUTER_BOUND('',#973,.T.);
#585=FACE_OUTER_BOUND('',#983,.T.);
#586=FACE_OUTER_BOUND('',#993,.T.);
#587=FACE_OUTER_BOUND('',#994,.T.);
#588=FACE_OUTER_BOUND('',#995,.T.);
#589=FACE_OUTER_BOUND('',#996,.T.);
#590=FACE_OUTER_BOUND('',#997,.T.);
#591=FACE_OUTER_BOUND('',#998,.T.);
#592=FACE_OUTER_BOUND('',#999,.T.);
#593=FACE_OUTER_BOUND('',#1002,.T.);
#594=FACE_OUTER_BOUND('',#1005,.T.);
#595=FACE_OUTER_BOUND('',#1006,.T.);
#596=FACE_OUTER_BOUND('',#1007,.T.);
#597=FACE_OUTER_BOUND('',#1008,.T.);
#598=FACE_OUTER_BOUND('',#1009,.T.);
#599=FACE_OUTER_BOUND('',#1010,.T.);
#600=FACE_OUTER_BOUND('',#1011,.T.);
#601=FACE_OUTER_BOUND('',#1012,.T.);
#602=FACE_OUTER_BOUND('',#1013,.T.);
#603=FACE_OUTER_BOUND('',#1014,.T.);
#604=FACE_OUTER_BOUND('',#1015,.T.);
#605=FACE_OUTER_BOUND('',#1016,.T.);
#606=FACE_OUTER_BOUND('',#1017,.T.);
#607=FACE_OUTER_BOUND('',#1018,.T.);
#608=FACE_OUTER_BOUND('',#1019,.T.);
#609=FACE_OUTER_BOUND('',#1020,.T.);
#610=FACE_OUTER_BOUND('',#1021,.T.);
#611=FACE_OUTER_BOUND('',#1022,.T.);
#612=FACE_OUTER_BOUND('',#1023,.T.);
#613=FACE_OUTER_BOUND('',#1024,.T.);
#614=FACE_OUTER_BOUND('',#1025,.T.);
#615=FACE_OUTER_BOUND('',#1026,.T.);
#616=FACE_OUTER_BOUND('',#1027,.T.);
#617=FACE_OUTER_BOUND('',#1028,.T.);
#618=FACE_OUTER_BOUND('',#1029,.T.);
#619=FACE_OUTER_BOUND('',#1030,.T.);
#620=FACE_OUTER_BOUND('',#1031,.T.);
#621=FACE_OUTER_BOUND('',#1032,.T.);
#622=FACE_OUTER_BOUND('',#1033,.T.);
#623=FACE_OUTER_BOUND('',#1034,.T.);
#624=FACE_OUTER_BOUND('',#1035,.T.);
#625=FACE_OUTER_BOUND('',#1036,.T.);
#626=FACE_OUTER_BOUND('',#1037,.T.);
#627=FACE_OUTER_BOUND('',#1038,.T.);
#628=FACE_OUTER_BOUND('',#1039,.T.);
#629=FACE_OUTER_BOUND('',#1040,.T.);
#630=FACE_OUTER_BOUND('',#1041,.T.);
#631=FACE_OUTER_BOUND('',#1061,.T.);
#632=FACE_OUTER_BOUND('',#1081,.T.);
#633=FACE_OUTER_BOUND('',#1082,.T.);
#634=FACE_OUTER_BOUND('',#1083,.T.);
#635=FACE_OUTER_BOUND('',#1084,.T.);
#636=FACE_OUTER_BOUND('',#1085,.T.);
#637=FACE_OUTER_BOUND('',#1086,.T.);
#638=FACE_OUTER_BOUND('',#1087,.T.);
#639=FACE_OUTER_BOUND('',#1088,.T.);
#640=FACE_OUTER_BOUND('',#1089,.T.);
#641=FACE_OUTER_BOUND('',#1090,.T.);
#642=FACE_OUTER_BOUND('',#1091,.T.);
#643=FACE_OUTER_BOUND('',#1092,.T.);
#644=FACE_OUTER_BOUND('',#1093,.T.);
#645=FACE_OUTER_BOUND('',#1094,.T.);
#646=FACE_OUTER_BOUND('',#1095,.T.);
#647=FACE_OUTER_BOUND('',#1096,.T.);
#648=FACE_OUTER_BOUND('',#1097,.T.);
#649=FACE_OUTER_BOUND('',#1098,.T.);
#650=FACE_OUTER_BOUND('',#1099,.T.);
#651=FACE_OUTER_BOUND('',#1100,.T.);
#652=FACE_OUTER_BOUND('',#1101,.T.);
#653=FACE_OUTER_BOUND('',#1102,.T.);
#654=FACE_OUTER_BOUND('',#1103,.T.);
#655=FACE_OUTER_BOUND('',#1104,.T.);
#656=FACE_OUTER_BOUND('',#1105,.T.);
#657=FACE_OUTER_BOUND('',#1106,.T.);
#658=FACE_OUTER_BOUND('',#1107,.T.);
#659=FACE_OUTER_BOUND('',#1118,.T.);
#660=FACE_OUTER_BOUND('',#1129,.T.);
#661=FACE_OUTER_BOUND('',#1130,.T.);
#662=FACE_OUTER_BOUND('',#1131,.T.);
#663=FACE_OUTER_BOUND('',#1132,.T.);
#664=FACE_OUTER_BOUND('',#1137,.T.);
#665=FACE_OUTER_BOUND('',#1138,.T.);
#666=FACE_OUTER_BOUND('',#1140,.T.);
#667=FACE_OUTER_BOUND('',#1141,.T.);
#668=FACE_OUTER_BOUND('',#1143,.T.);
#669=FACE_OUTER_BOUND('',#1144,.T.);
#670=FACE_OUTER_BOUND('',#1145,.T.);
#671=FACE_OUTER_BOUND('',#1146,.T.);
#672=FACE_OUTER_BOUND('',#1147,.T.);
#673=FACE_OUTER_BOUND('',#1148,.T.);
#674=FACE_OUTER_BOUND('',#1149,.T.);
#675=FACE_OUTER_BOUND('',#1150,.T.);
#676=FACE_OUTER_BOUND('',#1151,.T.);
#677=FACE_OUTER_BOUND('',#1152,.T.);
#678=FACE_OUTER_BOUND('',#1153,.T.);
#679=FACE_OUTER_BOUND('',#1154,.T.);
#680=FACE_OUTER_BOUND('',#1155,.T.);
#681=FACE_OUTER_BOUND('',#1156,.T.);
#682=FACE_OUTER_BOUND('',#1157,.T.);
#683=FACE_OUTER_BOUND('',#1158,.T.);
#684=FACE_OUTER_BOUND('',#1159,.T.);
#685=FACE_OUTER_BOUND('',#1160,.T.);
#686=FACE_OUTER_BOUND('',#1161,.T.);
#687=FACE_OUTER_BOUND('',#1162,.T.);
#688=FACE_OUTER_BOUND('',#1163,.T.);
#689=FACE_OUTER_BOUND('',#1164,.T.);
#690=FACE_OUTER_BOUND('',#1165,.T.);
#691=FACE_OUTER_BOUND('',#1166,.T.);
#692=FACE_OUTER_BOUND('',#1167,.T.);
#693=FACE_OUTER_BOUND('',#1168,.T.);
#694=FACE_OUTER_BOUND('',#1169,.T.);
#695=FACE_OUTER_BOUND('',#1170,.T.);
#696=FACE_OUTER_BOUND('',#1171,.T.);
#697=FACE_OUTER_BOUND('',#1172,.T.);
#698=FACE_OUTER_BOUND('',#1173,.T.);
#699=FACE_OUTER_BOUND('',#1174,.T.);
#700=FACE_OUTER_BOUND('',#1175,.T.);
#701=FACE_OUTER_BOUND('',#1176,.T.);
#702=FACE_OUTER_BOUND('',#1177,.T.);
#703=FACE_OUTER_BOUND('',#1178,.T.);
#704=FACE_OUTER_BOUND('',#1179,.T.);
#705=FACE_OUTER_BOUND('',#1180,.T.);
#706=FACE_OUTER_BOUND('',#1181,.T.);
#707=FACE_OUTER_BOUND('',#1182,.T.);
#708=FACE_OUTER_BOUND('',#1183,.T.);
#709=FACE_OUTER_BOUND('',#1184,.T.);
#710=FACE_OUTER_BOUND('',#1185,.T.);
#711=FACE_OUTER_BOUND('',#1194,.T.);
#712=FACE_OUTER_BOUND('',#1203,.T.);
#713=FACE_OUTER_BOUND('',#1204,.T.);
#714=FACE_OUTER_BOUND('',#1205,.T.);
#715=FACE_OUTER_BOUND('',#1206,.T.);
#716=FACE_OUTER_BOUND('',#1207,.T.);
#717=FACE_OUTER_BOUND('',#1208,.T.);
#718=FACE_OUTER_BOUND('',#1209,.T.);
#719=FACE_OUTER_BOUND('',#1210,.T.);
#720=FACE_OUTER_BOUND('',#1211,.T.);
#721=FACE_OUTER_BOUND('',#1212,.T.);
#722=FACE_OUTER_BOUND('',#1213,.T.);
#723=FACE_OUTER_BOUND('',#1214,.T.);
#724=FACE_OUTER_BOUND('',#1215,.T.);
#725=FACE_OUTER_BOUND('',#1216,.T.);
#726=FACE_OUTER_BOUND('',#1217,.T.);
#727=FACE_OUTER_BOUND('',#1218,.T.);
#728=FACE_OUTER_BOUND('',#1226,.T.);
#729=FACE_OUTER_BOUND('',#1234,.T.);
#730=FACE_OUTER_BOUND('',#1235,.T.);
#731=FACE_OUTER_BOUND('',#1237,.T.);
#732=FACE_OUTER_BOUND('',#1238,.T.);
#733=FACE_OUTER_BOUND('',#1239,.T.);
#734=FACE_OUTER_BOUND('',#1240,.T.);
#735=FACE_OUTER_BOUND('',#1241,.T.);
#736=FACE_OUTER_BOUND('',#1243,.T.);
#737=FACE_OUTER_BOUND('',#1244,.T.);
#738=FACE_OUTER_BOUND('',#1246,.T.);
#739=FACE_OUTER_BOUND('',#1248,.T.);
#740=FACE_OUTER_BOUND('',#1249,.T.);
#741=FACE_OUTER_BOUND('',#1250,.T.);
#742=FACE_OUTER_BOUND('',#1251,.T.);
#743=FACE_OUTER_BOUND('',#1253,.T.);
#744=FACE_OUTER_BOUND('',#1254,.T.);
#745=FACE_OUTER_BOUND('',#1255,.T.);
#746=FACE_OUTER_BOUND('',#1256,.T.);
#747=FACE_OUTER_BOUND('',#1257,.T.);
#748=FACE_OUTER_BOUND('',#1258,.T.);
#749=FACE_OUTER_BOUND('',#1259,.T.);
#750=FACE_OUTER_BOUND('',#1260,.T.);
#751=FACE_OUTER_BOUND('',#1261,.T.);
#752=FACE_OUTER_BOUND('',#1262,.T.);
#753=FACE_OUTER_BOUND('',#1263,.T.);
#754=FACE_OUTER_BOUND('',#1264,.T.);
#755=FACE_OUTER_BOUND('',#1265,.T.);
#756=FACE_OUTER_BOUND('',#1266,.T.);
#757=FACE_OUTER_BOUND('',#1267,.T.);
#758=FACE_OUTER_BOUND('',#1268,.T.);
#759=FACE_OUTER_BOUND('',#1270,.T.);
#760=FACE_OUTER_BOUND('',#1271,.T.);
#761=FACE_OUTER_BOUND('',#1273,.T.);
#762=FACE_OUTER_BOUND('',#1274,.T.);
#763=FACE_OUTER_BOUND('',#1276,.T.);
#764=FACE_OUTER_BOUND('',#1277,.T.);
#765=FACE_OUTER_BOUND('',#1278,.T.);
#766=FACE_OUTER_BOUND('',#1279,.T.);
#767=FACE_OUTER_BOUND('',#1280,.T.);
#768=FACE_OUTER_BOUND('',#1282,.T.);
#769=FACE_OUTER_BOUND('',#1284,.T.);
#770=FACE_OUTER_BOUND('',#1286,.T.);
#771=FACE_OUTER_BOUND('',#1287,.T.);
#772=FACE_OUTER_BOUND('',#1288,.T.);
#773=FACE_OUTER_BOUND('',#1289,.T.);
#774=FACE_OUTER_BOUND('',#1290,.T.);
#775=FACE_OUTER_BOUND('',#1291,.T.);
#776=FACE_OUTER_BOUND('',#1292,.T.);
#777=FACE_OUTER_BOUND('',#1293,.T.);
#778=FACE_OUTER_BOUND('',#1294,.T.);
#779=FACE_OUTER_BOUND('',#1295,.T.);
#780=FACE_OUTER_BOUND('',#1296,.T.);
#781=FACE_OUTER_BOUND('',#1297,.T.);
#782=FACE_OUTER_BOUND('',#1298,.T.);
#783=FACE_OUTER_BOUND('',#1299,.T.);
#784=FACE_OUTER_BOUND('',#1300,.T.);
#785=FACE_OUTER_BOUND('',#1301,.T.);
#786=FACE_OUTER_BOUND('',#1302,.T.);
#787=FACE_OUTER_BOUND('',#1303,.T.);
#788=FACE_OUTER_BOUND('',#1304,.T.);
#789=FACE_OUTER_BOUND('',#1305,.T.);
#790=FACE_OUTER_BOUND('',#1306,.T.);
#791=FACE_OUTER_BOUND('',#1315,.T.);
#792=EDGE_LOOP('',(#3787,#3788,#3789,#3790));
#793=EDGE_LOOP('',(#3791,#3792,#3793,#3794));
#794=EDGE_LOOP('',(#3795,#3796,#3797,#3798));
#795=EDGE_LOOP('',(#3799,#3800,#3801,#3802));
#796=EDGE_LOOP('',(#3803,#3804,#3805,#3806));
#797=EDGE_LOOP('',(#3807,#3808,#3809,#3810));
#798=EDGE_LOOP('',(#3811,#3812,#3813,#3814));
#799=EDGE_LOOP('',(#3815,#3816,#3817,#3818));
#800=EDGE_LOOP('',(#3819,#3820,#3821,#3822));
#801=EDGE_LOOP('',(#3823,#3824,#3825,#3826));
#802=EDGE_LOOP('',(#3827,#3828,#3829,#3830));
#803=EDGE_LOOP('',(#3831,#3832,#3833,#3834));
#804=EDGE_LOOP('',(#3835,#3836,#3837,#3838));
#805=EDGE_LOOP('',(#3839,#3840,#3841,#3842));
#806=EDGE_LOOP('',(#3843,#3844,#3845,#3846));
#807=EDGE_LOOP('',(#3847,#3848,#3849,#3850));
#808=EDGE_LOOP('',(#3851,#3852,#3853,#3854));
#809=EDGE_LOOP('',(#3855,#3856,#3857,#3858));
#810=EDGE_LOOP('',(#3859,#3860,#3861,#3862));
#811=EDGE_LOOP('',(#3863,#3864,#3865,#3866));
#812=EDGE_LOOP('',(#3867,#3868,#3869,#3870));
#813=EDGE_LOOP('',(#3871,#3872,#3873,#3874));
#814=EDGE_LOOP('',(#3875,#3876,#3877,#3878));
#815=EDGE_LOOP('',(#3879,#3880,#3881,#3882));
#816=EDGE_LOOP('',(#3883,#3884,#3885,#3886));
#817=EDGE_LOOP('',(#3887,#3888,#3889,#3890));
#818=EDGE_LOOP('',(#3891,#3892,#3893,#3894));
#819=EDGE_LOOP('',(#3895,#3896,#3897,#3898));
#820=EDGE_LOOP('',(#3899,#3900,#3901,#3902));
#821=EDGE_LOOP('',(#3903,#3904,#3905,#3906));
#822=EDGE_LOOP('',(#3907,#3908,#3909,#3910));
#823=EDGE_LOOP('',(#3911,#3912,#3913,#3914,#3915,#3916,#3917,#3918,#3919,
#3920,#3921,#3922));
#824=EDGE_LOOP('',(#3923));
#825=EDGE_LOOP('',(#3924));
#826=EDGE_LOOP('',(#3925));
#827=EDGE_LOOP('',(#3926));
#828=EDGE_LOOP('',(#3927));
#829=EDGE_LOOP('',(#3928));
#830=EDGE_LOOP('',(#3929));
#831=EDGE_LOOP('',(#3930));
#832=EDGE_LOOP('',(#3931));
#833=EDGE_LOOP('',(#3932));
#834=EDGE_LOOP('',(#3933));
#835=EDGE_LOOP('',(#3934));
#836=EDGE_LOOP('',(#3935));
#837=EDGE_LOOP('',(#3936));
#838=EDGE_LOOP('',(#3937));
#839=EDGE_LOOP('',(#3938));
#840=EDGE_LOOP('',(#3939));
#841=EDGE_LOOP('',(#3940));
#842=EDGE_LOOP('',(#3941));
#843=EDGE_LOOP('',(#3942,#3943,#3944,#3945,#3946,#3947,#3948,#3949,#3950,
#3951,#3952,#3953));
#844=EDGE_LOOP('',(#3954));
#845=EDGE_LOOP('',(#3955));
#846=EDGE_LOOP('',(#3956));
#847=EDGE_LOOP('',(#3957));
#848=EDGE_LOOP('',(#3958));
#849=EDGE_LOOP('',(#3959));
#850=EDGE_LOOP('',(#3960));
#851=EDGE_LOOP('',(#3961));
#852=EDGE_LOOP('',(#3962));
#853=EDGE_LOOP('',(#3963));
#854=EDGE_LOOP('',(#3964));
#855=EDGE_LOOP('',(#3965));
#856=EDGE_LOOP('',(#3966));
#857=EDGE_LOOP('',(#3967));
#858=EDGE_LOOP('',(#3968));
#859=EDGE_LOOP('',(#3969));
#860=EDGE_LOOP('',(#3970));
#861=EDGE_LOOP('',(#3971));
#862=EDGE_LOOP('',(#3972));
#863=EDGE_LOOP('',(#3973,#3974,#3975,#3976));
#864=EDGE_LOOP('',(#3977,#3978,#3979,#3980));
#865=EDGE_LOOP('',(#3981,#3982,#3983,#3984));
#866=EDGE_LOOP('',(#3985,#3986,#3987,#3988));
#867=EDGE_LOOP('',(#3989,#3990,#3991,#3992));
#868=EDGE_LOOP('',(#3993,#3994,#3995,#3996));
#869=EDGE_LOOP('',(#3997,#3998,#3999,#4000));
#870=EDGE_LOOP('',(#4001,#4002,#4003,#4004));
#871=EDGE_LOOP('',(#4005,#4006,#4007,#4008));
#872=EDGE_LOOP('',(#4009,#4010,#4011,#4012));
#873=EDGE_LOOP('',(#4013,#4014,#4015,#4016));
#874=EDGE_LOOP('',(#4017,#4018,#4019,#4020));
#875=EDGE_LOOP('',(#4021,#4022,#4023,#4024));
#876=EDGE_LOOP('',(#4025,#4026,#4027,#4028));
#877=EDGE_LOOP('',(#4029,#4030,#4031,#4032));
#878=EDGE_LOOP('',(#4033,#4034,#4035,#4036));
#879=EDGE_LOOP('',(#4037,#4038,#4039,#4040));
#880=EDGE_LOOP('',(#4041,#4042,#4043,#4044));
#881=EDGE_LOOP('',(#4045,#4046,#4047,#4048));
#882=EDGE_LOOP('',(#4049,#4050,#4051,#4052));
#883=EDGE_LOOP('',(#4053,#4054,#4055,#4056));
#884=EDGE_LOOP('',(#4057,#4058,#4059,#4060));
#885=EDGE_LOOP('',(#4061,#4062,#4063,#4064));
#886=EDGE_LOOP('',(#4065,#4066,#4067,#4068));
#887=EDGE_LOOP('',(#4069,#4070,#4071,#4072));
#888=EDGE_LOOP('',(#4073,#4074,#4075,#4076));
#889=EDGE_LOOP('',(#4077,#4078,#4079,#4080));
#890=EDGE_LOOP('',(#4081,#4082,#4083,#4084));
#891=EDGE_LOOP('',(#4085,#4086,#4087,#4088));
#892=EDGE_LOOP('',(#4089,#4090,#4091,#4092));
#893=EDGE_LOOP('',(#4093,#4094,#4095,#4096));
#894=EDGE_LOOP('',(#4097,#4098,#4099,#4100));
#895=EDGE_LOOP('',(#4101,#4102,#4103,#4104));
#896=EDGE_LOOP('',(#4105,#4106,#4107,#4108));
#897=EDGE_LOOP('',(#4109,#4110,#4111,#4112));
#898=EDGE_LOOP('',(#4113,#4114,#4115,#4116));
#899=EDGE_LOOP('',(#4117,#4118,#4119,#4120));
#900=EDGE_LOOP('',(#4121,#4122,#4123,#4124));
#901=EDGE_LOOP('',(#4125,#4126,#4127,#4128));
#902=EDGE_LOOP('',(#4129,#4130,#4131,#4132));
#903=EDGE_LOOP('',(#4133,#4134,#4135,#4136));
#904=EDGE_LOOP('',(#4137,#4138,#4139,#4140));
#905=EDGE_LOOP('',(#4141,#4142,#4143,#4144,#4145,#4146,#4147,#4148,#4149,
#4150,#4151,#4152,#4153,#4154));
#906=EDGE_LOOP('',(#4155));
#907=EDGE_LOOP('',(#4156));
#908=EDGE_LOOP('',(#4157));
#909=EDGE_LOOP('',(#4158));
#910=EDGE_LOOP('',(#4159));
#911=EDGE_LOOP('',(#4160));
#912=EDGE_LOOP('',(#4161));
#913=EDGE_LOOP('',(#4162));
#914=EDGE_LOOP('',(#4163));
#915=EDGE_LOOP('',(#4164));
#916=EDGE_LOOP('',(#4165));
#917=EDGE_LOOP('',(#4166));
#918=EDGE_LOOP('',(#4167));
#919=EDGE_LOOP('',(#4168));
#920=EDGE_LOOP('',(#4169));
#921=EDGE_LOOP('',(#4170));
#922=EDGE_LOOP('',(#4171));
#923=EDGE_LOOP('',(#4172));
#924=EDGE_LOOP('',(#4173));
#925=EDGE_LOOP('',(#4174));
#926=EDGE_LOOP('',(#4175));
#927=EDGE_LOOP('',(#4176));
#928=EDGE_LOOP('',(#4177));
#929=EDGE_LOOP('',(#4178));
#930=EDGE_LOOP('',(#4179));
#931=EDGE_LOOP('',(#4180));
#932=EDGE_LOOP('',(#4181));
#933=EDGE_LOOP('',(#4182));
#934=EDGE_LOOP('',(#4183,#4184,#4185,#4186,#4187,#4188,#4189,#4190,#4191,
#4192,#4193,#4194,#4195,#4196));
#935=EDGE_LOOP('',(#4197));
#936=EDGE_LOOP('',(#4198));
#937=EDGE_LOOP('',(#4199));
#938=EDGE_LOOP('',(#4200));
#939=EDGE_LOOP('',(#4201));
#940=EDGE_LOOP('',(#4202));
#941=EDGE_LOOP('',(#4203));
#942=EDGE_LOOP('',(#4204));
#943=EDGE_LOOP('',(#4205));
#944=EDGE_LOOP('',(#4206));
#945=EDGE_LOOP('',(#4207));
#946=EDGE_LOOP('',(#4208));
#947=EDGE_LOOP('',(#4209));
#948=EDGE_LOOP('',(#4210));
#949=EDGE_LOOP('',(#4211));
#950=EDGE_LOOP('',(#4212));
#951=EDGE_LOOP('',(#4213));
#952=EDGE_LOOP('',(#4214));
#953=EDGE_LOOP('',(#4215));
#954=EDGE_LOOP('',(#4216));
#955=EDGE_LOOP('',(#4217));
#956=EDGE_LOOP('',(#4218));
#957=EDGE_LOOP('',(#4219));
#958=EDGE_LOOP('',(#4220));
#959=EDGE_LOOP('',(#4221));
#960=EDGE_LOOP('',(#4222));
#961=EDGE_LOOP('',(#4223));
#962=EDGE_LOOP('',(#4224));
#963=EDGE_LOOP('',(#4225,#4226,#4227,#4228));
#964=EDGE_LOOP('',(#4229,#4230,#4231,#4232));
#965=EDGE_LOOP('',(#4233,#4234,#4235,#4236));
#966=EDGE_LOOP('',(#4237,#4238,#4239,#4240));
#967=EDGE_LOOP('',(#4241,#4242,#4243,#4244));
#968=EDGE_LOOP('',(#4245,#4246,#4247,#4248));
#969=EDGE_LOOP('',(#4249,#4250,#4251,#4252));
#970=EDGE_LOOP('',(#4253,#4254,#4255,#4256));
#971=EDGE_LOOP('',(#4257,#4258,#4259,#4260));
#972=EDGE_LOOP('',(#4261,#4262,#4263,#4264));
#973=EDGE_LOOP('',(#4265));
#974=EDGE_LOOP('',(#4266));
#975=EDGE_LOOP('',(#4267));
#976=EDGE_LOOP('',(#4268));
#977=EDGE_LOOP('',(#4269));
#978=EDGE_LOOP('',(#4270));
#979=EDGE_LOOP('',(#4271));
#980=EDGE_LOOP('',(#4272));
#981=EDGE_LOOP('',(#4273));
#982=EDGE_LOOP('',(#4274));
#983=EDGE_LOOP('',(#4275));
#984=EDGE_LOOP('',(#4276));
#985=EDGE_LOOP('',(#4277));
#986=EDGE_LOOP('',(#4278));
#987=EDGE_LOOP('',(#4279));
#988=EDGE_LOOP('',(#4280));
#989=EDGE_LOOP('',(#4281));
#990=EDGE_LOOP('',(#4282));
#991=EDGE_LOOP('',(#4283));
#992=EDGE_LOOP('',(#4284));
#993=EDGE_LOOP('',(#4285,#4286,#4287,#4288));
#994=EDGE_LOOP('',(#4289,#4290,#4291,#4292));
#995=EDGE_LOOP('',(#4293,#4294,#4295,#4296));
#996=EDGE_LOOP('',(#4297,#4298,#4299,#4300));
#997=EDGE_LOOP('',(#4301,#4302,#4303,#4304));
#998=EDGE_LOOP('',(#4305,#4306,#4307,#4308));
#999=EDGE_LOOP('',(#4309,#4310,#4311,#4312));
#1000=EDGE_LOOP('',(#4313));
#1001=EDGE_LOOP('',(#4314));
#1002=EDGE_LOOP('',(#4315,#4316,#4317,#4318));
#1003=EDGE_LOOP('',(#4319));
#1004=EDGE_LOOP('',(#4320));
#1005=EDGE_LOOP('',(#4321,#4322,#4323,#4324));
#1006=EDGE_LOOP('',(#4325,#4326,#4327,#4328));
#1007=EDGE_LOOP('',(#4329,#4330,#4331,#4332));
#1008=EDGE_LOOP('',(#4333,#4334,#4335,#4336));
#1009=EDGE_LOOP('',(#4337,#4338,#4339,#4340));
#1010=EDGE_LOOP('',(#4341,#4342,#4343,#4344));
#1011=EDGE_LOOP('',(#4345,#4346,#4347,#4348));
#1012=EDGE_LOOP('',(#4349));
#1013=EDGE_LOOP('',(#4350));
#1014=EDGE_LOOP('',(#4351,#4352,#4353,#4354));
#1015=EDGE_LOOP('',(#4355,#4356,#4357,#4358));
#1016=EDGE_LOOP('',(#4359,#4360,#4361,#4362));
#1017=EDGE_LOOP('',(#4363,#4364,#4365,#4366));
#1018=EDGE_LOOP('',(#4367,#4368,#4369,#4370));
#1019=EDGE_LOOP('',(#4371,#4372,#4373,#4374));
#1020=EDGE_LOOP('',(#4375,#4376,#4377,#4378));
#1021=EDGE_LOOP('',(#4379,#4380,#4381,#4382));
#1022=EDGE_LOOP('',(#4383,#4384,#4385,#4386));
#1023=EDGE_LOOP('',(#4387,#4388,#4389,#4390));
#1024=EDGE_LOOP('',(#4391,#4392,#4393,#4394));
#1025=EDGE_LOOP('',(#4395,#4396,#4397,#4398));
#1026=EDGE_LOOP('',(#4399,#4400,#4401,#4402));
#1027=EDGE_LOOP('',(#4403,#4404,#4405,#4406));
#1028=EDGE_LOOP('',(#4407,#4408,#4409,#4410));
#1029=EDGE_LOOP('',(#4411,#4412,#4413,#4414));
#1030=EDGE_LOOP('',(#4415,#4416,#4417,#4418));
#1031=EDGE_LOOP('',(#4419,#4420,#4421,#4422));
#1032=EDGE_LOOP('',(#4423,#4424,#4425,#4426));
#1033=EDGE_LOOP('',(#4427,#4428,#4429,#4430));
#1034=EDGE_LOOP('',(#4431,#4432,#4433,#4434));
#1035=EDGE_LOOP('',(#4435,#4436,#4437,#4438));
#1036=EDGE_LOOP('',(#4439,#4440,#4441,#4442));
#1037=EDGE_LOOP('',(#4443,#4444,#4445,#4446));
#1038=EDGE_LOOP('',(#4447,#4448,#4449,#4450));
#1039=EDGE_LOOP('',(#4451,#4452,#4453,#4454));
#1040=EDGE_LOOP('',(#4455,#4456,#4457,#4458));
#1041=EDGE_LOOP('',(#4459,#4460,#4461,#4462,#4463,#4464,#4465,#4466));
#1042=EDGE_LOOP('',(#4467));
#1043=EDGE_LOOP('',(#4468));
#1044=EDGE_LOOP('',(#4469));
#1045=EDGE_LOOP('',(#4470));
#1046=EDGE_LOOP('',(#4471));
#1047=EDGE_LOOP('',(#4472));
#1048=EDGE_LOOP('',(#4473));
#1049=EDGE_LOOP('',(#4474));
#1050=EDGE_LOOP('',(#4475));
#1051=EDGE_LOOP('',(#4476));
#1052=EDGE_LOOP('',(#4477));
#1053=EDGE_LOOP('',(#4478));
#1054=EDGE_LOOP('',(#4479));
#1055=EDGE_LOOP('',(#4480));
#1056=EDGE_LOOP('',(#4481));
#1057=EDGE_LOOP('',(#4482));
#1058=EDGE_LOOP('',(#4483));
#1059=EDGE_LOOP('',(#4484));
#1060=EDGE_LOOP('',(#4485));
#1061=EDGE_LOOP('',(#4486,#4487,#4488,#4489,#4490,#4491,#4492,#4493));
#1062=EDGE_LOOP('',(#4494));
#1063=EDGE_LOOP('',(#4495));
#1064=EDGE_LOOP('',(#4496));
#1065=EDGE_LOOP('',(#4497));
#1066=EDGE_LOOP('',(#4498));
#1067=EDGE_LOOP('',(#4499));
#1068=EDGE_LOOP('',(#4500));
#1069=EDGE_LOOP('',(#4501));
#1070=EDGE_LOOP('',(#4502));
#1071=EDGE_LOOP('',(#4503));
#1072=EDGE_LOOP('',(#4504));
#1073=EDGE_LOOP('',(#4505));
#1074=EDGE_LOOP('',(#4506));
#1075=EDGE_LOOP('',(#4507));
#1076=EDGE_LOOP('',(#4508));
#1077=EDGE_LOOP('',(#4509));
#1078=EDGE_LOOP('',(#4510));
#1079=EDGE_LOOP('',(#4511));
#1080=EDGE_LOOP('',(#4512));
#1081=EDGE_LOOP('',(#4513,#4514,#4515,#4516));
#1082=EDGE_LOOP('',(#4517,#4518,#4519,#4520));
#1083=EDGE_LOOP('',(#4521,#4522,#4523,#4524));
#1084=EDGE_LOOP('',(#4525,#4526,#4527,#4528));
#1085=EDGE_LOOP('',(#4529,#4530,#4531,#4532));
#1086=EDGE_LOOP('',(#4533,#4534,#4535,#4536));
#1087=EDGE_LOOP('',(#4537,#4538,#4539,#4540));
#1088=EDGE_LOOP('',(#4541,#4542,#4543,#4544));
#1089=EDGE_LOOP('',(#4545,#4546,#4547,#4548));
#1090=EDGE_LOOP('',(#4549,#4550,#4551,#4552));
#1091=EDGE_LOOP('',(#4553,#4554,#4555,#4556));
#1092=EDGE_LOOP('',(#4557,#4558,#4559,#4560));
#1093=EDGE_LOOP('',(#4561,#4562,#4563,#4564));
#1094=EDGE_LOOP('',(#4565,#4566,#4567,#4568));
#1095=EDGE_LOOP('',(#4569,#4570,#4571,#4572));
#1096=EDGE_LOOP('',(#4573,#4574,#4575,#4576));
#1097=EDGE_LOOP('',(#4577,#4578,#4579,#4580));
#1098=EDGE_LOOP('',(#4581,#4582,#4583,#4584));
#1099=EDGE_LOOP('',(#4585,#4586,#4587,#4588));
#1100=EDGE_LOOP('',(#4589,#4590,#4591,#4592));
#1101=EDGE_LOOP('',(#4593,#4594,#4595,#4596));
#1102=EDGE_LOOP('',(#4597,#4598,#4599,#4600));
#1103=EDGE_LOOP('',(#4601,#4602,#4603,#4604));
#1104=EDGE_LOOP('',(#4605,#4606,#4607,#4608));
#1105=EDGE_LOOP('',(#4609,#4610,#4611,#4612));
#1106=EDGE_LOOP('',(#4613,#4614,#4615,#4616));
#1107=EDGE_LOOP('',(#4617,#4618,#4619,#4620,#4621,#4622,#4623,#4624,#4625,
#4626));
#1108=EDGE_LOOP('',(#4627));
#1109=EDGE_LOOP('',(#4628));
#1110=EDGE_LOOP('',(#4629));
#1111=EDGE_LOOP('',(#4630,#4631,#4632,#4633));
#1112=EDGE_LOOP('',(#4634));
#1113=EDGE_LOOP('',(#4635));
#1114=EDGE_LOOP('',(#4636,#4637,#4638,#4639));
#1115=EDGE_LOOP('',(#4640));
#1116=EDGE_LOOP('',(#4641));
#1117=EDGE_LOOP('',(#4642));
#1118=EDGE_LOOP('',(#4643,#4644,#4645,#4646,#4647,#4648,#4649,#4650,#4651,
#4652));
#1119=EDGE_LOOP('',(#4653));
#1120=EDGE_LOOP('',(#4654));
#1121=EDGE_LOOP('',(#4655));
#1122=EDGE_LOOP('',(#4656,#4657,#4658,#4659));
#1123=EDGE_LOOP('',(#4660));
#1124=EDGE_LOOP('',(#4661));
#1125=EDGE_LOOP('',(#4662,#4663,#4664,#4665));
#1126=EDGE_LOOP('',(#4666));
#1127=EDGE_LOOP('',(#4667));
#1128=EDGE_LOOP('',(#4668));
#1129=EDGE_LOOP('',(#4669,#4670));
#1130=EDGE_LOOP('',(#4671,#4672,#4673,#4674));
#1131=EDGE_LOOP('',(#4675,#4676,#4677,#4678));
#1132=EDGE_LOOP('',(#4679));
#1133=EDGE_LOOP('',(#4680));
#1134=EDGE_LOOP('',(#4681));
#1135=EDGE_LOOP('',(#4682));
#1136=EDGE_LOOP('',(#4683));
#1137=EDGE_LOOP('',(#4684,#4685,#4686,#4687));
#1138=EDGE_LOOP('',(#4688));
#1139=EDGE_LOOP('',(#4689));
#1140=EDGE_LOOP('',(#4690,#4691,#4692,#4693));
#1141=EDGE_LOOP('',(#4694));
#1142=EDGE_LOOP('',(#4695));
#1143=EDGE_LOOP('',(#4696,#4697,#4698,#4699));
#1144=EDGE_LOOP('',(#4700));
#1145=EDGE_LOOP('',(#4701,#4702,#4703,#4704));
#1146=EDGE_LOOP('',(#4705));
#1147=EDGE_LOOP('',(#4706,#4707,#4708,#4709));
#1148=EDGE_LOOP('',(#4710));
#1149=EDGE_LOOP('',(#4711,#4712,#4713,#4714));
#1150=EDGE_LOOP('',(#4715));
#1151=EDGE_LOOP('',(#4716,#4717,#4718,#4719));
#1152=EDGE_LOOP('',(#4720));
#1153=EDGE_LOOP('',(#4721,#4722,#4723,#4724));
#1154=EDGE_LOOP('',(#4725,#4726,#4727,#4728));
#1155=EDGE_LOOP('',(#4729,#4730,#4731,#4732));
#1156=EDGE_LOOP('',(#4733,#4734,#4735,#4736));
#1157=EDGE_LOOP('',(#4737,#4738,#4739,#4740));
#1158=EDGE_LOOP('',(#4741,#4742,#4743,#4744));
#1159=EDGE_LOOP('',(#4745,#4746,#4747,#4748));
#1160=EDGE_LOOP('',(#4749,#4750,#4751,#4752));
#1161=EDGE_LOOP('',(#4753,#4754,#4755,#4756));
#1162=EDGE_LOOP('',(#4757,#4758,#4759,#4760));
#1163=EDGE_LOOP('',(#4761,#4762,#4763,#4764));
#1164=EDGE_LOOP('',(#4765,#4766,#4767,#4768));
#1165=EDGE_LOOP('',(#4769,#4770,#4771,#4772));
#1166=EDGE_LOOP('',(#4773,#4774,#4775,#4776));
#1167=EDGE_LOOP('',(#4777,#4778,#4779,#4780));
#1168=EDGE_LOOP('',(#4781,#4782,#4783,#4784));
#1169=EDGE_LOOP('',(#4785,#4786,#4787,#4788));
#1170=EDGE_LOOP('',(#4789,#4790,#4791,#4792));
#1171=EDGE_LOOP('',(#4793,#4794,#4795,#4796));
#1172=EDGE_LOOP('',(#4797,#4798,#4799,#4800));
#1173=EDGE_LOOP('',(#4801,#4802,#4803,#4804));
#1174=EDGE_LOOP('',(#4805,#4806,#4807,#4808));
#1175=EDGE_LOOP('',(#4809,#4810,#4811,#4812));
#1176=EDGE_LOOP('',(#4813,#4814,#4815,#4816));
#1177=EDGE_LOOP('',(#4817,#4818,#4819,#4820));
#1178=EDGE_LOOP('',(#4821,#4822,#4823,#4824));
#1179=EDGE_LOOP('',(#4825,#4826,#4827,#4828));
#1180=EDGE_LOOP('',(#4829,#4830,#4831,#4832));
#1181=EDGE_LOOP('',(#4833,#4834,#4835,#4836));
#1182=EDGE_LOOP('',(#4837,#4838,#4839,#4840));
#1183=EDGE_LOOP('',(#4841,#4842,#4843,#4844));
#1184=EDGE_LOOP('',(#4845,#4846,#4847,#4848));
#1185=EDGE_LOOP('',(#4849,#4850,#4851,#4852,#4853,#4854,#4855,#4856,#4857,
#4858,#4859,#4860,#4861,#4862,#4863,#4864,#4865,#4866,#4867,#4868,#4869,
#4870,#4871,#4872));
#1186=EDGE_LOOP('',(#4873));
#1187=EDGE_LOOP('',(#4874));
#1188=EDGE_LOOP('',(#4875));
#1189=EDGE_LOOP('',(#4876));
#1190=EDGE_LOOP('',(#4877));
#1191=EDGE_LOOP('',(#4878));
#1192=EDGE_LOOP('',(#4879));
#1193=EDGE_LOOP('',(#4880));
#1194=EDGE_LOOP('',(#4881,#4882,#4883,#4884,#4885,#4886,#4887,#4888,#4889,
#4890,#4891,#4892,#4893,#4894,#4895,#4896,#4897,#4898,#4899,#4900,#4901,
#4902,#4903,#4904));
#1195=EDGE_LOOP('',(#4905));
#1196=EDGE_LOOP('',(#4906));
#1197=EDGE_LOOP('',(#4907));
#1198=EDGE_LOOP('',(#4908));
#1199=EDGE_LOOP('',(#4909));
#1200=EDGE_LOOP('',(#4910));
#1201=EDGE_LOOP('',(#4911));
#1202=EDGE_LOOP('',(#4912));
#1203=EDGE_LOOP('',(#4913,#4914,#4915,#4916));
#1204=EDGE_LOOP('',(#4917,#4918,#4919,#4920));
#1205=EDGE_LOOP('',(#4921,#4922,#4923,#4924));
#1206=EDGE_LOOP('',(#4925,#4926,#4927,#4928));
#1207=EDGE_LOOP('',(#4929,#4930,#4931,#4932));
#1208=EDGE_LOOP('',(#4933,#4934,#4935,#4936));
#1209=EDGE_LOOP('',(#4937,#4938,#4939,#4940));
#1210=EDGE_LOOP('',(#4941,#4942,#4943,#4944));
#1211=EDGE_LOOP('',(#4945,#4946,#4947,#4948));
#1212=EDGE_LOOP('',(#4949,#4950,#4951,#4952));
#1213=EDGE_LOOP('',(#4953,#4954,#4955,#4956));
#1214=EDGE_LOOP('',(#4957,#4958,#4959,#4960));
#1215=EDGE_LOOP('',(#4961,#4962,#4963,#4964));
#1216=EDGE_LOOP('',(#4965,#4966,#4967,#4968));
#1217=EDGE_LOOP('',(#4969,#4970,#4971,#4972));
#1218=EDGE_LOOP('',(#4973,#4974,#4975,#4976,#4977,#4978,#4979,#4980));
#1219=EDGE_LOOP('',(#4981));
#1220=EDGE_LOOP('',(#4982));
#1221=EDGE_LOOP('',(#4983));
#1222=EDGE_LOOP('',(#4984));
#1223=EDGE_LOOP('',(#4985));
#1224=EDGE_LOOP('',(#4986));
#1225=EDGE_LOOP('',(#4987));
#1226=EDGE_LOOP('',(#4988,#4989,#4990,#4991,#4992,#4993,#4994,#4995));
#1227=EDGE_LOOP('',(#4996));
#1228=EDGE_LOOP('',(#4997));
#1229=EDGE_LOOP('',(#4998));
#1230=EDGE_LOOP('',(#4999));
#1231=EDGE_LOOP('',(#5000));
#1232=EDGE_LOOP('',(#5001));
#1233=EDGE_LOOP('',(#5002));
#1234=EDGE_LOOP('',(#5003));
#1235=EDGE_LOOP('',(#5004));
#1236=EDGE_LOOP('',(#5005));
#1237=EDGE_LOOP('',(#5006,#5007,#5008,#5009));
#1238=EDGE_LOOP('',(#5010));
#1239=EDGE_LOOP('',(#5011,#5012,#5013,#5014));
#1240=EDGE_LOOP('',(#5015,#5016,#5017,#5018));
#1241=EDGE_LOOP('',(#5019));
#1242=EDGE_LOOP('',(#5020));
#1243=EDGE_LOOP('',(#5021,#5022,#5023,#5024));
#1244=EDGE_LOOP('',(#5025));
#1245=EDGE_LOOP('',(#5026));
#1246=EDGE_LOOP('',(#5027,#5028,#5029,#5030,#5031,#5032));
#1247=EDGE_LOOP('',(#5033));
#1248=EDGE_LOOP('',(#5034,#5035,#5036,#5037));
#1249=EDGE_LOOP('',(#5038,#5039,#5040,#5041));
#1250=EDGE_LOOP('',(#5042,#5043,#5044,#5045));
#1251=EDGE_LOOP('',(#5046,#5047,#5048,#5049,#5050,#5051));
#1252=EDGE_LOOP('',(#5052));
#1253=EDGE_LOOP('',(#5053,#5054,#5055,#5056));
#1254=EDGE_LOOP('',(#5057,#5058,#5059,#5060));
#1255=EDGE_LOOP('',(#5061,#5062,#5063,#5064));
#1256=EDGE_LOOP('',(#5065,#5066,#5067,#5068));
#1257=EDGE_LOOP('',(#5069,#5070,#5071,#5072));
#1258=EDGE_LOOP('',(#5073,#5074,#5075,#5076));
#1259=EDGE_LOOP('',(#5077,#5078,#5079,#5080));
#1260=EDGE_LOOP('',(#5081,#5082,#5083,#5084));
#1261=EDGE_LOOP('',(#5085,#5086,#5087,#5088));
#1262=EDGE_LOOP('',(#5089,#5090,#5091,#5092));
#1263=EDGE_LOOP('',(#5093,#5094,#5095,#5096));
#1264=EDGE_LOOP('',(#5097,#5098,#5099,#5100));
#1265=EDGE_LOOP('',(#5101,#5102,#5103,#5104));
#1266=EDGE_LOOP('',(#5105,#5106,#5107,#5108));
#1267=EDGE_LOOP('',(#5109,#5110,#5111,#5112));
#1268=EDGE_LOOP('',(#5113,#5114,#5115,#5116,#5117,#5118));
#1269=EDGE_LOOP('',(#5119));
#1270=EDGE_LOOP('',(#5120,#5121,#5122,#5123));
#1271=EDGE_LOOP('',(#5124,#5125,#5126,#5127,#5128,#5129));
#1272=EDGE_LOOP('',(#5130));
#1273=EDGE_LOOP('',(#5131,#5132,#5133,#5134));
#1274=EDGE_LOOP('',(#5135,#5136,#5137,#5138,#5139,#5140));
#1275=EDGE_LOOP('',(#5141));
#1276=EDGE_LOOP('',(#5142,#5143,#5144,#5145));
#1277=EDGE_LOOP('',(#5146,#5147,#5148,#5149));
#1278=EDGE_LOOP('',(#5150,#5151,#5152,#5153));
#1279=EDGE_LOOP('',(#5154,#5155,#5156,#5157));
#1280=EDGE_LOOP('',(#5158,#5159,#5160,#5161,#5162,#5163));
#1281=EDGE_LOOP('',(#5164));
#1282=EDGE_LOOP('',(#5165,#5166,#5167,#5168,#5169,#5170));
#1283=EDGE_LOOP('',(#5171));
#1284=EDGE_LOOP('',(#5172,#5173,#5174,#5175,#5176,#5177));
#1285=EDGE_LOOP('',(#5178));
#1286=EDGE_LOOP('',(#5179,#5180,#5181,#5182));
#1287=EDGE_LOOP('',(#5183,#5184,#5185,#5186));
#1288=EDGE_LOOP('',(#5187,#5188,#5189,#5190));
#1289=EDGE_LOOP('',(#5191,#5192,#5193,#5194));
#1290=EDGE_LOOP('',(#5195,#5196,#5197,#5198));
#1291=EDGE_LOOP('',(#5199,#5200,#5201,#5202));
#1292=EDGE_LOOP('',(#5203,#5204,#5205,#5206));
#1293=EDGE_LOOP('',(#5207,#5208,#5209,#5210));
#1294=EDGE_LOOP('',(#5211,#5212,#5213,#5214));
#1295=EDGE_LOOP('',(#5215,#5216,#5217,#5218));
#1296=EDGE_LOOP('',(#5219,#5220,#5221,#5222));
#1297=EDGE_LOOP('',(#5223,#5224,#5225,#5226));
#1298=EDGE_LOOP('',(#5227,#5228,#5229,#5230));
#1299=EDGE_LOOP('',(#5231,#5232,#5233,#5234));
#1300=EDGE_LOOP('',(#5235,#5236,#5237,#5238));
#1301=EDGE_LOOP('',(#5239,#5240,#5241,#5242));
#1302=EDGE_LOOP('',(#5243,#5244,#5245,#5246));
#1303=EDGE_LOOP('',(#5247,#5248,#5249,#5250));
#1304=EDGE_LOOP('',(#5251,#5252,#5253,#5254));
#1305=EDGE_LOOP('',(#5255,#5256,#5257,#5258));
#1306=EDGE_LOOP('',(#5259,#5260,#5261,#5262,#5263,#5264));
#1307=EDGE_LOOP('',(#5265,#5266,#5267,#5268));
#1308=EDGE_LOOP('',(#5269,#5270,#5271,#5272));
#1309=EDGE_LOOP('',(#5273,#5274,#5275,#5276));
#1310=EDGE_LOOP('',(#5277,#5278,#5279,#5280));
#1311=EDGE_LOOP('',(#5281));
#1312=EDGE_LOOP('',(#5282));
#1313=EDGE_LOOP('',(#5283));
#1314=EDGE_LOOP('',(#5284));
#1315=EDGE_LOOP('',(#5285,#5286,#5287,#5288,#5289,#5290));
#1316=EDGE_LOOP('',(#5291,#5292,#5293,#5294));
#1317=EDGE_LOOP('',(#5295,#5296,#5297,#5298));
#1318=EDGE_LOOP('',(#5299));
#1319=EDGE_LOOP('',(#5300));
#1320=EDGE_LOOP('',(#5301));
#1321=EDGE_LOOP('',(#5302));
#1322=LINE('',#8264,#1765);
#1323=LINE('',#8270,#1766);
#1324=LINE('',#8276,#1767);
#1325=LINE('',#8282,#1768);
#1326=LINE('',#8288,#1769);
#1327=LINE('',#8294,#1770);
#1328=LINE('',#8300,#1771);
#1329=LINE('',#8306,#1772);
#1330=LINE('',#8312,#1773);
#1331=LINE('',#8318,#1774);
#1332=LINE('',#8324,#1775);
#1333=LINE('',#8330,#1776);
#1334=LINE('',#8336,#1777);
#1335=LINE('',#8342,#1778);
#1336=LINE('',#8348,#1779);
#1337=LINE('',#8354,#1780);
#1338=LINE('',#8360,#1781);
#1339=LINE('',#8366,#1782);
#1340=LINE('',#8372,#1783);
#1341=LINE('',#8377,#1784);
#1342=LINE('',#8379,#1785);
#1343=LINE('',#8381,#1786);
#1344=LINE('',#8382,#1787);
#1345=LINE('',#8385,#1788);
#1346=LINE('',#8387,#1789);
#1347=LINE('',#8388,#1790);
#1348=LINE('',#8391,#1791);
#1349=LINE('',#8393,#1792);
#1350=LINE('',#8394,#1793);
#1351=LINE('',#8397,#1794);
#1352=LINE('',#8399,#1795);
#1353=LINE('',#8400,#1796);
#1354=LINE('',#8403,#1797);
#1355=LINE('',#8405,#1798);
#1356=LINE('',#8406,#1799);
#1357=LINE('',#8412,#1800);
#1358=LINE('',#8415,#1801);
#1359=LINE('',#8417,#1802);
#1360=LINE('',#8418,#1803);
#1361=LINE('',#8421,#1804);
#1362=LINE('',#8423,#1805);
#1363=LINE('',#8424,#1806);
#1364=LINE('',#8427,#1807);
#1365=LINE('',#8429,#1808);
#1366=LINE('',#8430,#1809);
#1367=LINE('',#8436,#1810);
#1368=LINE('',#8439,#1811);
#1369=LINE('',#8441,#1812);
#1370=LINE('',#8442,#1813);
#1371=LINE('',#8444,#1814);
#1372=LINE('',#8445,#1815);
#1373=LINE('',#8453,#1816);
#1374=LINE('',#8459,#1817);
#1375=LINE('',#8465,#1818);
#1376=LINE('',#8471,#1819);
#1377=LINE('',#8477,#1820);
#1378=LINE('',#8483,#1821);
#1379=LINE('',#8489,#1822);
#1380=LINE('',#8495,#1823);
#1381=LINE('',#8501,#1824);
#1382=LINE('',#8507,#1825);
#1383=LINE('',#8513,#1826);
#1384=LINE('',#8519,#1827);
#1385=LINE('',#8525,#1828);
#1386=LINE('',#8531,#1829);
#1387=LINE('',#8537,#1830);
#1388=LINE('',#8543,#1831);
#1389=LINE('',#8549,#1832);
#1390=LINE('',#8555,#1833);
#1391=LINE('',#8561,#1834);
#1392=LINE('',#8567,#1835);
#1393=LINE('',#8573,#1836);
#1394=LINE('',#8579,#1837);
#1395=LINE('',#8585,#1838);
#1396=LINE('',#8591,#1839);
#1397=LINE('',#8597,#1840);
#1398=LINE('',#8603,#1841);
#1399=LINE('',#8609,#1842);
#1400=LINE('',#8615,#1843);
#1401=LINE('',#8622,#1844);
#1402=LINE('',#8625,#1845);
#1403=LINE('',#8631,#1846);
#1404=LINE('',#8634,#1847);
#1405=LINE('',#8636,#1848);
#1406=LINE('',#8637,#1849);
#1407=LINE('',#8640,#1850);
#1408=LINE('',#8642,#1851);
#1409=LINE('',#8643,#1852);
#1410=LINE('',#8646,#1853);
#1411=LINE('',#8648,#1854);
#1412=LINE('',#8649,#1855);
#1413=LINE('',#8655,#1856);
#1414=LINE('',#8658,#1857);
#1415=LINE('',#8660,#1858);
#1416=LINE('',#8661,#1859);
#1417=LINE('',#8664,#1860);
#1418=LINE('',#8666,#1861);
#1419=LINE('',#8667,#1862);
#1420=LINE('',#8670,#1863);
#1421=LINE('',#8672,#1864);
#1422=LINE('',#8673,#1865);
#1423=LINE('',#8679,#1866);
#1424=LINE('',#8682,#1867);
#1425=LINE('',#8684,#1868);
#1426=LINE('',#8685,#1869);
#1427=LINE('',#8688,#1870);
#1428=LINE('',#8690,#1871);
#1429=LINE('',#8691,#1872);
#1430=LINE('',#8694,#1873);
#1431=LINE('',#8696,#1874);
#1432=LINE('',#8697,#1875);
#1433=LINE('',#8708,#1876);
#1434=LINE('',#8714,#1877);
#1435=LINE('',#8720,#1878);
#1436=LINE('',#8726,#1879);
#1437=LINE('',#8732,#1880);
#1438=LINE('',#8738,#1881);
#1439=LINE('',#8744,#1882);
#1440=LINE('',#8750,#1883);
#1441=LINE('',#8756,#1884);
#1442=LINE('',#8762,#1885);
#1443=LINE('',#8771,#1886);
#1444=LINE('',#8777,#1887);
#1445=LINE('',#8782,#1888);
#1446=LINE('',#8784,#1889);
#1447=LINE('',#8786,#1890);
#1448=LINE('',#8787,#1891);
#1449=LINE('',#8790,#1892);
#1450=LINE('',#8792,#1893);
#1451=LINE('',#8793,#1894);
#1452=LINE('',#8796,#1895);
#1453=LINE('',#8798,#1896);
#1454=LINE('',#8799,#1897);
#1455=LINE('',#8801,#1898);
#1456=LINE('',#8802,#1899);
#1457=LINE('',#8808,#1900);
#1458=LINE('',#8810,#1901);
#1459=LINE('',#8812,#1902);
#1460=LINE('',#8813,#1903);
#1461=LINE('',#8816,#1904);
#1462=LINE('',#8818,#1905);
#1463=LINE('',#8819,#1906);
#1464=LINE('',#8822,#1907);
#1465=LINE('',#8824,#1908);
#1466=LINE('',#8825,#1909);
#1467=LINE('',#8827,#1910);
#1468=LINE('',#8828,#1911);
#1469=LINE('',#8835,#1912);
#1470=LINE('',#8844,#1913);
#1471=LINE('',#8850,#1914);
#1472=LINE('',#8856,#1915);
#1473=LINE('',#8862,#1916);
#1474=LINE('',#8868,#1917);
#1475=LINE('',#8874,#1918);
#1476=LINE('',#8880,#1919);
#1477=LINE('',#8886,#1920);
#1478=LINE('',#8892,#1921);
#1479=LINE('',#8898,#1922);
#1480=LINE('',#8904,#1923);
#1481=LINE('',#8910,#1924);
#1482=LINE('',#8916,#1925);
#1483=LINE('',#8922,#1926);
#1484=LINE('',#8928,#1927);
#1485=LINE('',#8934,#1928);
#1486=LINE('',#8940,#1929);
#1487=LINE('',#8946,#1930);
#1488=LINE('',#8952,#1931);
#1489=LINE('',#8957,#1932);
#1490=LINE('',#8959,#1933);
#1491=LINE('',#8961,#1934);
#1492=LINE('',#8962,#1935);
#1493=LINE('',#8965,#1936);
#1494=LINE('',#8967,#1937);
#1495=LINE('',#8968,#1938);
#1496=LINE('',#8971,#1939);
#1497=LINE('',#8973,#1940);
#1498=LINE('',#8974,#1941);
#1499=LINE('',#8977,#1942);
#1500=LINE('',#8979,#1943);
#1501=LINE('',#8980,#1944);
#1502=LINE('',#8983,#1945);
#1503=LINE('',#8985,#1946);
#1504=LINE('',#8986,#1947);
#1505=LINE('',#8989,#1948);
#1506=LINE('',#8991,#1949);
#1507=LINE('',#8992,#1950);
#1508=LINE('',#8995,#1951);
#1509=LINE('',#8997,#1952);
#1510=LINE('',#8998,#1953);
#1511=LINE('',#9000,#1954);
#1512=LINE('',#9001,#1955);
#1513=LINE('',#9009,#1956);
#1514=LINE('',#9015,#1957);
#1515=LINE('',#9021,#1958);
#1516=LINE('',#9026,#1959);
#1517=LINE('',#9028,#1960);
#1518=LINE('',#9030,#1961);
#1519=LINE('',#9031,#1962);
#1520=LINE('',#9034,#1963);
#1521=LINE('',#9036,#1964);
#1522=LINE('',#9037,#1965);
#1523=LINE('',#9040,#1966);
#1524=LINE('',#9042,#1967);
#1525=LINE('',#9043,#1968);
#1526=LINE('',#9045,#1969);
#1527=LINE('',#9046,#1970);
#1528=LINE('',#9051,#1971);
#1529=LINE('',#9057,#1972);
#1530=LINE('',#9062,#1973);
#1531=LINE('',#9064,#1974);
#1532=LINE('',#9066,#1975);
#1533=LINE('',#9067,#1976);
#1534=LINE('',#9070,#1977);
#1535=LINE('',#9072,#1978);
#1536=LINE('',#9073,#1979);
#1537=LINE('',#9076,#1980);
#1538=LINE('',#9078,#1981);
#1539=LINE('',#9079,#1982);
#1540=LINE('',#9081,#1983);
#1541=LINE('',#9082,#1984);
#1542=LINE('',#9087,#1985);
#1543=LINE('',#9093,#1986);
#1544=LINE('',#9099,#1987);
#1545=LINE('',#9106,#1988);
#1546=LINE('',#9109,#1989);
#1547=LINE('',#9115,#1990);
#1548=LINE('',#9118,#1991);
#1549=LINE('',#9120,#1992);
#1550=LINE('',#9121,#1993);
#1551=LINE('',#9124,#1994);
#1552=LINE('',#9126,#1995);
#1553=LINE('',#9127,#1996);
#1554=LINE('',#9130,#1997);
#1555=LINE('',#9132,#1998);
#1556=LINE('',#9133,#1999);
#1557=LINE('',#9136,#2000);
#1558=LINE('',#9138,#2001);
#1559=LINE('',#9139,#2002);
#1560=LINE('',#9142,#2003);
#1561=LINE('',#9144,#2004);
#1562=LINE('',#9145,#2005);
#1563=LINE('',#9148,#2006);
#1564=LINE('',#9150,#2007);
#1565=LINE('',#9151,#2008);
#1566=LINE('',#9154,#2009);
#1567=LINE('',#9156,#2010);
#1568=LINE('',#9157,#2011);
#1569=LINE('',#9174,#2012);
#1570=LINE('',#9179,#2013);
#1571=LINE('',#9191,#2014);
#1572=LINE('',#9199,#2015);
#1573=LINE('',#9206,#2016);
#1574=LINE('',#9210,#2017);
#1575=LINE('',#9215,#2018);
#1576=LINE('',#9220,#2019);
#1577=LINE('',#9225,#2020);
#1578=LINE('',#9233,#2021);
#1579=LINE('',#9239,#2022);
#1580=LINE('',#9245,#2023);
#1581=LINE('',#9251,#2024);
#1582=LINE('',#9257,#2025);
#1583=LINE('',#9263,#2026);
#1584=LINE('',#9269,#2027);
#1585=LINE('',#9275,#2028);
#1586=LINE('',#9280,#2029);
#1587=LINE('',#9282,#2030);
#1588=LINE('',#9284,#2031);
#1589=LINE('',#9285,#2032);
#1590=LINE('',#9291,#2033);
#1591=LINE('',#9294,#2034);
#1592=LINE('',#9296,#2035);
#1593=LINE('',#9297,#2036);
#1594=LINE('',#9303,#2037);
#1595=LINE('',#9306,#2038);
#1596=LINE('',#9308,#2039);
#1597=LINE('',#9309,#2040);
#1598=LINE('',#9315,#2041);
#1599=LINE('',#9318,#2042);
#1600=LINE('',#9320,#2043);
#1601=LINE('',#9321,#2044);
#1602=LINE('',#9327,#2045);
#1603=LINE('',#9330,#2046);
#1604=LINE('',#9332,#2047);
#1605=LINE('',#9333,#2048);
#1606=LINE('',#9339,#2049);
#1607=LINE('',#9342,#2050);
#1608=LINE('',#9344,#2051);
#1609=LINE('',#9345,#2052);
#1610=LINE('',#9351,#2053);
#1611=LINE('',#9354,#2054);
#1612=LINE('',#9356,#2055);
#1613=LINE('',#9357,#2056);
#1614=LINE('',#9363,#2057);
#1615=LINE('',#9366,#2058);
#1616=LINE('',#9368,#2059);
#1617=LINE('',#9369,#2060);
#1618=LINE('',#9375,#2061);
#1619=LINE('',#9378,#2062);
#1620=LINE('',#9380,#2063);
#1621=LINE('',#9381,#2064);
#1622=LINE('',#9387,#2065);
#1623=LINE('',#9390,#2066);
#1624=LINE('',#9392,#2067);
#1625=LINE('',#9393,#2068);
#1626=LINE('',#9399,#2069);
#1627=LINE('',#9402,#2070);
#1628=LINE('',#9404,#2071);
#1629=LINE('',#9405,#2072);
#1630=LINE('',#9411,#2073);
#1631=LINE('',#9414,#2074);
#1632=LINE('',#9416,#2075);
#1633=LINE('',#9417,#2076);
#1634=LINE('',#9428,#2077);
#1635=LINE('',#9434,#2078);
#1636=LINE('',#9440,#2079);
#1637=LINE('',#9446,#2080);
#1638=LINE('',#9452,#2081);
#1639=LINE('',#9458,#2082);
#1640=LINE('',#9464,#2083);
#1641=LINE('',#9469,#2084);
#1642=LINE('',#9471,#2085);
#1643=LINE('',#9473,#2086);
#1644=LINE('',#9474,#2087);
#1645=LINE('',#9477,#2088);
#1646=LINE('',#9479,#2089);
#1647=LINE('',#9480,#2090);
#1648=LINE('',#9483,#2091);
#1649=LINE('',#9485,#2092);
#1650=LINE('',#9486,#2093);
#1651=LINE('',#9489,#2094);
#1652=LINE('',#9491,#2095);
#1653=LINE('',#9492,#2096);
#1654=LINE('',#9495,#2097);
#1655=LINE('',#9497,#2098);
#1656=LINE('',#9498,#2099);
#1657=LINE('',#9501,#2100);
#1658=LINE('',#9503,#2101);
#1659=LINE('',#9504,#2102);
#1660=LINE('',#9507,#2103);
#1661=LINE('',#9509,#2104);
#1662=LINE('',#9510,#2105);
#1663=LINE('',#9512,#2106);
#1664=LINE('',#9513,#2107);
#1665=LINE('',#9527,#2108);
#1666=LINE('',#9532,#2109);
#1667=LINE('',#9536,#2110);
#1668=LINE('',#9544,#2111);
#1669=LINE('',#9552,#2112);
#1670=LINE('',#9556,#2113);
#1671=LINE('',#9559,#2114);
#1672=LINE('',#9564,#2115);
#1673=LINE('',#9567,#2116);
#1674=LINE('',#9570,#2117);
#1675=LINE('',#9571,#2118);
#1676=LINE('',#9574,#2119);
#1677=LINE('',#9581,#2120);
#1678=LINE('',#9585,#2121);
#1679=LINE('',#9588,#2122);
#1680=LINE('',#9593,#2123);
#1681=LINE('',#9595,#2124);
#1682=LINE('',#9596,#2125);
#1683=LINE('',#9599,#2126);
#1684=LINE('',#9603,#2127);
#1685=LINE('',#9604,#2128);
#1686=LINE('',#9610,#2129);
#1687=LINE('',#9613,#2130);
#1688=LINE('',#9616,#2131);
#1689=LINE('',#9618,#2132);
#1690=LINE('',#9619,#2133);
#1691=LINE('',#9622,#2134);
#1692=LINE('',#9629,#2135);
#1693=LINE('',#9632,#2136);
#1694=LINE('',#9635,#2137);
#1695=LINE('',#9637,#2138);
#1696=LINE('',#9638,#2139);
#1697=LINE('',#9642,#2140);
#1698=LINE('',#9645,#2141);
#1699=LINE('',#9648,#2142);
#1700=LINE('',#9650,#2143);
#1701=LINE('',#9656,#2144);
#1702=LINE('',#9659,#2145);
#1703=LINE('',#9662,#2146);
#1704=LINE('',#9664,#2147);
#1705=LINE('',#9665,#2148);
#1706=LINE('',#9671,#2149);
#1707=LINE('',#9674,#2150);
#1708=LINE('',#9677,#2151);
#1709=LINE('',#9679,#2152);
#1710=LINE('',#9680,#2153);
#1711=LINE('',#9683,#2154);
#1712=LINE('',#9690,#2155);
#1713=LINE('',#9696,#2156);
#1714=LINE('',#9701,#2157);
#1715=LINE('',#9705,#2158);
#1716=LINE('',#9708,#2159);
#1717=LINE('',#9711,#2160);
#1718=LINE('',#9714,#2161);
#1719=LINE('',#9716,#2162);
#1720=LINE('',#9718,#2163);
#1721=LINE('',#9722,#2164);
#1722=LINE('',#9724,#2165);
#1723=LINE('',#9726,#2166);
#1724=LINE('',#9727,#2167);
#1725=LINE('',#9730,#2168);
#1726=LINE('',#9732,#2169);
#1727=LINE('',#9733,#2170);
#1728=LINE('',#9736,#2171);
#1729=LINE('',#9738,#2172);
#1730=LINE('',#9739,#2173);
#1731=LINE('',#9741,#2174);
#1732=LINE('',#9742,#2175);
#1733=LINE('',#9747,#2176);
#1734=LINE('',#9749,#2177);
#1735=LINE('',#9751,#2178);
#1736=LINE('',#9752,#2179);
#1737=LINE('',#9755,#2180);
#1738=LINE('',#9757,#2181);
#1739=LINE('',#9758,#2182);
#1740=LINE('',#9761,#2183);
#1741=LINE('',#9763,#2184);
#1742=LINE('',#9764,#2185);
#1743=LINE('',#9766,#2186);
#1744=LINE('',#9767,#2187);
#1745=LINE('',#9773,#2188);
#1746=LINE('',#9779,#2189);
#1747=LINE('',#9785,#2190);
#1748=LINE('',#9791,#2191);
#1749=LINE('',#9796,#2192);
#1750=LINE('',#9798,#2193);
#1751=LINE('',#9800,#2194);
#1752=LINE('',#9801,#2195);
#1753=LINE('',#9807,#2196);
#1754=LINE('',#9810,#2197);
#1755=LINE('',#9812,#2198);
#1756=LINE('',#9813,#2199);
#1757=LINE('',#9816,#2200);
#1758=LINE('',#9818,#2201);
#1759=LINE('',#9819,#2202);
#1760=LINE('',#9822,#2203);
#1761=LINE('',#9824,#2204);
#1762=LINE('',#9825,#2205);
#1763=LINE('',#9827,#2206);
#1764=LINE('',#9828,#2207);
#1765=VECTOR('',#6547,1.5);
#1766=VECTOR('',#6554,1.5);
#1767=VECTOR('',#6561,1.5);
#1768=VECTOR('',#6568,1.5);
#1769=VECTOR('',#6575,1.5);
#1770=VECTOR('',#6582,1.5);
#1771=VECTOR('',#6589,1.5);
#1772=VECTOR('',#6596,1.5);
#1773=VECTOR('',#6603,1.5);
#1774=VECTOR('',#6610,1.5);
#1775=VECTOR('',#6617,1.5);
#1776=VECTOR('',#6624,1.5);
#1777=VECTOR('',#6631,5.);
#1778=VECTOR('',#6638,1.5);
#1779=VECTOR('',#6645,1.5);
#1780=VECTOR('',#6652,5.);
#1781=VECTOR('',#6659,5.);
#1782=VECTOR('',#6666,1.5);
#1783=VECTOR('',#6673,1.5);
#1784=VECTOR('',#6678,10.);
#1785=VECTOR('',#6679,10.);
#1786=VECTOR('',#6680,10.);
#1787=VECTOR('',#6681,10.);
#1788=VECTOR('',#6684,10.);
#1789=VECTOR('',#6685,10.);
#1790=VECTOR('',#6686,10.);
#1791=VECTOR('',#6689,10.);
#1792=VECTOR('',#6690,10.);
#1793=VECTOR('',#6691,10.);
#1794=VECTOR('',#6694,10.);
#1795=VECTOR('',#6695,10.);
#1796=VECTOR('',#6696,10.);
#1797=VECTOR('',#6699,10.);
#1798=VECTOR('',#6700,10.);
#1799=VECTOR('',#6701,10.);
#1800=VECTOR('',#6708,10.);
#1801=VECTOR('',#6711,10.);
#1802=VECTOR('',#6712,10.);
#1803=VECTOR('',#6713,10.);
#1804=VECTOR('',#6716,10.);
#1805=VECTOR('',#6717,10.);
#1806=VECTOR('',#6718,10.);
#1807=VECTOR('',#6721,10.);
#1808=VECTOR('',#6722,10.);
#1809=VECTOR('',#6723,10.);
#1810=VECTOR('',#6730,10.);
#1811=VECTOR('',#6733,10.);
#1812=VECTOR('',#6734,10.);
#1813=VECTOR('',#6735,10.);
#1814=VECTOR('',#6738,10.);
#1815=VECTOR('',#6739,10.);
#1816=VECTOR('',#6750,1.5);
#1817=VECTOR('',#6757,1.5);
#1818=VECTOR('',#6764,1.5);
#1819=VECTOR('',#6771,1.5);
#1820=VECTOR('',#6778,1.5);
#1821=VECTOR('',#6785,1.5);
#1822=VECTOR('',#6792,1.5);
#1823=VECTOR('',#6799,1.5);
#1824=VECTOR('',#6806,1.5);
#1825=VECTOR('',#6813,1.5);
#1826=VECTOR('',#6820,1.5);
#1827=VECTOR('',#6827,1.5);
#1828=VECTOR('',#6834,1.5);
#1829=VECTOR('',#6841,1.5);
#1830=VECTOR('',#6848,1.5);
#1831=VECTOR('',#6855,1.5);
#1832=VECTOR('',#6862,1.5);
#1833=VECTOR('',#6869,1.5);
#1834=VECTOR('',#6876,1.5);
#1835=VECTOR('',#6883,1.5);
#1836=VECTOR('',#6890,1.5);
#1837=VECTOR('',#6897,1.5);
#1838=VECTOR('',#6904,1.5);
#1839=VECTOR('',#6911,1.5);
#1840=VECTOR('',#6918,1.5);
#1841=VECTOR('',#6925,1.5);
#1842=VECTOR('',#6932,1.5);
#1843=VECTOR('',#6939,1.5);
#1844=VECTOR('',#6946,10.);
#1845=VECTOR('',#6949,10.);
#1846=VECTOR('',#6956,10.);
#1847=VECTOR('',#6959,10.);
#1848=VECTOR('',#6960,10.);
#1849=VECTOR('',#6961,10.);
#1850=VECTOR('',#6964,10.);
#1851=VECTOR('',#6965,10.);
#1852=VECTOR('',#6966,10.);
#1853=VECTOR('',#6969,10.);
#1854=VECTOR('',#6970,10.);
#1855=VECTOR('',#6971,10.);
#1856=VECTOR('',#6978,10.);
#1857=VECTOR('',#6981,10.);
#1858=VECTOR('',#6982,10.);
#1859=VECTOR('',#6983,10.);
#1860=VECTOR('',#6986,10.);
#1861=VECTOR('',#6987,10.);
#1862=VECTOR('',#6988,10.);
#1863=VECTOR('',#6991,10.);
#1864=VECTOR('',#6992,10.);
#1865=VECTOR('',#6993,10.);
#1866=VECTOR('',#7000,10.);
#1867=VECTOR('',#7003,10.);
#1868=VECTOR('',#7004,10.);
#1869=VECTOR('',#7005,10.);
#1870=VECTOR('',#7008,10.);
#1871=VECTOR('',#7009,10.);
#1872=VECTOR('',#7010,10.);
#1873=VECTOR('',#7013,10.);
#1874=VECTOR('',#7014,10.);
#1875=VECTOR('',#7015,10.);
#1876=VECTOR('',#7032,32.5);
#1877=VECTOR('',#7039,1.5);
#1878=VECTOR('',#7046,1.5);
#1879=VECTOR('',#7053,1.5);
#1880=VECTOR('',#7060,1.5);
#1881=VECTOR('',#7067,1.5);
#1882=VECTOR('',#7074,1.5);
#1883=VECTOR('',#7081,1.5);
#1884=VECTOR('',#7088,1.5);
#1885=VECTOR('',#7095,50.);
#1886=VECTOR('',#7108,1.5);
#1887=VECTOR('',#7115,1.5);
#1888=VECTOR('',#7120,10.);
#1889=VECTOR('',#7121,10.);
#1890=VECTOR('',#7122,10.);
#1891=VECTOR('',#7123,10.);
#1892=VECTOR('',#7126,10.);
#1893=VECTOR('',#7127,10.);
#1894=VECTOR('',#7128,10.);
#1895=VECTOR('',#7131,10.);
#1896=VECTOR('',#7132,10.);
#1897=VECTOR('',#7133,10.);
#1898=VECTOR('',#7136,10.);
#1899=VECTOR('',#7137,10.);
#1900=VECTOR('',#7144,10.);
#1901=VECTOR('',#7145,10.);
#1902=VECTOR('',#7146,10.);
#1903=VECTOR('',#7147,10.);
#1904=VECTOR('',#7150,10.);
#1905=VECTOR('',#7151,10.);
#1906=VECTOR('',#7152,10.);
#1907=VECTOR('',#7155,10.);
#1908=VECTOR('',#7156,10.);
#1909=VECTOR('',#7157,10.);
#1910=VECTOR('',#7160,10.);
#1911=VECTOR('',#7161,10.);
#1912=VECTOR('',#7170,7.);
#1913=VECTOR('',#7183,1.5);
#1914=VECTOR('',#7190,1.5);
#1915=VECTOR('',#7197,1.5);
#1916=VECTOR('',#7204,1.5);
#1917=VECTOR('',#7211,1.5);
#1918=VECTOR('',#7218,1.5);
#1919=VECTOR('',#7225,1.5);
#1920=VECTOR('',#7232,1.5);
#1921=VECTOR('',#7239,7.5);
#1922=VECTOR('',#7246,1.5);
#1923=VECTOR('',#7253,1.5);
#1924=VECTOR('',#7260,1.5);
#1925=VECTOR('',#7267,1.5);
#1926=VECTOR('',#7274,1.5);
#1927=VECTOR('',#7281,1.5);
#1928=VECTOR('',#7288,1.5);
#1929=VECTOR('',#7295,1.5);
#1930=VECTOR('',#7302,1.5);
#1931=VECTOR('',#7309,1.5);
#1932=VECTOR('',#7314,10.);
#1933=VECTOR('',#7315,10.);
#1934=VECTOR('',#7316,10.);
#1935=VECTOR('',#7317,10.);
#1936=VECTOR('',#7320,10.);
#1937=VECTOR('',#7321,10.);
#1938=VECTOR('',#7322,10.);
#1939=VECTOR('',#7325,10.);
#1940=VECTOR('',#7326,10.);
#1941=VECTOR('',#7327,10.);
#1942=VECTOR('',#7330,10.);
#1943=VECTOR('',#7331,10.);
#1944=VECTOR('',#7332,10.);
#1945=VECTOR('',#7335,10.);
#1946=VECTOR('',#7336,10.);
#1947=VECTOR('',#7337,10.);
#1948=VECTOR('',#7340,10.);
#1949=VECTOR('',#7341,10.);
#1950=VECTOR('',#7342,10.);
#1951=VECTOR('',#7345,10.);
#1952=VECTOR('',#7346,10.);
#1953=VECTOR('',#7347,10.);
#1954=VECTOR('',#7350,10.);
#1955=VECTOR('',#7351,10.);
#1956=VECTOR('',#7362,1.5);
#1957=VECTOR('',#7369,1.5);
#1958=VECTOR('',#7376,1.5);
#1959=VECTOR('',#7381,10.);
#1960=VECTOR('',#7382,10.);
#1961=VECTOR('',#7383,10.);
#1962=VECTOR('',#7384,10.);
#1963=VECTOR('',#7387,10.);
#1964=VECTOR('',#7388,10.);
#1965=VECTOR('',#7389,10.);
#1966=VECTOR('',#7392,10.);
#1967=VECTOR('',#7393,10.);
#1968=VECTOR('',#7394,10.);
#1969=VECTOR('',#7397,10.);
#1970=VECTOR('',#7398,10.);
#1971=VECTOR('',#7403,1.5);
#1972=VECTOR('',#7410,1.5);
#1973=VECTOR('',#7415,10.);
#1974=VECTOR('',#7416,10.);
#1975=VECTOR('',#7417,10.);
#1976=VECTOR('',#7418,10.);
#1977=VECTOR('',#7421,10.);
#1978=VECTOR('',#7422,10.);
#1979=VECTOR('',#7423,10.);
#1980=VECTOR('',#7426,10.);
#1981=VECTOR('',#7427,10.);
#1982=VECTOR('',#7428,10.);
#1983=VECTOR('',#7431,10.);
#1984=VECTOR('',#7432,10.);
#1985=VECTOR('',#7437,1.5);
#1986=VECTOR('',#7444,1.5);
#1987=VECTOR('',#7451,1.5);
#1988=VECTOR('',#7458,10.);
#1989=VECTOR('',#7461,10.);
#1990=VECTOR('',#7468,10.);
#1991=VECTOR('',#7471,10.);
#1992=VECTOR('',#7472,10.);
#1993=VECTOR('',#7473,10.);
#1994=VECTOR('',#7476,10.);
#1995=VECTOR('',#7477,10.);
#1996=VECTOR('',#7478,10.);
#1997=VECTOR('',#7481,10.);
#1998=VECTOR('',#7482,10.);
#1999=VECTOR('',#7483,10.);
#2000=VECTOR('',#7486,10.);
#2001=VECTOR('',#7487,10.);
#2002=VECTOR('',#7488,10.);
#2003=VECTOR('',#7491,10.);
#2004=VECTOR('',#7492,10.);
#2005=VECTOR('',#7493,10.);
#2006=VECTOR('',#7496,10.);
#2007=VECTOR('',#7497,10.);
#2008=VECTOR('',#7498,10.);
#2009=VECTOR('',#7501,10.);
#2010=VECTOR('',#7502,10.);
#2011=VECTOR('',#7503,10.);
#2012=VECTOR('',#7528,13.5);
#2013=VECTOR('',#7535,14.5);
#2014=VECTOR('',#7548,12.5);
#2015=VECTOR('',#7559,5.);
#2016=VECTOR('',#7568,1.5);
#2017=VECTOR('',#7573,1.5);
#2018=VECTOR('',#7580,1.5);
#2019=VECTOR('',#7587,1.5);
#2020=VECTOR('',#7594,1.5);
#2021=VECTOR('',#7605,1.5);
#2022=VECTOR('',#7612,1.5);
#2023=VECTOR('',#7619,1.5);
#2024=VECTOR('',#7626,1.5);
#2025=VECTOR('',#7633,1.5);
#2026=VECTOR('',#7640,1.5);
#2027=VECTOR('',#7647,1.5);
#2028=VECTOR('',#7654,1.5);
#2029=VECTOR('',#7659,10.);
#2030=VECTOR('',#7660,10.);
#2031=VECTOR('',#7661,10.);
#2032=VECTOR('',#7662,10.);
#2033=VECTOR('',#7669,10.);
#2034=VECTOR('',#7672,10.);
#2035=VECTOR('',#7673,10.);
#2036=VECTOR('',#7674,10.);
#2037=VECTOR('',#7681,10.);
#2038=VECTOR('',#7684,10.);
#2039=VECTOR('',#7685,10.);
#2040=VECTOR('',#7686,10.);
#2041=VECTOR('',#7693,10.);
#2042=VECTOR('',#7696,10.);
#2043=VECTOR('',#7697,10.);
#2044=VECTOR('',#7698,10.);
#2045=VECTOR('',#7705,10.);
#2046=VECTOR('',#7708,10.);
#2047=VECTOR('',#7709,10.);
#2048=VECTOR('',#7710,10.);
#2049=VECTOR('',#7717,10.);
#2050=VECTOR('',#7720,10.);
#2051=VECTOR('',#7721,10.);
#2052=VECTOR('',#7722,10.);
#2053=VECTOR('',#7729,10.);
#2054=VECTOR('',#7732,10.);
#2055=VECTOR('',#7733,10.);
#2056=VECTOR('',#7734,10.);
#2057=VECTOR('',#7741,10.);
#2058=VECTOR('',#7744,10.);
#2059=VECTOR('',#7745,10.);
#2060=VECTOR('',#7746,10.);
#2061=VECTOR('',#7753,10.);
#2062=VECTOR('',#7756,10.);
#2063=VECTOR('',#7757,10.);
#2064=VECTOR('',#7758,10.);
#2065=VECTOR('',#7765,10.);
#2066=VECTOR('',#7768,10.);
#2067=VECTOR('',#7769,10.);
#2068=VECTOR('',#7770,10.);
#2069=VECTOR('',#7777,10.);
#2070=VECTOR('',#7780,10.);
#2071=VECTOR('',#7781,10.);
#2072=VECTOR('',#7782,10.);
#2073=VECTOR('',#7789,10.);
#2074=VECTOR('',#7792,10.);
#2075=VECTOR('',#7793,10.);
#2076=VECTOR('',#7794,10.);
#2077=VECTOR('',#7811,1.5);
#2078=VECTOR('',#7818,1.5);
#2079=VECTOR('',#7825,2.5);
#2080=VECTOR('',#7832,1.5);
#2081=VECTOR('',#7839,1.5);
#2082=VECTOR('',#7846,10.);
#2083=VECTOR('',#7853,1.5);
#2084=VECTOR('',#7858,10.);
#2085=VECTOR('',#7859,10.);
#2086=VECTOR('',#7860,10.);
#2087=VECTOR('',#7861,10.);
#2088=VECTOR('',#7864,10.);
#2089=VECTOR('',#7865,10.);
#2090=VECTOR('',#7866,10.);
#2091=VECTOR('',#7869,10.);
#2092=VECTOR('',#7870,10.);
#2093=VECTOR('',#7871,10.);
#2094=VECTOR('',#7874,10.);
#2095=VECTOR('',#7875,10.);
#2096=VECTOR('',#7876,10.);
#2097=VECTOR('',#7879,10.);
#2098=VECTOR('',#7880,10.);
#2099=VECTOR('',#7881,10.);
#2100=VECTOR('',#7884,10.);
#2101=VECTOR('',#7885,10.);
#2102=VECTOR('',#7886,10.);
#2103=VECTOR('',#7889,10.);
#2104=VECTOR('',#7890,10.);
#2105=VECTOR('',#7891,10.);
#2106=VECTOR('',#7894,10.);
#2107=VECTOR('',#7895,10.);
#2108=VECTOR('',#7914,1.5);
#2109=VECTOR('',#7921,2.);
#2110=VECTOR('',#7926,2.);
#2111=VECTOR('',#7937,4.5);
#2112=VECTOR('',#7946,10.);
#2113=VECTOR('',#7949,10.);
#2114=VECTOR('',#7952,10.);
#2115=VECTOR('',#7957,10.);
#2116=VECTOR('',#7960,10.);
#2117=VECTOR('',#7963,10.);
#2118=VECTOR('',#7964,10.);
#2119=VECTOR('',#7967,10.);
#2120=VECTOR('',#7974,10.);
#2121=VECTOR('',#7977,10.);
#2122=VECTOR('',#7980,10.);
#2123=VECTOR('',#7985,10.);
#2124=VECTOR('',#7986,10.);
#2125=VECTOR('',#7987,10.);
#2126=VECTOR('',#7990,10.);
#2127=VECTOR('',#7995,10.);
#2128=VECTOR('',#7996,10.);
#2129=VECTOR('',#8001,10.);
#2130=VECTOR('',#8004,10.);
#2131=VECTOR('',#8007,10.);
#2132=VECTOR('',#8008,10.);
#2133=VECTOR('',#8009,10.);
#2134=VECTOR('',#8012,10.);
#2135=VECTOR('',#8019,10.);
#2136=VECTOR('',#8022,10.);
#2137=VECTOR('',#8025,10.);
#2138=VECTOR('',#8026,10.);
#2139=VECTOR('',#8027,10.);
#2140=VECTOR('',#8032,10.);
#2141=VECTOR('',#8035,10.);
#2142=VECTOR('',#8038,10.);
#2143=VECTOR('',#8041,10.);
#2144=VECTOR('',#8046,10.);
#2145=VECTOR('',#8049,10.);
#2146=VECTOR('',#8052,10.);
#2147=VECTOR('',#8053,10.);
#2148=VECTOR('',#8054,10.);
#2149=VECTOR('',#8059,10.);
#2150=VECTOR('',#8062,10.);
#2151=VECTOR('',#8065,10.);
#2152=VECTOR('',#8066,10.);
#2153=VECTOR('',#8067,10.);
#2154=VECTOR('',#8072,10.);
#2155=VECTOR('',#8083,10.);
#2156=VECTOR('',#8092,10.);
#2157=VECTOR('',#8097,1.5);
#2158=VECTOR('',#8102,1.5);
#2159=VECTOR('',#8107,1.5);
#2160=VECTOR('',#8110,1.5);
#2161=VECTOR('',#8115,10.);
#2162=VECTOR('',#8118,10.);
#2163=VECTOR('',#8121,10.);
#2164=VECTOR('',#8124,10.);
#2165=VECTOR('',#8125,10.);
#2166=VECTOR('',#8126,10.);
#2167=VECTOR('',#8127,10.);
#2168=VECTOR('',#8130,10.);
#2169=VECTOR('',#8131,10.);
#2170=VECTOR('',#8132,10.);
#2171=VECTOR('',#8135,10.);
#2172=VECTOR('',#8136,10.);
#2173=VECTOR('',#8137,10.);
#2174=VECTOR('',#8140,10.);
#2175=VECTOR('',#8141,10.);
#2176=VECTOR('',#8146,10.);
#2177=VECTOR('',#8147,10.);
#2178=VECTOR('',#8148,10.);
#2179=VECTOR('',#8149,10.);
#2180=VECTOR('',#8152,10.);
#2181=VECTOR('',#8153,10.);
#2182=VECTOR('',#8154,10.);
#2183=VECTOR('',#8157,10.);
#2184=VECTOR('',#8158,10.);
#2185=VECTOR('',#8159,10.);
#2186=VECTOR('',#8162,10.);
#2187=VECTOR('',#8163,10.);
#2188=VECTOR('',#8170,1.5);
#2189=VECTOR('',#8177,1.5);
#2190=VECTOR('',#8184,1.5);
#2191=VECTOR('',#8191,1.5);
#2192=VECTOR('',#8196,10.);
#2193=VECTOR('',#8197,10.);
#2194=VECTOR('',#8198,10.);
#2195=VECTOR('',#8199,10.);
#2196=VECTOR('',#8206,10.);
#2197=VECTOR('',#8209,10.);
#2198=VECTOR('',#8210,10.);
#2199=VECTOR('',#8211,10.);
#2200=VECTOR('',#8214,10.);
#2201=VECTOR('',#8215,10.);
#2202=VECTOR('',#8216,10.);
#2203=VECTOR('',#8219,10.);
#2204=VECTOR('',#8220,10.);
#2205=VECTOR('',#8221,10.);
#2206=VECTOR('',#8224,10.);
#2207=VECTOR('',#8225,10.);
#2208=CIRCLE('',#5904,1.5);
#2209=CIRCLE('',#5905,1.5);
#2210=CIRCLE('',#5907,1.5);
#2211=CIRCLE('',#5908,1.5);
#2212=CIRCLE('',#5910,1.5);
#2213=CIRCLE('',#5911,1.5);
#2214=CIRCLE('',#5913,1.5);
#2215=CIRCLE('',#5914,1.5);
#2216=CIRCLE('',#5916,1.5);
#2217=CIRCLE('',#5917,1.5);
#2218=CIRCLE('',#5919,1.5);
#2219=CIRCLE('',#5920,1.5);
#2220=CIRCLE('',#5922,1.5);
#2221=CIRCLE('',#5923,1.5);
#2222=CIRCLE('',#5925,1.5);
#2223=CIRCLE('',#5926,1.5);
#2224=CIRCLE('',#5928,1.5);
#2225=CIRCLE('',#5929,1.5);
#2226=CIRCLE('',#5931,1.5);
#2227=CIRCLE('',#5932,1.5);
#2228=CIRCLE('',#5934,1.5);
#2229=CIRCLE('',#5935,1.5);
#2230=CIRCLE('',#5937,1.5);
#2231=CIRCLE('',#5938,1.5);
#2232=CIRCLE('',#5940,5.);
#2233=CIRCLE('',#5941,5.);
#2234=CIRCLE('',#5943,1.5);
#2235=CIRCLE('',#5944,1.5);
#2236=CIRCLE('',#5946,1.5);
#2237=CIRCLE('',#5947,1.5);
#2238=CIRCLE('',#5949,5.);
#2239=CIRCLE('',#5950,5.);
#2240=CIRCLE('',#5952,5.);
#2241=CIRCLE('',#5953,5.);
#2242=CIRCLE('',#5955,1.5);
#2243=CIRCLE('',#5956,1.5);
#2244=CIRCLE('',#5958,1.5);
#2245=CIRCLE('',#5959,1.5);
#2246=CIRCLE('',#5966,100.);
#2247=CIRCLE('',#5967,100.);
#2248=CIRCLE('',#5972,100.);
#2249=CIRCLE('',#5973,100.);
#2250=CIRCLE('',#5980,1.5);
#2251=CIRCLE('',#5981,1.5);
#2252=CIRCLE('',#5983,1.5);
#2253=CIRCLE('',#5984,1.5);
#2254=CIRCLE('',#5986,1.5);
#2255=CIRCLE('',#5987,1.5);
#2256=CIRCLE('',#5989,1.5);
#2257=CIRCLE('',#5990,1.5);
#2258=CIRCLE('',#5992,1.5);
#2259=CIRCLE('',#5993,1.5);
#2260=CIRCLE('',#5995,1.5);
#2261=CIRCLE('',#5996,1.5);
#2262=CIRCLE('',#5998,1.5);
#2263=CIRCLE('',#5999,1.5);
#2264=CIRCLE('',#6001,1.5);
#2265=CIRCLE('',#6002,1.5);
#2266=CIRCLE('',#6004,1.5);
#2267=CIRCLE('',#6005,1.5);
#2268=CIRCLE('',#6007,1.5);
#2269=CIRCLE('',#6008,1.5);
#2270=CIRCLE('',#6010,1.5);
#2271=CIRCLE('',#6011,1.5);
#2272=CIRCLE('',#6013,1.5);
#2273=CIRCLE('',#6014,1.5);
#2274=CIRCLE('',#6016,1.5);
#2275=CIRCLE('',#6017,1.5);
#2276=CIRCLE('',#6019,1.5);
#2277=CIRCLE('',#6020,1.5);
#2278=CIRCLE('',#6022,1.5);
#2279=CIRCLE('',#6023,1.5);
#2280=CIRCLE('',#6025,1.5);
#2281=CIRCLE('',#6026,1.5);
#2282=CIRCLE('',#6028,1.5);
#2283=CIRCLE('',#6029,1.5);
#2284=CIRCLE('',#6031,1.5);
#2285=CIRCLE('',#6032,1.5);
#2286=CIRCLE('',#6034,1.5);
#2287=CIRCLE('',#6035,1.5);
#2288=CIRCLE('',#6037,1.5);
#2289=CIRCLE('',#6038,1.5);
#2290=CIRCLE('',#6040,1.5);
#2291=CIRCLE('',#6041,1.5);
#2292=CIRCLE('',#6043,1.5);
#2293=CIRCLE('',#6044,1.5);
#2294=CIRCLE('',#6046,1.5);
#2295=CIRCLE('',#6047,1.5);
#2296=CIRCLE('',#6049,1.5);
#2297=CIRCLE('',#6050,1.5);
#2298=CIRCLE('',#6052,1.5);
#2299=CIRCLE('',#6053,1.5);
#2300=CIRCLE('',#6055,1.5);
#2301=CIRCLE('',#6056,1.5);
#2302=CIRCLE('',#6058,1.5);
#2303=CIRCLE('',#6059,1.5);
#2304=CIRCLE('',#6061,1.5);
#2305=CIRCLE('',#6062,1.5);
#2306=CIRCLE('',#6064,125.);
#2307=CIRCLE('',#6065,125.);
#2308=CIRCLE('',#6067,100.);
#2309=CIRCLE('',#6068,100.);
#2310=CIRCLE('',#6073,100.);
#2311=CIRCLE('',#6074,100.);
#2312=CIRCLE('',#6079,100.);
#2313=CIRCLE('',#6080,100.);
#2314=CIRCLE('',#6085,100.);
#2315=CIRCLE('',#6086,100.);
#2316=CIRCLE('',#6091,32.5);
#2317=CIRCLE('',#6092,32.5);
#2318=CIRCLE('',#6094,1.5);
#2319=CIRCLE('',#6095,1.5);
#2320=CIRCLE('',#6097,1.5);
#2321=CIRCLE('',#6098,1.5);
#2322=CIRCLE('',#6100,1.5);
#2323=CIRCLE('',#6101,1.5);
#2324=CIRCLE('',#6103,1.5);
#2325=CIRCLE('',#6104,1.5);
#2326=CIRCLE('',#6106,1.5);
#2327=CIRCLE('',#6107,1.5);
#2328=CIRCLE('',#6109,1.5);
#2329=CIRCLE('',#6110,1.5);
#2330=CIRCLE('',#6112,1.5);
#2331=CIRCLE('',#6113,1.5);
#2332=CIRCLE('',#6115,1.5);
#2333=CIRCLE('',#6116,1.5);
#2334=CIRCLE('',#6118,50.);
#2335=CIRCLE('',#6119,50.);
#2336=CIRCLE('',#6124,1.5);
#2337=CIRCLE('',#6125,1.5);
#2338=CIRCLE('',#6127,1.5);
#2339=CIRCLE('',#6128,1.5);
#2340=CIRCLE('',#6142,7.);
#2341=CIRCLE('',#6143,7.);
#2342=CIRCLE('',#6148,1.5);
#2343=CIRCLE('',#6149,1.5);
#2344=CIRCLE('',#6151,1.5);
#2345=CIRCLE('',#6152,1.5);
#2346=CIRCLE('',#6154,1.5);
#2347=CIRCLE('',#6155,1.5);
#2348=CIRCLE('',#6157,1.5);
#2349=CIRCLE('',#6158,1.5);
#2350=CIRCLE('',#6160,1.5);
#2351=CIRCLE('',#6161,1.5);
#2352=CIRCLE('',#6163,1.5);
#2353=CIRCLE('',#6164,1.5);
#2354=CIRCLE('',#6166,1.5);
#2355=CIRCLE('',#6167,1.5);
#2356=CIRCLE('',#6169,1.5);
#2357=CIRCLE('',#6170,1.5);
#2358=CIRCLE('',#6172,7.5);
#2359=CIRCLE('',#6173,7.5);
#2360=CIRCLE('',#6175,1.5);
#2361=CIRCLE('',#6176,1.5);
#2362=CIRCLE('',#6178,1.5);
#2363=CIRCLE('',#6179,1.5);
#2364=CIRCLE('',#6181,1.5);
#2365=CIRCLE('',#6182,1.5);
#2366=CIRCLE('',#6184,1.5);
#2367=CIRCLE('',#6185,1.5);
#2368=CIRCLE('',#6187,1.5);
#2369=CIRCLE('',#6188,1.5);
#2370=CIRCLE('',#6190,1.5);
#2371=CIRCLE('',#6191,1.5);
#2372=CIRCLE('',#6193,1.5);
#2373=CIRCLE('',#6194,1.5);
#2374=CIRCLE('',#6196,1.5);
#2375=CIRCLE('',#6197,1.5);
#2376=CIRCLE('',#6199,1.5);
#2377=CIRCLE('',#6200,1.5);
#2378=CIRCLE('',#6202,1.5);
#2379=CIRCLE('',#6203,1.5);
#2380=CIRCLE('',#6216,1.5);
#2381=CIRCLE('',#6217,1.5);
#2382=CIRCLE('',#6219,1.5);
#2383=CIRCLE('',#6220,1.5);
#2384=CIRCLE('',#6222,1.5);
#2385=CIRCLE('',#6223,1.5);
#2386=CIRCLE('',#6229,1.5);
#2387=CIRCLE('',#6230,1.5);
#2388=CIRCLE('',#6232,1.5);
#2389=CIRCLE('',#6233,1.5);
#2390=CIRCLE('',#6239,1.5);
#2391=CIRCLE('',#6240,1.5);
#2392=CIRCLE('',#6242,1.5);
#2393=CIRCLE('',#6243,1.5);
#2394=CIRCLE('',#6245,1.5);
#2395=CIRCLE('',#6246,1.5);
#2396=CIRCLE('',#6248,125.);
#2397=CIRCLE('',#6249,125.);
#2398=CIRCLE('',#6251,100.);
#2399=CIRCLE('',#6252,100.);
#2400=CIRCLE('',#6261,100.);
#2401=CIRCLE('',#6262,100.);
#2402=CIRCLE('',#6267,37.);
#2403=CIRCLE('',#6271,14.5);
#2404=CIRCLE('',#6272,12.5);
#2405=CIRCLE('',#6274,14.5);
#2406=CIRCLE('',#6276,1.5);
#2407=CIRCLE('',#6277,1.5);
#2408=CIRCLE('',#6278,1.5);
#2409=CIRCLE('',#6279,1.5);
#2410=CIRCLE('',#6281,10.5);
#2411=CIRCLE('',#6283,5.);
#2412=CIRCLE('',#6285,5.);
#2413=CIRCLE('',#6287,1.5);
#2414=CIRCLE('',#6289,1.5);
#2415=CIRCLE('',#6292,1.5);
#2416=CIRCLE('',#6295,1.5);
#2417=CIRCLE('',#6298,1.5);
#2418=CIRCLE('',#6301,1.5);
#2419=CIRCLE('',#6305,1.5);
#2420=CIRCLE('',#6306,1.5);
#2421=CIRCLE('',#6308,1.5);
#2422=CIRCLE('',#6309,1.5);
#2423=CIRCLE('',#6311,1.5);
#2424=CIRCLE('',#6312,1.5);
#2425=CIRCLE('',#6314,1.5);
#2426=CIRCLE('',#6315,1.5);
#2427=CIRCLE('',#6317,1.5);
#2428=CIRCLE('',#6318,1.5);
#2429=CIRCLE('',#6320,1.5);
#2430=CIRCLE('',#6321,1.5);
#2431=CIRCLE('',#6323,1.5);
#2432=CIRCLE('',#6324,1.5);
#2433=CIRCLE('',#6326,1.5);
#2434=CIRCLE('',#6327,1.5);
#2435=CIRCLE('',#6330,5.00000000000001);
#2436=CIRCLE('',#6331,5.00000000000001);
#2437=CIRCLE('',#6334,2.);
#2438=CIRCLE('',#6335,2.);
#2439=CIRCLE('',#6338,2.);
#2440=CIRCLE('',#6339,2.);
#2441=CIRCLE('',#6342,5.);
#2442=CIRCLE('',#6343,5.);
#2443=CIRCLE('',#6346,2.);
#2444=CIRCLE('',#6347,2.);
#2445=CIRCLE('',#6350,2.);
#2446=CIRCLE('',#6351,2.);
#2447=CIRCLE('',#6354,5.);
#2448=CIRCLE('',#6355,5.);
#2449=CIRCLE('',#6358,2.);
#2450=CIRCLE('',#6359,2.);
#2451=CIRCLE('',#6362,2.);
#2452=CIRCLE('',#6363,2.);
#2453=CIRCLE('',#6366,5.);
#2454=CIRCLE('',#6367,5.);
#2455=CIRCLE('',#6370,2.);
#2456=CIRCLE('',#6371,2.);
#2457=CIRCLE('',#6374,1.99999992735684);
#2458=CIRCLE('',#6375,1.99999992735684);
#2459=CIRCLE('',#6380,1.5);
#2460=CIRCLE('',#6381,1.5);
#2461=CIRCLE('',#6383,1.5);
#2462=CIRCLE('',#6384,1.5);
#2463=CIRCLE('',#6386,2.5);
#2464=CIRCLE('',#6387,2.5);
#2465=CIRCLE('',#6389,1.5);
#2466=CIRCLE('',#6390,1.5);
#2467=CIRCLE('',#6392,1.5);
#2468=CIRCLE('',#6393,1.5);
#2469=CIRCLE('',#6395,10.);
#2470=CIRCLE('',#6396,10.);
#2471=CIRCLE('',#6398,1.5);
#2472=CIRCLE('',#6399,1.5);
#2473=CIRCLE('',#6412,2.);
#2474=CIRCLE('',#6414,2.);
#2475=CIRCLE('',#6415,1.5);
#2476=CIRCLE('',#6417,1.5);
#2477=CIRCLE('',#6420,2.);
#2478=CIRCLE('',#6422,2.);
#2479=CIRCLE('',#6424,4.5);
#2480=CIRCLE('',#6426,4.5);
#2481=CIRCLE('',#6430,4.);
#2482=CIRCLE('',#6431,3.);
#2483=CIRCLE('',#6432,3.);
#2484=CIRCLE('',#6433,1.5);
#2485=CIRCLE('',#6435,3.);
#2486=CIRCLE('',#6438,4.);
#2487=CIRCLE('',#6440,4.);
#2488=CIRCLE('',#6441,3.);
#2489=CIRCLE('',#6442,3.);
#2490=CIRCLE('',#6443,1.5);
#2491=CIRCLE('',#6446,4.);
#2492=CIRCLE('',#6449,3.);
#2493=CIRCLE('',#6450,3.);
#2494=CIRCLE('',#6453,3.);
#2495=CIRCLE('',#6455,3.);
#2496=CIRCLE('',#6456,3.);
#2497=CIRCLE('',#6459,3.);
#2498=CIRCLE('',#6461,3.);
#2499=CIRCLE('',#6464,3.);
#2500=CIRCLE('',#6465,3.);
#2501=CIRCLE('',#6468,3.);
#2502=CIRCLE('',#6469,3.);
#2503=CIRCLE('',#6472,4.);
#2504=CIRCLE('',#6473,1.5);
#2505=CIRCLE('',#6475,4.);
#2506=CIRCLE('',#6477,4.);
#2507=CIRCLE('',#6478,1.5);
#2508=CIRCLE('',#6480,4.);
#2509=CIRCLE('',#6482,1.5);
#2510=CIRCLE('',#6484,1.5);
#2511=CIRCLE('',#6486,1.5);
#2512=CIRCLE('',#6489,1.5);
#2513=CIRCLE('',#6504,1.5);
#2514=CIRCLE('',#6505,1.5);
#2515=CIRCLE('',#6507,1.5);
#2516=CIRCLE('',#6508,1.5);
#2517=CIRCLE('',#6510,1.5);
#2518=CIRCLE('',#6511,1.5);
#2519=CIRCLE('',#6513,1.5);
#2520=CIRCLE('',#6514,1.5);
#2521=CIRCLE('',#6517,125.);
#2522=CIRCLE('',#6518,125.);
#2523=VERTEX_POINT('',#8261);
#2524=VERTEX_POINT('',#8263);
#2525=VERTEX_POINT('',#8267);
#2526=VERTEX_POINT('',#8269);
#2527=VERTEX_POINT('',#8273);
#2528=VERTEX_POINT('',#8275);
#2529=VERTEX_POINT('',#8279);
#2530=VERTEX_POINT('',#8281);
#2531=VERTEX_POINT('',#8285);
#2532=VERTEX_POINT('',#8287);
#2533=VERTEX_POINT('',#8291);
#2534=VERTEX_POINT('',#8293);
#2535=VERTEX_POINT('',#8297);
#2536=VERTEX_POINT('',#8299);
#2537=VERTEX_POINT('',#8303);
#2538=VERTEX_POINT('',#8305);
#2539=VERTEX_POINT('',#8309);
#2540=VERTEX_POINT('',#8311);
#2541=VERTEX_POINT('',#8315);
#2542=VERTEX_POINT('',#8317);
#2543=VERTEX_POINT('',#8321);
#2544=VERTEX_POINT('',#8323);
#2545=VERTEX_POINT('',#8327);
#2546=VERTEX_POINT('',#8329);
#2547=VERTEX_POINT('',#8333);
#2548=VERTEX_POINT('',#8335);
#2549=VERTEX_POINT('',#8339);
#2550=VERTEX_POINT('',#8341);
#2551=VERTEX_POINT('',#8345);
#2552=VERTEX_POINT('',#8347);
#2553=VERTEX_POINT('',#8351);
#2554=VERTEX_POINT('',#8353);
#2555=VERTEX_POINT('',#8357);
#2556=VERTEX_POINT('',#8359);
#2557=VERTEX_POINT('',#8363);
#2558=VERTEX_POINT('',#8365);
#2559=VERTEX_POINT('',#8369);
#2560=VERTEX_POINT('',#8371);
#2561=VERTEX_POINT('',#8375);
#2562=VERTEX_POINT('',#8376);
#2563=VERTEX_POINT('',#8378);
#2564=VERTEX_POINT('',#8380);
#2565=VERTEX_POINT('',#8384);
#2566=VERTEX_POINT('',#8386);
#2567=VERTEX_POINT('',#8390);
#2568=VERTEX_POINT('',#8392);
#2569=VERTEX_POINT('',#8396);
#2570=VERTEX_POINT('',#8398);
#2571=VERTEX_POINT('',#8402);
#2572=VERTEX_POINT('',#8404);
#2573=VERTEX_POINT('',#8408);
#2574=VERTEX_POINT('',#8410);
#2575=VERTEX_POINT('',#8414);
#2576=VERTEX_POINT('',#8416);
#2577=VERTEX_POINT('',#8420);
#2578=VERTEX_POINT('',#8422);
#2579=VERTEX_POINT('',#8426);
#2580=VERTEX_POINT('',#8428);
#2581=VERTEX_POINT('',#8432);
#2582=VERTEX_POINT('',#8434);
#2583=VERTEX_POINT('',#8438);
#2584=VERTEX_POINT('',#8440);
#2585=VERTEX_POINT('',#8450);
#2586=VERTEX_POINT('',#8452);
#2587=VERTEX_POINT('',#8456);
#2588=VERTEX_POINT('',#8458);
#2589=VERTEX_POINT('',#8462);
#2590=VERTEX_POINT('',#8464);
#2591=VERTEX_POINT('',#8468);
#2592=VERTEX_POINT('',#8470);
#2593=VERTEX_POINT('',#8474);
#2594=VERTEX_POINT('',#8476);
#2595=VERTEX_POINT('',#8480);
#2596=VERTEX_POINT('',#8482);
#2597=VERTEX_POINT('',#8486);
#2598=VERTEX_POINT('',#8488);
#2599=VERTEX_POINT('',#8492);
#2600=VERTEX_POINT('',#8494);
#2601=VERTEX_POINT('',#8498);
#2602=VERTEX_POINT('',#8500);
#2603=VERTEX_POINT('',#8504);
#2604=VERTEX_POINT('',#8506);
#2605=VERTEX_POINT('',#8510);
#2606=VERTEX_POINT('',#8512);
#2607=VERTEX_POINT('',#8516);
#2608=VERTEX_POINT('',#8518);
#2609=VERTEX_POINT('',#8522);
#2610=VERTEX_POINT('',#8524);
#2611=VERTEX_POINT('',#8528);
#2612=VERTEX_POINT('',#8530);
#2613=VERTEX_POINT('',#8534);
#2614=VERTEX_POINT('',#8536);
#2615=VERTEX_POINT('',#8540);
#2616=VERTEX_POINT('',#8542);
#2617=VERTEX_POINT('',#8546);
#2618=VERTEX_POINT('',#8548);
#2619=VERTEX_POINT('',#8552);
#2620=VERTEX_POINT('',#8554);
#2621=VERTEX_POINT('',#8558);
#2622=VERTEX_POINT('',#8560);
#2623=VERTEX_POINT('',#8564);
#2624=VERTEX_POINT('',#8566);
#2625=VERTEX_POINT('',#8570);
#2626=VERTEX_POINT('',#8572);
#2627=VERTEX_POINT('',#8576);
#2628=VERTEX_POINT('',#8578);
#2629=VERTEX_POINT('',#8582);
#2630=VERTEX_POINT('',#8584);
#2631=VERTEX_POINT('',#8588);
#2632=VERTEX_POINT('',#8590);
#2633=VERTEX_POINT('',#8594);
#2634=VERTEX_POINT('',#8596);
#2635=VERTEX_POINT('',#8600);
#2636=VERTEX_POINT('',#8602);
#2637=VERTEX_POINT('',#8606);
#2638=VERTEX_POINT('',#8608);
#2639=VERTEX_POINT('',#8612);
#2640=VERTEX_POINT('',#8614);
#2641=VERTEX_POINT('',#8618);
#2642=VERTEX_POINT('',#8619);
#2643=VERTEX_POINT('',#8621);
#2644=VERTEX_POINT('',#8623);
#2645=VERTEX_POINT('',#8627);
#2646=VERTEX_POINT('',#8629);
#2647=VERTEX_POINT('',#8633);
#2648=VERTEX_POINT('',#8635);
#2649=VERTEX_POINT('',#8639);
#2650=VERTEX_POINT('',#8641);
#2651=VERTEX_POINT('',#8645);
#2652=VERTEX_POINT('',#8647);
#2653=VERTEX_POINT('',#8651);
#2654=VERTEX_POINT('',#8653);
#2655=VERTEX_POINT('',#8657);
#2656=VERTEX_POINT('',#8659);
#2657=VERTEX_POINT('',#8663);
#2658=VERTEX_POINT('',#8665);
#2659=VERTEX_POINT('',#8669);
#2660=VERTEX_POINT('',#8671);
#2661=VERTEX_POINT('',#8675);
#2662=VERTEX_POINT('',#8677);
#2663=VERTEX_POINT('',#8681);
#2664=VERTEX_POINT('',#8683);
#2665=VERTEX_POINT('',#8687);
#2666=VERTEX_POINT('',#8689);
#2667=VERTEX_POINT('',#8693);
#2668=VERTEX_POINT('',#8695);
#2669=VERTEX_POINT('',#8705);
#2670=VERTEX_POINT('',#8707);
#2671=VERTEX_POINT('',#8711);
#2672=VERTEX_POINT('',#8713);
#2673=VERTEX_POINT('',#8717);
#2674=VERTEX_POINT('',#8719);
#2675=VERTEX_POINT('',#8723);
#2676=VERTEX_POINT('',#8725);
#2677=VERTEX_POINT('',#8729);
#2678=VERTEX_POINT('',#8731);
#2679=VERTEX_POINT('',#8735);
#2680=VERTEX_POINT('',#8737);
#2681=VERTEX_POINT('',#8741);
#2682=VERTEX_POINT('',#8743);
#2683=VERTEX_POINT('',#8747);
#2684=VERTEX_POINT('',#8749);
#2685=VERTEX_POINT('',#8753);
#2686=VERTEX_POINT('',#8755);
#2687=VERTEX_POINT('',#8759);
#2688=VERTEX_POINT('',#8761);
#2689=VERTEX_POINT('',#8768);
#2690=VERTEX_POINT('',#8770);
#2691=VERTEX_POINT('',#8774);
#2692=VERTEX_POINT('',#8776);
#2693=VERTEX_POINT('',#8780);
#2694=VERTEX_POINT('',#8781);
#2695=VERTEX_POINT('',#8783);
#2696=VERTEX_POINT('',#8785);
#2697=VERTEX_POINT('',#8789);
#2698=VERTEX_POINT('',#8791);
#2699=VERTEX_POINT('',#8795);
#2700=VERTEX_POINT('',#8797);
#2701=VERTEX_POINT('',#8806);
#2702=VERTEX_POINT('',#8807);
#2703=VERTEX_POINT('',#8809);
#2704=VERTEX_POINT('',#8811);
#2705=VERTEX_POINT('',#8815);
#2706=VERTEX_POINT('',#8817);
#2707=VERTEX_POINT('',#8821);
#2708=VERTEX_POINT('',#8823);
#2709=VERTEX_POINT('',#8832);
#2710=VERTEX_POINT('',#8834);
#2711=VERTEX_POINT('',#8841);
#2712=VERTEX_POINT('',#8843);
#2713=VERTEX_POINT('',#8847);
#2714=VERTEX_POINT('',#8849);
#2715=VERTEX_POINT('',#8853);
#2716=VERTEX_POINT('',#8855);
#2717=VERTEX_POINT('',#8859);
#2718=VERTEX_POINT('',#8861);
#2719=VERTEX_POINT('',#8865);
#2720=VERTEX_POINT('',#8867);
#2721=VERTEX_POINT('',#8871);
#2722=VERTEX_POINT('',#8873);
#2723=VERTEX_POINT('',#8877);
#2724=VERTEX_POINT('',#8879);
#2725=VERTEX_POINT('',#8883);
#2726=VERTEX_POINT('',#8885);
#2727=VERTEX_POINT('',#8889);
#2728=VERTEX_POINT('',#8891);
#2729=VERTEX_POINT('',#8895);
#2730=VERTEX_POINT('',#8897);
#2731=VERTEX_POINT('',#8901);
#2732=VERTEX_POINT('',#8903);
#2733=VERTEX_POINT('',#8907);
#2734=VERTEX_POINT('',#8909);
#2735=VERTEX_POINT('',#8913);
#2736=VERTEX_POINT('',#8915);
#2737=VERTEX_POINT('',#8919);
#2738=VERTEX_POINT('',#8921);
#2739=VERTEX_POINT('',#8925);
#2740=VERTEX_POINT('',#8927);
#2741=VERTEX_POINT('',#8931);
#2742=VERTEX_POINT('',#8933);
#2743=VERTEX_POINT('',#8937);
#2744=VERTEX_POINT('',#8939);
#2745=VERTEX_POINT('',#8943);
#2746=VERTEX_POINT('',#8945);
#2747=VERTEX_POINT('',#8949);
#2748=VERTEX_POINT('',#8951);
#2749=VERTEX_POINT('',#8955);
#2750=VERTEX_POINT('',#8956);
#2751=VERTEX_POINT('',#8958);
#2752=VERTEX_POINT('',#8960);
#2753=VERTEX_POINT('',#8964);
#2754=VERTEX_POINT('',#8966);
#2755=VERTEX_POINT('',#8970);
#2756=VERTEX_POINT('',#8972);
#2757=VERTEX_POINT('',#8976);
#2758=VERTEX_POINT('',#8978);
#2759=VERTEX_POINT('',#8982);
#2760=VERTEX_POINT('',#8984);
#2761=VERTEX_POINT('',#8988);
#2762=VERTEX_POINT('',#8990);
#2763=VERTEX_POINT('',#8994);
#2764=VERTEX_POINT('',#8996);
#2765=VERTEX_POINT('',#9006);
#2766=VERTEX_POINT('',#9008);
#2767=VERTEX_POINT('',#9012);
#2768=VERTEX_POINT('',#9014);
#2769=VERTEX_POINT('',#9018);
#2770=VERTEX_POINT('',#9020);
#2771=VERTEX_POINT('',#9024);
#2772=VERTEX_POINT('',#9025);
#2773=VERTEX_POINT('',#9027);
#2774=VERTEX_POINT('',#9029);
#2775=VERTEX_POINT('',#9033);
#2776=VERTEX_POINT('',#9035);
#2777=VERTEX_POINT('',#9039);
#2778=VERTEX_POINT('',#9041);
#2779=VERTEX_POINT('',#9048);
#2780=VERTEX_POINT('',#9050);
#2781=VERTEX_POINT('',#9054);
#2782=VERTEX_POINT('',#9056);
#2783=VERTEX_POINT('',#9060);
#2784=VERTEX_POINT('',#9061);
#2785=VERTEX_POINT('',#9063);
#2786=VERTEX_POINT('',#9065);
#2787=VERTEX_POINT('',#9069);
#2788=VERTEX_POINT('',#9071);
#2789=VERTEX_POINT('',#9075);
#2790=VERTEX_POINT('',#9077);
#2791=VERTEX_POINT('',#9084);
#2792=VERTEX_POINT('',#9086);
#2793=VERTEX_POINT('',#9090);
#2794=VERTEX_POINT('',#9092);
#2795=VERTEX_POINT('',#9096);
#2796=VERTEX_POINT('',#9098);
#2797=VERTEX_POINT('',#9102);
#2798=VERTEX_POINT('',#9103);
#2799=VERTEX_POINT('',#9105);
#2800=VERTEX_POINT('',#9107);
#2801=VERTEX_POINT('',#9111);
#2802=VERTEX_POINT('',#9113);
#2803=VERTEX_POINT('',#9117);
#2804=VERTEX_POINT('',#9119);
#2805=VERTEX_POINT('',#9123);
#2806=VERTEX_POINT('',#9125);
#2807=VERTEX_POINT('',#9129);
#2808=VERTEX_POINT('',#9131);
#2809=VERTEX_POINT('',#9135);
#2810=VERTEX_POINT('',#9137);
#2811=VERTEX_POINT('',#9141);
#2812=VERTEX_POINT('',#9143);
#2813=VERTEX_POINT('',#9147);
#2814=VERTEX_POINT('',#9149);
#2815=VERTEX_POINT('',#9153);
#2816=VERTEX_POINT('',#9155);
#2817=VERTEX_POINT('',#9165);
#2818=VERTEX_POINT('',#9166);
#2819=VERTEX_POINT('',#9171);
#2820=VERTEX_POINT('',#9173);
#2821=VERTEX_POINT('',#9177);
#2822=VERTEX_POINT('',#9181);
#2823=VERTEX_POINT('',#9183);
#2824=VERTEX_POINT('',#9185);
#2825=VERTEX_POINT('',#9187);
#2826=VERTEX_POINT('',#9190);
#2827=VERTEX_POINT('',#9194);
#2828=VERTEX_POINT('',#9197);
#2829=VERTEX_POINT('',#9201);
#2830=VERTEX_POINT('',#9204);
#2831=VERTEX_POINT('',#9209);
#2832=VERTEX_POINT('',#9214);
#2833=VERTEX_POINT('',#9219);
#2834=VERTEX_POINT('',#9224);
#2835=VERTEX_POINT('',#9230);
#2836=VERTEX_POINT('',#9232);
#2837=VERTEX_POINT('',#9236);
#2838=VERTEX_POINT('',#9238);
#2839=VERTEX_POINT('',#9242);
#2840=VERTEX_POINT('',#9244);
#2841=VERTEX_POINT('',#9248);
#2842=VERTEX_POINT('',#9250);
#2843=VERTEX_POINT('',#9254);
#2844=VERTEX_POINT('',#9256);
#2845=VERTEX_POINT('',#9260);
#2846=VERTEX_POINT('',#9262);
#2847=VERTEX_POINT('',#9266);
#2848=VERTEX_POINT('',#9268);
#2849=VERTEX_POINT('',#9272);
#2850=VERTEX_POINT('',#9274);
#2851=VERTEX_POINT('',#9278);
#2852=VERTEX_POINT('',#9279);
#2853=VERTEX_POINT('',#9281);
#2854=VERTEX_POINT('',#9283);
#2855=VERTEX_POINT('',#9287);
#2856=VERTEX_POINT('',#9289);
#2857=VERTEX_POINT('',#9293);
#2858=VERTEX_POINT('',#9295);
#2859=VERTEX_POINT('',#9299);
#2860=VERTEX_POINT('',#9301);
#2861=VERTEX_POINT('',#9305);
#2862=VERTEX_POINT('',#9307);
#2863=VERTEX_POINT('',#9311);
#2864=VERTEX_POINT('',#9313);
#2865=VERTEX_POINT('',#9317);
#2866=VERTEX_POINT('',#9319);
#2867=VERTEX_POINT('',#9323);
#2868=VERTEX_POINT('',#9325);
#2869=VERTEX_POINT('',#9329);
#2870=VERTEX_POINT('',#9331);
#2871=VERTEX_POINT('',#9335);
#2872=VERTEX_POINT('',#9337);
#2873=VERTEX_POINT('',#9341);
#2874=VERTEX_POINT('',#9343);
#2875=VERTEX_POINT('',#9347);
#2876=VERTEX_POINT('',#9349);
#2877=VERTEX_POINT('',#9353);
#2878=VERTEX_POINT('',#9355);
#2879=VERTEX_POINT('',#9359);
#2880=VERTEX_POINT('',#9361);
#2881=VERTEX_POINT('',#9365);
#2882=VERTEX_POINT('',#9367);
#2883=VERTEX_POINT('',#9371);
#2884=VERTEX_POINT('',#9373);
#2885=VERTEX_POINT('',#9377);
#2886=VERTEX_POINT('',#9379);
#2887=VERTEX_POINT('',#9383);
#2888=VERTEX_POINT('',#9385);
#2889=VERTEX_POINT('',#9389);
#2890=VERTEX_POINT('',#9391);
#2891=VERTEX_POINT('',#9395);
#2892=VERTEX_POINT('',#9397);
#2893=VERTEX_POINT('',#9401);
#2894=VERTEX_POINT('',#9403);
#2895=VERTEX_POINT('',#9407);
#2896=VERTEX_POINT('',#9409);
#2897=VERTEX_POINT('',#9413);
#2898=VERTEX_POINT('',#9415);
#2899=VERTEX_POINT('',#9425);
#2900=VERTEX_POINT('',#9427);
#2901=VERTEX_POINT('',#9431);
#2902=VERTEX_POINT('',#9433);
#2903=VERTEX_POINT('',#9437);
#2904=VERTEX_POINT('',#9439);
#2905=VERTEX_POINT('',#9443);
#2906=VERTEX_POINT('',#9445);
#2907=VERTEX_POINT('',#9449);
#2908=VERTEX_POINT('',#9451);
#2909=VERTEX_POINT('',#9455);
#2910=VERTEX_POINT('',#9457);
#2911=VERTEX_POINT('',#9461);
#2912=VERTEX_POINT('',#9463);
#2913=VERTEX_POINT('',#9467);
#2914=VERTEX_POINT('',#9468);
#2915=VERTEX_POINT('',#9470);
#2916=VERTEX_POINT('',#9472);
#2917=VERTEX_POINT('',#9476);
#2918=VERTEX_POINT('',#9478);
#2919=VERTEX_POINT('',#9482);
#2920=VERTEX_POINT('',#9484);
#2921=VERTEX_POINT('',#9488);
#2922=VERTEX_POINT('',#9490);
#2923=VERTEX_POINT('',#9494);
#2924=VERTEX_POINT('',#9496);
#2925=VERTEX_POINT('',#9500);
#2926=VERTEX_POINT('',#9502);
#2927=VERTEX_POINT('',#9506);
#2928=VERTEX_POINT('',#9508);
#2929=VERTEX_POINT('',#9518);
#2930=VERTEX_POINT('',#9521);
#2931=VERTEX_POINT('',#9523);
#2932=VERTEX_POINT('',#9526);
#2933=VERTEX_POINT('',#9531);
#2934=VERTEX_POINT('',#9535);
#2935=VERTEX_POINT('',#9539);
#2936=VERTEX_POINT('',#9542);
#2937=VERTEX_POINT('',#9548);
#2938=VERTEX_POINT('',#9549);
#2939=VERTEX_POINT('',#9551);
#2940=VERTEX_POINT('',#9553);
#2941=VERTEX_POINT('',#9555);
#2942=VERTEX_POINT('',#9557);
#2943=VERTEX_POINT('',#9560);
#2944=VERTEX_POINT('',#9563);
#2945=VERTEX_POINT('',#9565);
#2946=VERTEX_POINT('',#9569);
#2947=VERTEX_POINT('',#9573);
#2948=VERTEX_POINT('',#9577);
#2949=VERTEX_POINT('',#9578);
#2950=VERTEX_POINT('',#9580);
#2951=VERTEX_POINT('',#9582);
#2952=VERTEX_POINT('',#9584);
#2953=VERTEX_POINT('',#9586);
#2954=VERTEX_POINT('',#9589);
#2955=VERTEX_POINT('',#9592);
#2956=VERTEX_POINT('',#9594);
#2957=VERTEX_POINT('',#9598);
#2958=VERTEX_POINT('',#9602);
#2959=VERTEX_POINT('',#9606);
#2960=VERTEX_POINT('',#9607);
#2961=VERTEX_POINT('',#9609);
#2962=VERTEX_POINT('',#9611);
#2963=VERTEX_POINT('',#9615);
#2964=VERTEX_POINT('',#9617);
#2965=VERTEX_POINT('',#9621);
#2966=VERTEX_POINT('',#9625);
#2967=VERTEX_POINT('',#9626);
#2968=VERTEX_POINT('',#9628);
#2969=VERTEX_POINT('',#9630);
#2970=VERTEX_POINT('',#9634);
#2971=VERTEX_POINT('',#9636);
#2972=VERTEX_POINT('',#9640);
#2973=VERTEX_POINT('',#9644);
#2974=VERTEX_POINT('',#9646);
#2975=VERTEX_POINT('',#9652);
#2976=VERTEX_POINT('',#9653);
#2977=VERTEX_POINT('',#9655);
#2978=VERTEX_POINT('',#9657);
#2979=VERTEX_POINT('',#9661);
#2980=VERTEX_POINT('',#9663);
#2981=VERTEX_POINT('',#9667);
#2982=VERTEX_POINT('',#9668);
#2983=VERTEX_POINT('',#9670);
#2984=VERTEX_POINT('',#9672);
#2985=VERTEX_POINT('',#9676);
#2986=VERTEX_POINT('',#9678);
#2987=VERTEX_POINT('',#9684);
#2988=VERTEX_POINT('',#9691);
#2989=VERTEX_POINT('',#9697);
#2990=VERTEX_POINT('',#9700);
#2991=VERTEX_POINT('',#9704);
#2992=VERTEX_POINT('',#9710);
#2993=VERTEX_POINT('',#9720);
#2994=VERTEX_POINT('',#9721);
#2995=VERTEX_POINT('',#9723);
#2996=VERTEX_POINT('',#9725);
#2997=VERTEX_POINT('',#9729);
#2998=VERTEX_POINT('',#9731);
#2999=VERTEX_POINT('',#9735);
#3000=VERTEX_POINT('',#9737);
#3001=VERTEX_POINT('',#9745);
#3002=VERTEX_POINT('',#9746);
#3003=VERTEX_POINT('',#9748);
#3004=VERTEX_POINT('',#9750);
#3005=VERTEX_POINT('',#9754);
#3006=VERTEX_POINT('',#9756);
#3007=VERTEX_POINT('',#9760);
#3008=VERTEX_POINT('',#9762);
#3009=VERTEX_POINT('',#9770);
#3010=VERTEX_POINT('',#9772);
#3011=VERTEX_POINT('',#9776);
#3012=VERTEX_POINT('',#9778);
#3013=VERTEX_POINT('',#9782);
#3014=VERTEX_POINT('',#9784);
#3015=VERTEX_POINT('',#9788);
#3016=VERTEX_POINT('',#9790);
#3017=VERTEX_POINT('',#9794);
#3018=VERTEX_POINT('',#9795);
#3019=VERTEX_POINT('',#9797);
#3020=VERTEX_POINT('',#9799);
#3021=VERTEX_POINT('',#9803);
#3022=VERTEX_POINT('',#9805);
#3023=VERTEX_POINT('',#9809);
#3024=VERTEX_POINT('',#9811);
#3025=VERTEX_POINT('',#9815);
#3026=VERTEX_POINT('',#9817);
#3027=VERTEX_POINT('',#9821);
#3028=VERTEX_POINT('',#9823);
#3029=EDGE_CURVE('',#2523,#2523,#2208,.T.);
#3030=EDGE_CURVE('',#2523,#2524,#1322,.T.);
#3031=EDGE_CURVE('',#2524,#2524,#2209,.T.);
#3032=EDGE_CURVE('',#2525,#2525,#2210,.T.);
#3033=EDGE_CURVE('',#2525,#2526,#1323,.T.);
#3034=EDGE_CURVE('',#2526,#2526,#2211,.T.);
#3035=EDGE_CURVE('',#2527,#2527,#2212,.T.);
#3036=EDGE_CURVE('',#2527,#2528,#1324,.T.);
#3037=EDGE_CURVE('',#2528,#2528,#2213,.T.);
#3038=EDGE_CURVE('',#2529,#2529,#2214,.T.);
#3039=EDGE_CURVE('',#2529,#2530,#1325,.T.);
#3040=EDGE_CURVE('',#2530,#2530,#2215,.T.);
#3041=EDGE_CURVE('',#2531,#2531,#2216,.T.);
#3042=EDGE_CURVE('',#2531,#2532,#1326,.T.);
#3043=EDGE_CURVE('',#2532,#2532,#2217,.T.);
#3044=EDGE_CURVE('',#2533,#2533,#2218,.T.);
#3045=EDGE_CURVE('',#2533,#2534,#1327,.T.);
#3046=EDGE_CURVE('',#2534,#2534,#2219,.T.);
#3047=EDGE_CURVE('',#2535,#2535,#2220,.T.);
#3048=EDGE_CURVE('',#2535,#2536,#1328,.T.);
#3049=EDGE_CURVE('',#2536,#2536,#2221,.T.);
#3050=EDGE_CURVE('',#2537,#2537,#2222,.T.);
#3051=EDGE_CURVE('',#2537,#2538,#1329,.T.);
#3052=EDGE_CURVE('',#2538,#2538,#2223,.T.);
#3053=EDGE_CURVE('',#2539,#2539,#2224,.T.);
#3054=EDGE_CURVE('',#2539,#2540,#1330,.T.);
#3055=EDGE_CURVE('',#2540,#2540,#2225,.T.);
#3056=EDGE_CURVE('',#2541,#2541,#2226,.T.);
#3057=EDGE_CURVE('',#2541,#2542,#1331,.T.);
#3058=EDGE_CURVE('',#2542,#2542,#2227,.T.);
#3059=EDGE_CURVE('',#2543,#2543,#2228,.T.);
#3060=EDGE_CURVE('',#2543,#2544,#1332,.T.);
#3061=EDGE_CURVE('',#2544,#2544,#2229,.T.);
#3062=EDGE_CURVE('',#2545,#2545,#2230,.T.);
#3063=EDGE_CURVE('',#2545,#2546,#1333,.T.);
#3064=EDGE_CURVE('',#2546,#2546,#2231,.T.);
#3065=EDGE_CURVE('',#2547,#2547,#2232,.T.);
#3066=EDGE_CURVE('',#2547,#2548,#1334,.T.);
#3067=EDGE_CURVE('',#2548,#2548,#2233,.T.);
#3068=EDGE_CURVE('',#2549,#2549,#2234,.T.);
#3069=EDGE_CURVE('',#2549,#2550,#1335,.T.);
#3070=EDGE_CURVE('',#2550,#2550,#2235,.T.);
#3071=EDGE_CURVE('',#2551,#2551,#2236,.T.);
#3072=EDGE_CURVE('',#2551,#2552,#1336,.T.);
#3073=EDGE_CURVE('',#2552,#2552,#2237,.T.);
#3074=EDGE_CURVE('',#2553,#2553,#2238,.T.);
#3075=EDGE_CURVE('',#2553,#2554,#1337,.T.);
#3076=EDGE_CURVE('',#2554,#2554,#2239,.T.);
#3077=EDGE_CURVE('',#2555,#2555,#2240,.T.);
#3078=EDGE_CURVE('',#2555,#2556,#1338,.T.);
#3079=EDGE_CURVE('',#2556,#2556,#2241,.T.);
#3080=EDGE_CURVE('',#2557,#2557,#2242,.T.);
#3081=EDGE_CURVE('',#2557,#2558,#1339,.T.);
#3082=EDGE_CURVE('',#2558,#2558,#2243,.T.);
#3083=EDGE_CURVE('',#2559,#2559,#2244,.T.);
#3084=EDGE_CURVE('',#2559,#2560,#1340,.T.);
#3085=EDGE_CURVE('',#2560,#2560,#2245,.T.);
#3086=EDGE_CURVE('',#2561,#2562,#1341,.T.);
#3087=EDGE_CURVE('',#2561,#2563,#1342,.T.);
#3088=EDGE_CURVE('',#2564,#2563,#1343,.T.);
#3089=EDGE_CURVE('',#2562,#2564,#1344,.T.);
#3090=EDGE_CURVE('',#2562,#2565,#1345,.T.);
#3091=EDGE_CURVE('',#2566,#2564,#1346,.T.);
#3092=EDGE_CURVE('',#2565,#2566,#1347,.T.);
#3093=EDGE_CURVE('',#2565,#2567,#1348,.T.);
#3094=EDGE_CURVE('',#2568,#2566,#1349,.T.);
#3095=EDGE_CURVE('',#2567,#2568,#1350,.T.);
#3096=EDGE_CURVE('',#2569,#2567,#1351,.T.);
#3097=EDGE_CURVE('',#2570,#2568,#1352,.T.);
#3098=EDGE_CURVE('',#2569,#2570,#1353,.T.);
#3099=EDGE_CURVE('',#2571,#2569,#1354,.T.);
#3100=EDGE_CURVE('',#2572,#2570,#1355,.T.);
#3101=EDGE_CURVE('',#2571,#2572,#1356,.T.);
#3102=EDGE_CURVE('',#2573,#2571,#2246,.T.);
#3103=EDGE_CURVE('',#2574,#2572,#2247,.T.);
#3104=EDGE_CURVE('',#2573,#2574,#1357,.T.);
#3105=EDGE_CURVE('',#2575,#2573,#1358,.T.);
#3106=EDGE_CURVE('',#2576,#2574,#1359,.T.);
#3107=EDGE_CURVE('',#2575,#2576,#1360,.T.);
#3108=EDGE_CURVE('',#2577,#2575,#1361,.T.);
#3109=EDGE_CURVE('',#2578,#2576,#1362,.T.);
#3110=EDGE_CURVE('',#2577,#2578,#1363,.T.);
#3111=EDGE_CURVE('',#2579,#2577,#1364,.T.);
#3112=EDGE_CURVE('',#2580,#2578,#1365,.T.);
#3113=EDGE_CURVE('',#2579,#2580,#1366,.T.);
#3114=EDGE_CURVE('',#2581,#2579,#2248,.T.);
#3115=EDGE_CURVE('',#2582,#2580,#2249,.T.);
#3116=EDGE_CURVE('',#2581,#2582,#1367,.T.);
#3117=EDGE_CURVE('',#2583,#2581,#1368,.T.);
#3118=EDGE_CURVE('',#2584,#2582,#1369,.T.);
#3119=EDGE_CURVE('',#2583,#2584,#1370,.T.);
#3120=EDGE_CURVE('',#2561,#2583,#1371,.T.);
#3121=EDGE_CURVE('',#2563,#2584,#1372,.T.);
#3122=EDGE_CURVE('',#2585,#2585,#2250,.T.);
#3123=EDGE_CURVE('',#2585,#2586,#1373,.T.);
#3124=EDGE_CURVE('',#2586,#2586,#2251,.T.);
#3125=EDGE_CURVE('',#2587,#2587,#2252,.T.);
#3126=EDGE_CURVE('',#2587,#2588,#1374,.T.);
#3127=EDGE_CURVE('',#2588,#2588,#2253,.T.);
#3128=EDGE_CURVE('',#2589,#2589,#2254,.T.);
#3129=EDGE_CURVE('',#2589,#2590,#1375,.T.);
#3130=EDGE_CURVE('',#2590,#2590,#2255,.T.);
#3131=EDGE_CURVE('',#2591,#2591,#2256,.T.);
#3132=EDGE_CURVE('',#2591,#2592,#1376,.T.);
#3133=EDGE_CURVE('',#2592,#2592,#2257,.T.);
#3134=EDGE_CURVE('',#2593,#2593,#2258,.T.);
#3135=EDGE_CURVE('',#2593,#2594,#1377,.T.);
#3136=EDGE_CURVE('',#2594,#2594,#2259,.T.);
#3137=EDGE_CURVE('',#2595,#2595,#2260,.T.);
#3138=EDGE_CURVE('',#2595,#2596,#1378,.T.);
#3139=EDGE_CURVE('',#2596,#2596,#2261,.T.);
#3140=EDGE_CURVE('',#2597,#2597,#2262,.T.);
#3141=EDGE_CURVE('',#2597,#2598,#1379,.T.);
#3142=EDGE_CURVE('',#2598,#2598,#2263,.T.);
#3143=EDGE_CURVE('',#2599,#2599,#2264,.T.);
#3144=EDGE_CURVE('',#2599,#2600,#1380,.T.);
#3145=EDGE_CURVE('',#2600,#2600,#2265,.T.);
#3146=EDGE_CURVE('',#2601,#2601,#2266,.T.);
#3147=EDGE_CURVE('',#2601,#2602,#1381,.T.);
#3148=EDGE_CURVE('',#2602,#2602,#2267,.T.);
#3149=EDGE_CURVE('',#2603,#2603,#2268,.T.);
#3150=EDGE_CURVE('',#2603,#2604,#1382,.T.);
#3151=EDGE_CURVE('',#2604,#2604,#2269,.T.);
#3152=EDGE_CURVE('',#2605,#2605,#2270,.T.);
#3153=EDGE_CURVE('',#2605,#2606,#1383,.T.);
#3154=EDGE_CURVE('',#2606,#2606,#2271,.T.);
#3155=EDGE_CURVE('',#2607,#2607,#2272,.T.);
#3156=EDGE_CURVE('',#2607,#2608,#1384,.T.);
#3157=EDGE_CURVE('',#2608,#2608,#2273,.T.);
#3158=EDGE_CURVE('',#2609,#2609,#2274,.T.);
#3159=EDGE_CURVE('',#2609,#2610,#1385,.T.);
#3160=EDGE_CURVE('',#2610,#2610,#2275,.T.);
#3161=EDGE_CURVE('',#2611,#2611,#2276,.T.);
#3162=EDGE_CURVE('',#2611,#2612,#1386,.T.);
#3163=EDGE_CURVE('',#2612,#2612,#2277,.T.);
#3164=EDGE_CURVE('',#2613,#2613,#2278,.T.);
#3165=EDGE_CURVE('',#2613,#2614,#1387,.T.);
#3166=EDGE_CURVE('',#2614,#2614,#2279,.T.);
#3167=EDGE_CURVE('',#2615,#2615,#2280,.T.);
#3168=EDGE_CURVE('',#2615,#2616,#1388,.T.);
#3169=EDGE_CURVE('',#2616,#2616,#2281,.T.);
#3170=EDGE_CURVE('',#2617,#2617,#2282,.T.);
#3171=EDGE_CURVE('',#2617,#2618,#1389,.T.);
#3172=EDGE_CURVE('',#2618,#2618,#2283,.T.);
#3173=EDGE_CURVE('',#2619,#2619,#2284,.T.);
#3174=EDGE_CURVE('',#2619,#2620,#1390,.T.);
#3175=EDGE_CURVE('',#2620,#2620,#2285,.T.);
#3176=EDGE_CURVE('',#2621,#2621,#2286,.T.);
#3177=EDGE_CURVE('',#2621,#2622,#1391,.T.);
#3178=EDGE_CURVE('',#2622,#2622,#2287,.T.);
#3179=EDGE_CURVE('',#2623,#2623,#2288,.T.);
#3180=EDGE_CURVE('',#2623,#2624,#1392,.T.);
#3181=EDGE_CURVE('',#2624,#2624,#2289,.T.);
#3182=EDGE_CURVE('',#2625,#2625,#2290,.T.);
#3183=EDGE_CURVE('',#2625,#2626,#1393,.T.);
#3184=EDGE_CURVE('',#2626,#2626,#2291,.T.);
#3185=EDGE_CURVE('',#2627,#2627,#2292,.T.);
#3186=EDGE_CURVE('',#2627,#2628,#1394,.T.);
#3187=EDGE_CURVE('',#2628,#2628,#2293,.T.);
#3188=EDGE_CURVE('',#2629,#2629,#2294,.T.);
#3189=EDGE_CURVE('',#2629,#2630,#1395,.T.);
#3190=EDGE_CURVE('',#2630,#2630,#2295,.T.);
#3191=EDGE_CURVE('',#2631,#2631,#2296,.T.);
#3192=EDGE_CURVE('',#2631,#2632,#1396,.T.);
#3193=EDGE_CURVE('',#2632,#2632,#2297,.T.);
#3194=EDGE_CURVE('',#2633,#2633,#2298,.T.);
#3195=EDGE_CURVE('',#2633,#2634,#1397,.T.);
#3196=EDGE_CURVE('',#2634,#2634,#2299,.T.);
#3197=EDGE_CURVE('',#2635,#2635,#2300,.T.);
#3198=EDGE_CURVE('',#2635,#2636,#1398,.T.);
#3199=EDGE_CURVE('',#2636,#2636,#2301,.T.);
#3200=EDGE_CURVE('',#2637,#2637,#2302,.T.);
#3201=EDGE_CURVE('',#2637,#2638,#1399,.T.);
#3202=EDGE_CURVE('',#2638,#2638,#2303,.T.);
#3203=EDGE_CURVE('',#2639,#2639,#2304,.T.);
#3204=EDGE_CURVE('',#2639,#2640,#1400,.T.);
#3205=EDGE_CURVE('',#2640,#2640,#2305,.T.);
#3206=EDGE_CURVE('',#2641,#2642,#2306,.T.);
#3207=EDGE_CURVE('',#2641,#2643,#1401,.T.);
#3208=EDGE_CURVE('',#2644,#2643,#2307,.T.);
#3209=EDGE_CURVE('',#2642,#2644,#1402,.T.);
#3210=EDGE_CURVE('',#2645,#2642,#2308,.T.);
#3211=EDGE_CURVE('',#2646,#2644,#2309,.T.);
#3212=EDGE_CURVE('',#2645,#2646,#1403,.T.);
#3213=EDGE_CURVE('',#2647,#2645,#1404,.T.);
#3214=EDGE_CURVE('',#2648,#2646,#1405,.T.);
#3215=EDGE_CURVE('',#2647,#2648,#1406,.T.);
#3216=EDGE_CURVE('',#2649,#2647,#1407,.T.);
#3217=EDGE_CURVE('',#2650,#2648,#1408,.T.);
#3218=EDGE_CURVE('',#2649,#2650,#1409,.T.);
#3219=EDGE_CURVE('',#2651,#2649,#1410,.T.);
#3220=EDGE_CURVE('',#2652,#2650,#1411,.T.);
#3221=EDGE_CURVE('',#2651,#2652,#1412,.T.);
#3222=EDGE_CURVE('',#2653,#2651,#2310,.T.);
#3223=EDGE_CURVE('',#2654,#2652,#2311,.T.);
#3224=EDGE_CURVE('',#2653,#2654,#1413,.T.);
#3225=EDGE_CURVE('',#2655,#2653,#1414,.T.);
#3226=EDGE_CURVE('',#2656,#2654,#1415,.T.);
#3227=EDGE_CURVE('',#2655,#2656,#1416,.T.);
#3228=EDGE_CURVE('',#2657,#2655,#1417,.T.);
#3229=EDGE_CURVE('',#2658,#2656,#1418,.T.);
#3230=EDGE_CURVE('',#2657,#2658,#1419,.T.);
#3231=EDGE_CURVE('',#2659,#2657,#1420,.T.);
#3232=EDGE_CURVE('',#2660,#2658,#1421,.T.);
#3233=EDGE_CURVE('',#2659,#2660,#1422,.T.);
#3234=EDGE_CURVE('',#2661,#2659,#2312,.T.);
#3235=EDGE_CURVE('',#2662,#2660,#2313,.T.);
#3236=EDGE_CURVE('',#2661,#2662,#1423,.T.);
#3237=EDGE_CURVE('',#2663,#2661,#1424,.T.);
#3238=EDGE_CURVE('',#2664,#2662,#1425,.T.);
#3239=EDGE_CURVE('',#2663,#2664,#1426,.T.);
#3240=EDGE_CURVE('',#2665,#2663,#1427,.T.);
#3241=EDGE_CURVE('',#2666,#2664,#1428,.T.);
#3242=EDGE_CURVE('',#2665,#2666,#1429,.T.);
#3243=EDGE_CURVE('',#2667,#2665,#1430,.T.);
#3244=EDGE_CURVE('',#2668,#2666,#1431,.T.);
#3245=EDGE_CURVE('',#2667,#2668,#1432,.T.);
#3246=EDGE_CURVE('',#2641,#2667,#2314,.T.);
#3247=EDGE_CURVE('',#2643,#2668,#2315,.T.);
#3248=EDGE_CURVE('',#2669,#2669,#2316,.T.);
#3249=EDGE_CURVE('',#2669,#2670,#1433,.T.);
#3250=EDGE_CURVE('',#2670,#2670,#2317,.T.);
#3251=EDGE_CURVE('',#2671,#2671,#2318,.T.);
#3252=EDGE_CURVE('',#2671,#2672,#1434,.T.);
#3253=EDGE_CURVE('',#2672,#2672,#2319,.T.);
#3254=EDGE_CURVE('',#2673,#2673,#2320,.T.);
#3255=EDGE_CURVE('',#2673,#2674,#1435,.T.);
#3256=EDGE_CURVE('',#2674,#2674,#2321,.T.);
#3257=EDGE_CURVE('',#2675,#2675,#2322,.T.);
#3258=EDGE_CURVE('',#2675,#2676,#1436,.T.);
#3259=EDGE_CURVE('',#2676,#2676,#2323,.T.);
#3260=EDGE_CURVE('',#2677,#2677,#2324,.T.);
#3261=EDGE_CURVE('',#2677,#2678,#1437,.T.);
#3262=EDGE_CURVE('',#2678,#2678,#2325,.T.);
#3263=EDGE_CURVE('',#2679,#2679,#2326,.T.);
#3264=EDGE_CURVE('',#2679,#2680,#1438,.T.);
#3265=EDGE_CURVE('',#2680,#2680,#2327,.T.);
#3266=EDGE_CURVE('',#2681,#2681,#2328,.T.);
#3267=EDGE_CURVE('',#2681,#2682,#1439,.T.);
#3268=EDGE_CURVE('',#2682,#2682,#2329,.T.);
#3269=EDGE_CURVE('',#2683,#2683,#2330,.T.);
#3270=EDGE_CURVE('',#2683,#2684,#1440,.T.);
#3271=EDGE_CURVE('',#2684,#2684,#2331,.T.);
#3272=EDGE_CURVE('',#2685,#2685,#2332,.T.);
#3273=EDGE_CURVE('',#2685,#2686,#1441,.T.);
#3274=EDGE_CURVE('',#2686,#2686,#2333,.T.);
#3275=EDGE_CURVE('',#2687,#2687,#2334,.T.);
#3276=EDGE_CURVE('',#2687,#2688,#1442,.T.);
#3277=EDGE_CURVE('',#2688,#2688,#2335,.T.);
#3278=EDGE_CURVE('',#2689,#2689,#2336,.T.);
#3279=EDGE_CURVE('',#2689,#2690,#1443,.T.);
#3280=EDGE_CURVE('',#2690,#2690,#2337,.T.);
#3281=EDGE_CURVE('',#2691,#2691,#2338,.T.);
#3282=EDGE_CURVE('',#2691,#2692,#1444,.T.);
#3283=EDGE_CURVE('',#2692,#2692,#2339,.T.);
#3284=EDGE_CURVE('',#2693,#2694,#1445,.T.);
#3285=EDGE_CURVE('',#2693,#2695,#1446,.T.);
#3286=EDGE_CURVE('',#2696,#2695,#1447,.T.);
#3287=EDGE_CURVE('',#2694,#2696,#1448,.T.);
#3288=EDGE_CURVE('',#2694,#2697,#1449,.T.);
#3289=EDGE_CURVE('',#2698,#2696,#1450,.T.);
#3290=EDGE_CURVE('',#2697,#2698,#1451,.T.);
#3291=EDGE_CURVE('',#2697,#2699,#1452,.T.);
#3292=EDGE_CURVE('',#2700,#2698,#1453,.T.);
#3293=EDGE_CURVE('',#2699,#2700,#1454,.T.);
#3294=EDGE_CURVE('',#2699,#2693,#1455,.T.);
#3295=EDGE_CURVE('',#2695,#2700,#1456,.T.);
#3296=EDGE_CURVE('',#2701,#2702,#1457,.T.);
#3297=EDGE_CURVE('',#2702,#2703,#1458,.T.);
#3298=EDGE_CURVE('',#2704,#2703,#1459,.T.);
#3299=EDGE_CURVE('',#2701,#2704,#1460,.T.);
#3300=EDGE_CURVE('',#2705,#2701,#1461,.T.);
#3301=EDGE_CURVE('',#2706,#2704,#1462,.T.);
#3302=EDGE_CURVE('',#2705,#2706,#1463,.T.);
#3303=EDGE_CURVE('',#2707,#2705,#1464,.T.);
#3304=EDGE_CURVE('',#2708,#2706,#1465,.T.);
#3305=EDGE_CURVE('',#2707,#2708,#1466,.T.);
#3306=EDGE_CURVE('',#2702,#2707,#1467,.T.);
#3307=EDGE_CURVE('',#2703,#2708,#1468,.T.);
#3308=EDGE_CURVE('',#2709,#2709,#2340,.T.);
#3309=EDGE_CURVE('',#2709,#2710,#1469,.T.);
#3310=EDGE_CURVE('',#2710,#2710,#2341,.T.);
#3311=EDGE_CURVE('',#2711,#2711,#2342,.T.);
#3312=EDGE_CURVE('',#2711,#2712,#1470,.T.);
#3313=EDGE_CURVE('',#2712,#2712,#2343,.T.);
#3314=EDGE_CURVE('',#2713,#2713,#2344,.T.);
#3315=EDGE_CURVE('',#2713,#2714,#1471,.T.);
#3316=EDGE_CURVE('',#2714,#2714,#2345,.T.);
#3317=EDGE_CURVE('',#2715,#2715,#2346,.T.);
#3318=EDGE_CURVE('',#2715,#2716,#1472,.T.);
#3319=EDGE_CURVE('',#2716,#2716,#2347,.T.);
#3320=EDGE_CURVE('',#2717,#2717,#2348,.T.);
#3321=EDGE_CURVE('',#2717,#2718,#1473,.T.);
#3322=EDGE_CURVE('',#2718,#2718,#2349,.T.);
#3323=EDGE_CURVE('',#2719,#2719,#2350,.T.);
#3324=EDGE_CURVE('',#2719,#2720,#1474,.T.);
#3325=EDGE_CURVE('',#2720,#2720,#2351,.T.);
#3326=EDGE_CURVE('',#2721,#2721,#2352,.T.);
#3327=EDGE_CURVE('',#2721,#2722,#1475,.T.);
#3328=EDGE_CURVE('',#2722,#2722,#2353,.T.);
#3329=EDGE_CURVE('',#2723,#2723,#2354,.T.);
#3330=EDGE_CURVE('',#2723,#2724,#1476,.T.);
#3331=EDGE_CURVE('',#2724,#2724,#2355,.T.);
#3332=EDGE_CURVE('',#2725,#2725,#2356,.T.);
#3333=EDGE_CURVE('',#2725,#2726,#1477,.T.);
#3334=EDGE_CURVE('',#2726,#2726,#2357,.T.);
#3335=EDGE_CURVE('',#2727,#2727,#2358,.T.);
#3336=EDGE_CURVE('',#2727,#2728,#1478,.T.);
#3337=EDGE_CURVE('',#2728,#2728,#2359,.T.);
#3338=EDGE_CURVE('',#2729,#2729,#2360,.T.);
#3339=EDGE_CURVE('',#2729,#2730,#1479,.T.);
#3340=EDGE_CURVE('',#2730,#2730,#2361,.T.);
#3341=EDGE_CURVE('',#2731,#2731,#2362,.T.);
#3342=EDGE_CURVE('',#2731,#2732,#1480,.T.);
#3343=EDGE_CURVE('',#2732,#2732,#2363,.T.);
#3344=EDGE_CURVE('',#2733,#2733,#2364,.T.);
#3345=EDGE_CURVE('',#2733,#2734,#1481,.T.);
#3346=EDGE_CURVE('',#2734,#2734,#2365,.T.);
#3347=EDGE_CURVE('',#2735,#2735,#2366,.T.);
#3348=EDGE_CURVE('',#2735,#2736,#1482,.T.);
#3349=EDGE_CURVE('',#2736,#2736,#2367,.T.);
#3350=EDGE_CURVE('',#2737,#2737,#2368,.T.);
#3351=EDGE_CURVE('',#2737,#2738,#1483,.T.);
#3352=EDGE_CURVE('',#2738,#2738,#2369,.T.);
#3353=EDGE_CURVE('',#2739,#2739,#2370,.T.);
#3354=EDGE_CURVE('',#2739,#2740,#1484,.T.);
#3355=EDGE_CURVE('',#2740,#2740,#2371,.T.);
#3356=EDGE_CURVE('',#2741,#2741,#2372,.T.);
#3357=EDGE_CURVE('',#2741,#2742,#1485,.T.);
#3358=EDGE_CURVE('',#2742,#2742,#2373,.T.);
#3359=EDGE_CURVE('',#2743,#2743,#2374,.T.);
#3360=EDGE_CURVE('',#2743,#2744,#1486,.T.);
#3361=EDGE_CURVE('',#2744,#2744,#2375,.T.);
#3362=EDGE_CURVE('',#2745,#2745,#2376,.T.);
#3363=EDGE_CURVE('',#2745,#2746,#1487,.T.);
#3364=EDGE_CURVE('',#2746,#2746,#2377,.T.);
#3365=EDGE_CURVE('',#2747,#2747,#2378,.T.);
#3366=EDGE_CURVE('',#2747,#2748,#1488,.T.);
#3367=EDGE_CURVE('',#2748,#2748,#2379,.T.);
#3368=EDGE_CURVE('',#2749,#2750,#1489,.T.);
#3369=EDGE_CURVE('',#2749,#2751,#1490,.T.);
#3370=EDGE_CURVE('',#2752,#2751,#1491,.T.);
#3371=EDGE_CURVE('',#2750,#2752,#1492,.T.);
#3372=EDGE_CURVE('',#2753,#2750,#1493,.T.);
#3373=EDGE_CURVE('',#2754,#2752,#1494,.T.);
#3374=EDGE_CURVE('',#2753,#2754,#1495,.T.);
#3375=EDGE_CURVE('',#2753,#2755,#1496,.T.);
#3376=EDGE_CURVE('',#2756,#2754,#1497,.T.);
#3377=EDGE_CURVE('',#2755,#2756,#1498,.T.);
#3378=EDGE_CURVE('',#2757,#2755,#1499,.T.);
#3379=EDGE_CURVE('',#2758,#2756,#1500,.T.);
#3380=EDGE_CURVE('',#2757,#2758,#1501,.T.);
#3381=EDGE_CURVE('',#2757,#2759,#1502,.T.);
#3382=EDGE_CURVE('',#2760,#2758,#1503,.T.);
#3383=EDGE_CURVE('',#2759,#2760,#1504,.T.);
#3384=EDGE_CURVE('',#2761,#2759,#1505,.T.);
#3385=EDGE_CURVE('',#2762,#2760,#1506,.T.);
#3386=EDGE_CURVE('',#2761,#2762,#1507,.T.);
#3387=EDGE_CURVE('',#2761,#2763,#1508,.T.);
#3388=EDGE_CURVE('',#2764,#2762,#1509,.T.);
#3389=EDGE_CURVE('',#2763,#2764,#1510,.T.);
#3390=EDGE_CURVE('',#2749,#2763,#1511,.T.);
#3391=EDGE_CURVE('',#2751,#2764,#1512,.T.);
#3392=EDGE_CURVE('',#2765,#2765,#2380,.T.);
#3393=EDGE_CURVE('',#2765,#2766,#1513,.T.);
#3394=EDGE_CURVE('',#2766,#2766,#2381,.T.);
#3395=EDGE_CURVE('',#2767,#2767,#2382,.T.);
#3396=EDGE_CURVE('',#2767,#2768,#1514,.T.);
#3397=EDGE_CURVE('',#2768,#2768,#2383,.T.);
#3398=EDGE_CURVE('',#2769,#2769,#2384,.T.);
#3399=EDGE_CURVE('',#2769,#2770,#1515,.T.);
#3400=EDGE_CURVE('',#2770,#2770,#2385,.T.);
#3401=EDGE_CURVE('',#2771,#2772,#1516,.T.);
#3402=EDGE_CURVE('',#2772,#2773,#1517,.T.);
#3403=EDGE_CURVE('',#2774,#2773,#1518,.T.);
#3404=EDGE_CURVE('',#2771,#2774,#1519,.T.);
#3405=EDGE_CURVE('',#2775,#2771,#1520,.T.);
#3406=EDGE_CURVE('',#2776,#2774,#1521,.T.);
#3407=EDGE_CURVE('',#2775,#2776,#1522,.T.);
#3408=EDGE_CURVE('',#2777,#2775,#1523,.T.);
#3409=EDGE_CURVE('',#2778,#2776,#1524,.T.);
#3410=EDGE_CURVE('',#2777,#2778,#1525,.T.);
#3411=EDGE_CURVE('',#2772,#2777,#1526,.T.);
#3412=EDGE_CURVE('',#2773,#2778,#1527,.T.);
#3413=EDGE_CURVE('',#2779,#2779,#2386,.T.);
#3414=EDGE_CURVE('',#2779,#2780,#1528,.T.);
#3415=EDGE_CURVE('',#2780,#2780,#2387,.T.);
#3416=EDGE_CURVE('',#2781,#2781,#2388,.T.);
#3417=EDGE_CURVE('',#2781,#2782,#1529,.T.);
#3418=EDGE_CURVE('',#2782,#2782,#2389,.T.);
#3419=EDGE_CURVE('',#2783,#2784,#1530,.T.);
#3420=EDGE_CURVE('',#2784,#2785,#1531,.T.);
#3421=EDGE_CURVE('',#2786,#2785,#1532,.T.);
#3422=EDGE_CURVE('',#2783,#2786,#1533,.T.);
#3423=EDGE_CURVE('',#2787,#2783,#1534,.T.);
#3424=EDGE_CURVE('',#2788,#2786,#1535,.T.);
#3425=EDGE_CURVE('',#2787,#2788,#1536,.T.);
#3426=EDGE_CURVE('',#2789,#2787,#1537,.T.);
#3427=EDGE_CURVE('',#2790,#2788,#1538,.T.);
#3428=EDGE_CURVE('',#2789,#2790,#1539,.T.);
#3429=EDGE_CURVE('',#2784,#2789,#1540,.T.);
#3430=EDGE_CURVE('',#2785,#2790,#1541,.T.);
#3431=EDGE_CURVE('',#2791,#2791,#2390,.T.);
#3432=EDGE_CURVE('',#2791,#2792,#1542,.T.);
#3433=EDGE_CURVE('',#2792,#2792,#2391,.T.);
#3434=EDGE_CURVE('',#2793,#2793,#2392,.T.);
#3435=EDGE_CURVE('',#2793,#2794,#1543,.T.);
#3436=EDGE_CURVE('',#2794,#2794,#2393,.T.);
#3437=EDGE_CURVE('',#2795,#2795,#2394,.T.);
#3438=EDGE_CURVE('',#2795,#2796,#1544,.T.);
#3439=EDGE_CURVE('',#2796,#2796,#2395,.T.);
#3440=EDGE_CURVE('',#2797,#2798,#2396,.T.);
#3441=EDGE_CURVE('',#2797,#2799,#1545,.T.);
#3442=EDGE_CURVE('',#2800,#2799,#2397,.T.);
#3443=EDGE_CURVE('',#2798,#2800,#1546,.T.);
#3444=EDGE_CURVE('',#2801,#2798,#2398,.T.);
#3445=EDGE_CURVE('',#2802,#2800,#2399,.T.);
#3446=EDGE_CURVE('',#2801,#2802,#1547,.T.);
#3447=EDGE_CURVE('',#2803,#2801,#1548,.T.);
#3448=EDGE_CURVE('',#2804,#2802,#1549,.T.);
#3449=EDGE_CURVE('',#2803,#2804,#1550,.T.);
#3450=EDGE_CURVE('',#2805,#2803,#1551,.T.);
#3451=EDGE_CURVE('',#2806,#2804,#1552,.T.);
#3452=EDGE_CURVE('',#2805,#2806,#1553,.T.);
#3453=EDGE_CURVE('',#2807,#2805,#1554,.T.);
#3454=EDGE_CURVE('',#2808,#2806,#1555,.T.);
#3455=EDGE_CURVE('',#2807,#2808,#1556,.T.);
#3456=EDGE_CURVE('',#2809,#2807,#1557,.T.);
#3457=EDGE_CURVE('',#2810,#2808,#1558,.T.);
#3458=EDGE_CURVE('',#2809,#2810,#1559,.T.);
#3459=EDGE_CURVE('',#2811,#2809,#1560,.T.);
#3460=EDGE_CURVE('',#2812,#2810,#1561,.T.);
#3461=EDGE_CURVE('',#2811,#2812,#1562,.T.);
#3462=EDGE_CURVE('',#2813,#2811,#1563,.T.);
#3463=EDGE_CURVE('',#2814,#2812,#1564,.T.);
#3464=EDGE_CURVE('',#2813,#2814,#1565,.T.);
#3465=EDGE_CURVE('',#2815,#2813,#1566,.T.);
#3466=EDGE_CURVE('',#2816,#2814,#1567,.T.);
#3467=EDGE_CURVE('',#2815,#2816,#1568,.T.);
#3468=EDGE_CURVE('',#2797,#2815,#2400,.T.);
#3469=EDGE_CURVE('',#2799,#2816,#2401,.T.);
#3470=EDGE_CURVE('',#2817,#2818,#2402,.T.);
#3471=EDGE_CURVE('',#2819,#2819,#2403,.T.);
#3472=EDGE_CURVE('',#2819,#2820,#1569,.T.);
#3473=EDGE_CURVE('',#2820,#2820,#2404,.T.);
#3474=EDGE_CURVE('',#2821,#2821,#2405,.T.);
#3475=EDGE_CURVE('',#2821,#2819,#1570,.T.);
#3476=EDGE_CURVE('',#2822,#2822,#2406,.T.);
#3477=EDGE_CURVE('',#2823,#2823,#2407,.T.);
#3478=EDGE_CURVE('',#2824,#2824,#2408,.T.);
#3479=EDGE_CURVE('',#2825,#2825,#2409,.T.);
#3480=EDGE_CURVE('',#2821,#2826,#1571,.T.);
#3481=EDGE_CURVE('',#2826,#2826,#2410,.T.);
#3482=EDGE_CURVE('',#2827,#2827,#2411,.T.);
#3483=EDGE_CURVE('',#2828,#2828,#2412,.T.);
#3484=EDGE_CURVE('',#2828,#2827,#1572,.T.);
#3485=EDGE_CURVE('',#2829,#2829,#2413,.T.);
#3486=EDGE_CURVE('',#2830,#2830,#2414,.T.);
#3487=EDGE_CURVE('',#2830,#2829,#1573,.T.);
#3488=EDGE_CURVE('',#2825,#2831,#1574,.T.);
#3489=EDGE_CURVE('',#2831,#2831,#2415,.T.);
#3490=EDGE_CURVE('',#2824,#2832,#1575,.T.);
#3491=EDGE_CURVE('',#2832,#2832,#2416,.T.);
#3492=EDGE_CURVE('',#2823,#2833,#1576,.T.);
#3493=EDGE_CURVE('',#2833,#2833,#2417,.T.);
#3494=EDGE_CURVE('',#2822,#2834,#1577,.T.);
#3495=EDGE_CURVE('',#2834,#2834,#2418,.T.);
#3496=EDGE_CURVE('',#2835,#2835,#2419,.T.);
#3497=EDGE_CURVE('',#2835,#2836,#1578,.T.);
#3498=EDGE_CURVE('',#2836,#2836,#2420,.T.);
#3499=EDGE_CURVE('',#2837,#2837,#2421,.T.);
#3500=EDGE_CURVE('',#2837,#2838,#1579,.T.);
#3501=EDGE_CURVE('',#2838,#2838,#2422,.T.);
#3502=EDGE_CURVE('',#2839,#2839,#2423,.T.);
#3503=EDGE_CURVE('',#2839,#2840,#1580,.T.);
#3504=EDGE_CURVE('',#2840,#2840,#2424,.T.);
#3505=EDGE_CURVE('',#2841,#2841,#2425,.T.);
#3506=EDGE_CURVE('',#2841,#2842,#1581,.T.);
#3507=EDGE_CURVE('',#2842,#2842,#2426,.T.);
#3508=EDGE_CURVE('',#2843,#2843,#2427,.T.);
#3509=EDGE_CURVE('',#2843,#2844,#1582,.T.);
#3510=EDGE_CURVE('',#2844,#2844,#2428,.T.);
#3511=EDGE_CURVE('',#2845,#2845,#2429,.T.);
#3512=EDGE_CURVE('',#2845,#2846,#1583,.T.);
#3513=EDGE_CURVE('',#2846,#2846,#2430,.T.);
#3514=EDGE_CURVE('',#2847,#2847,#2431,.T.);
#3515=EDGE_CURVE('',#2847,#2848,#1584,.T.);
#3516=EDGE_CURVE('',#2848,#2848,#2432,.T.);
#3517=EDGE_CURVE('',#2849,#2849,#2433,.T.);
#3518=EDGE_CURVE('',#2849,#2850,#1585,.T.);
#3519=EDGE_CURVE('',#2850,#2850,#2434,.T.);
#3520=EDGE_CURVE('',#2851,#2852,#1586,.T.);
#3521=EDGE_CURVE('',#2852,#2853,#1587,.T.);
#3522=EDGE_CURVE('',#2854,#2853,#1588,.T.);
#3523=EDGE_CURVE('',#2851,#2854,#1589,.T.);
#3524=EDGE_CURVE('',#2851,#2855,#2435,.T.);
#3525=EDGE_CURVE('',#2856,#2854,#2436,.T.);
#3526=EDGE_CURVE('',#2855,#2856,#1590,.T.);
#3527=EDGE_CURVE('',#2857,#2855,#1591,.T.);
#3528=EDGE_CURVE('',#2858,#2856,#1592,.T.);
#3529=EDGE_CURVE('',#2857,#2858,#1593,.T.);
#3530=EDGE_CURVE('',#2859,#2857,#2437,.T.);
#3531=EDGE_CURVE('',#2860,#2858,#2438,.T.);
#3532=EDGE_CURVE('',#2859,#2860,#1594,.T.);
#3533=EDGE_CURVE('',#2861,#2859,#1595,.T.);
#3534=EDGE_CURVE('',#2862,#2860,#1596,.T.);
#3535=EDGE_CURVE('',#2861,#2862,#1597,.T.);
#3536=EDGE_CURVE('',#2863,#2861,#2439,.T.);
#3537=EDGE_CURVE('',#2864,#2862,#2440,.T.);
#3538=EDGE_CURVE('',#2863,#2864,#1598,.T.);
#3539=EDGE_CURVE('',#2863,#2865,#1599,.T.);
#3540=EDGE_CURVE('',#2866,#2864,#1600,.T.);
#3541=EDGE_CURVE('',#2865,#2866,#1601,.T.);
#3542=EDGE_CURVE('',#2865,#2867,#2441,.T.);
#3543=EDGE_CURVE('',#2868,#2866,#2442,.T.);
#3544=EDGE_CURVE('',#2867,#2868,#1602,.T.);
#3545=EDGE_CURVE('',#2867,#2869,#1603,.T.);
#3546=EDGE_CURVE('',#2870,#2868,#1604,.T.);
#3547=EDGE_CURVE('',#2869,#2870,#1605,.T.);
#3548=EDGE_CURVE('',#2871,#2869,#2443,.T.);
#3549=EDGE_CURVE('',#2872,#2870,#2444,.T.);
#3550=EDGE_CURVE('',#2871,#2872,#1606,.T.);
#3551=EDGE_CURVE('',#2871,#2873,#1607,.T.);
#3552=EDGE_CURVE('',#2874,#2872,#1608,.T.);
#3553=EDGE_CURVE('',#2873,#2874,#1609,.T.);
#3554=EDGE_CURVE('',#2875,#2873,#2445,.T.);
#3555=EDGE_CURVE('',#2876,#2874,#2446,.T.);
#3556=EDGE_CURVE('',#2875,#2876,#1610,.T.);
#3557=EDGE_CURVE('',#2875,#2877,#1611,.T.);
#3558=EDGE_CURVE('',#2878,#2876,#1612,.T.);
#3559=EDGE_CURVE('',#2877,#2878,#1613,.T.);
#3560=EDGE_CURVE('',#2877,#2879,#2447,.T.);
#3561=EDGE_CURVE('',#2880,#2878,#2448,.T.);
#3562=EDGE_CURVE('',#2879,#2880,#1614,.T.);
#3563=EDGE_CURVE('',#2881,#2879,#1615,.T.);
#3564=EDGE_CURVE('',#2882,#2880,#1616,.T.);
#3565=EDGE_CURVE('',#2881,#2882,#1617,.T.);
#3566=EDGE_CURVE('',#2883,#2881,#2449,.T.);
#3567=EDGE_CURVE('',#2884,#2882,#2450,.T.);
#3568=EDGE_CURVE('',#2883,#2884,#1618,.T.);
#3569=EDGE_CURVE('',#2885,#2883,#1619,.T.);
#3570=EDGE_CURVE('',#2886,#2884,#1620,.T.);
#3571=EDGE_CURVE('',#2885,#2886,#1621,.T.);
#3572=EDGE_CURVE('',#2887,#2885,#2451,.T.);
#3573=EDGE_CURVE('',#2888,#2886,#2452,.T.);
#3574=EDGE_CURVE('',#2887,#2888,#1622,.T.);
#3575=EDGE_CURVE('',#2889,#2887,#1623,.T.);
#3576=EDGE_CURVE('',#2890,#2888,#1624,.T.);
#3577=EDGE_CURVE('',#2889,#2890,#1625,.T.);
#3578=EDGE_CURVE('',#2889,#2891,#2453,.T.);
#3579=EDGE_CURVE('',#2892,#2890,#2454,.T.);
#3580=EDGE_CURVE('',#2891,#2892,#1626,.T.);
#3581=EDGE_CURVE('',#2893,#2891,#1627,.T.);
#3582=EDGE_CURVE('',#2894,#2892,#1628,.T.);
#3583=EDGE_CURVE('',#2893,#2894,#1629,.T.);
#3584=EDGE_CURVE('',#2895,#2893,#2455,.T.);
#3585=EDGE_CURVE('',#2896,#2894,#2456,.T.);
#3586=EDGE_CURVE('',#2895,#2896,#1630,.T.);
#3587=EDGE_CURVE('',#2895,#2897,#1631,.T.);
#3588=EDGE_CURVE('',#2898,#2896,#1632,.T.);
#3589=EDGE_CURVE('',#2897,#2898,#1633,.T.);
#3590=EDGE_CURVE('',#2852,#2897,#2457,.T.);
#3591=EDGE_CURVE('',#2853,#2898,#2458,.T.);
#3592=EDGE_CURVE('',#2899,#2899,#2459,.T.);
#3593=EDGE_CURVE('',#2899,#2900,#1634,.T.);
#3594=EDGE_CURVE('',#2900,#2900,#2460,.T.);
#3595=EDGE_CURVE('',#2901,#2901,#2461,.T.);
#3596=EDGE_CURVE('',#2901,#2902,#1635,.T.);
#3597=EDGE_CURVE('',#2902,#2902,#2462,.T.);
#3598=EDGE_CURVE('',#2903,#2903,#2463,.T.);
#3599=EDGE_CURVE('',#2903,#2904,#1636,.T.);
#3600=EDGE_CURVE('',#2904,#2904,#2464,.T.);
#3601=EDGE_CURVE('',#2905,#2905,#2465,.T.);
#3602=EDGE_CURVE('',#2905,#2906,#1637,.T.);
#3603=EDGE_CURVE('',#2906,#2906,#2466,.T.);
#3604=EDGE_CURVE('',#2907,#2907,#2467,.T.);
#3605=EDGE_CURVE('',#2907,#2908,#1638,.T.);
#3606=EDGE_CURVE('',#2908,#2908,#2468,.T.);
#3607=EDGE_CURVE('',#2909,#2909,#2469,.T.);
#3608=EDGE_CURVE('',#2909,#2910,#1639,.T.);
#3609=EDGE_CURVE('',#2910,#2910,#2470,.T.);
#3610=EDGE_CURVE('',#2911,#2911,#2471,.T.);
#3611=EDGE_CURVE('',#2911,#2912,#1640,.T.);
#3612=EDGE_CURVE('',#2912,#2912,#2472,.T.);
#3613=EDGE_CURVE('',#2913,#2914,#1641,.T.);
#3614=EDGE_CURVE('',#2913,#2915,#1642,.T.);
#3615=EDGE_CURVE('',#2916,#2915,#1643,.T.);
#3616=EDGE_CURVE('',#2914,#2916,#1644,.T.);
#3617=EDGE_CURVE('',#2914,#2917,#1645,.T.);
#3618=EDGE_CURVE('',#2918,#2916,#1646,.T.);
#3619=EDGE_CURVE('',#2917,#2918,#1647,.T.);
#3620=EDGE_CURVE('',#2917,#2919,#1648,.T.);
#3621=EDGE_CURVE('',#2920,#2918,#1649,.T.);
#3622=EDGE_CURVE('',#2919,#2920,#1650,.T.);
#3623=EDGE_CURVE('',#2919,#2921,#1651,.T.);
#3624=EDGE_CURVE('',#2922,#2920,#1652,.T.);
#3625=EDGE_CURVE('',#2921,#2922,#1653,.T.);
#3626=EDGE_CURVE('',#2921,#2923,#1654,.T.);
#3627=EDGE_CURVE('',#2924,#2922,#1655,.T.);
#3628=EDGE_CURVE('',#2923,#2924,#1656,.T.);
#3629=EDGE_CURVE('',#2923,#2925,#1657,.T.);
#3630=EDGE_CURVE('',#2926,#2924,#1658,.T.);
#3631=EDGE_CURVE('',#2925,#2926,#1659,.T.);
#3632=EDGE_CURVE('',#2925,#2927,#1660,.T.);
#3633=EDGE_CURVE('',#2928,#2926,#1661,.T.);
#3634=EDGE_CURVE('',#2927,#2928,#1662,.T.);
#3635=EDGE_CURVE('',#2913,#2927,#1663,.T.);
#3636=EDGE_CURVE('',#2915,#2928,#1664,.T.);
#3637=EDGE_CURVE('',#2929,#2929,#2473,.T.);
#3638=EDGE_CURVE('',#2930,#2930,#2474,.T.);
#3639=EDGE_CURVE('',#2931,#2931,#2475,.T.);
#3640=EDGE_CURVE('',#2931,#2932,#1665,.T.);
#3641=EDGE_CURVE('',#2932,#2932,#2476,.T.);
#3642=EDGE_CURVE('',#2930,#2933,#1666,.T.);
#3643=EDGE_CURVE('',#2933,#2933,#2477,.T.);
#3644=EDGE_CURVE('',#2929,#2934,#1667,.T.);
#3645=EDGE_CURVE('',#2934,#2934,#2478,.T.);
#3646=EDGE_CURVE('',#2935,#2935,#2479,.T.);
#3647=EDGE_CURVE('',#2936,#2936,#2480,.T.);
#3648=EDGE_CURVE('',#2936,#2935,#1668,.T.);
#3649=EDGE_CURVE('',#2937,#2938,#2481,.T.);
#3650=EDGE_CURVE('',#2939,#2937,#1669,.T.);
#3651=EDGE_CURVE('',#2940,#2939,#2482,.T.);
#3652=EDGE_CURVE('',#2941,#2940,#1670,.T.);
#3653=EDGE_CURVE('',#2942,#2941,#2483,.T.);
#3654=EDGE_CURVE('',#2938,#2942,#1671,.T.);
#3655=EDGE_CURVE('',#2943,#2943,#2484,.T.);
#3656=EDGE_CURVE('',#2939,#2944,#1672,.T.);
#3657=EDGE_CURVE('',#2944,#2945,#2485,.T.);
#3658=EDGE_CURVE('',#2945,#2940,#1673,.T.);
#3659=EDGE_CURVE('',#2946,#2937,#1674,.T.);
#3660=EDGE_CURVE('',#2944,#2946,#1675,.T.);
#3661=EDGE_CURVE('',#2938,#2947,#1676,.T.);
#3662=EDGE_CURVE('',#2947,#2946,#2486,.T.);
#3663=EDGE_CURVE('',#2948,#2949,#2487,.T.);
#3664=EDGE_CURVE('',#2950,#2948,#1677,.T.);
#3665=EDGE_CURVE('',#2951,#2950,#2488,.T.);
#3666=EDGE_CURVE('',#2952,#2951,#1678,.T.);
#3667=EDGE_CURVE('',#2953,#2952,#2489,.T.);
#3668=EDGE_CURVE('',#2949,#2953,#1679,.T.);
#3669=EDGE_CURVE('',#2954,#2954,#2490,.T.);
#3670=EDGE_CURVE('',#2955,#2948,#1680,.T.);
#3671=EDGE_CURVE('',#2956,#2955,#1681,.T.);
#3672=EDGE_CURVE('',#2950,#2956,#1682,.T.);
#3673=EDGE_CURVE('',#2949,#2957,#1683,.T.);
#3674=EDGE_CURVE('',#2957,#2955,#2491,.T.);
#3675=EDGE_CURVE('',#2958,#2953,#1684,.T.);
#3676=EDGE_CURVE('',#2958,#2957,#1685,.T.);
#3677=EDGE_CURVE('',#2959,#2960,#2492,.T.);
#3678=EDGE_CURVE('',#2960,#2961,#1686,.T.);
#3679=EDGE_CURVE('',#2961,#2962,#2493,.T.);
#3680=EDGE_CURVE('',#2962,#2959,#1687,.T.);
#3681=EDGE_CURVE('',#2960,#2963,#1688,.T.);
#3682=EDGE_CURVE('',#2964,#2963,#1689,.T.);
#3683=EDGE_CURVE('',#2961,#2964,#1690,.T.);
#3684=EDGE_CURVE('',#2952,#2965,#1691,.T.);
#3685=EDGE_CURVE('',#2965,#2958,#2494,.T.);
#3686=EDGE_CURVE('',#2966,#2967,#2495,.T.);
#3687=EDGE_CURVE('',#2967,#2968,#1692,.T.);
#3688=EDGE_CURVE('',#2968,#2969,#2496,.T.);
#3689=EDGE_CURVE('',#2969,#2966,#1693,.T.);
#3690=EDGE_CURVE('',#2967,#2970,#1694,.T.);
#3691=EDGE_CURVE('',#2971,#2970,#1695,.T.);
#3692=EDGE_CURVE('',#2968,#2971,#1696,.T.);
#3693=EDGE_CURVE('',#2956,#2972,#2497,.T.);
#3694=EDGE_CURVE('',#2972,#2951,#1697,.T.);
#3695=EDGE_CURVE('',#2941,#2973,#1698,.T.);
#3696=EDGE_CURVE('',#2973,#2974,#2498,.T.);
#3697=EDGE_CURVE('',#2974,#2942,#1699,.T.);
#3698=EDGE_CURVE('',#2974,#2947,#1700,.T.);
#3699=EDGE_CURVE('',#2975,#2976,#2499,.T.);
#3700=EDGE_CURVE('',#2976,#2977,#1701,.T.);
#3701=EDGE_CURVE('',#2977,#2978,#2500,.T.);
#3702=EDGE_CURVE('',#2978,#2975,#1702,.T.);
#3703=EDGE_CURVE('',#2976,#2979,#1703,.T.);
#3704=EDGE_CURVE('',#2980,#2979,#1704,.T.);
#3705=EDGE_CURVE('',#2977,#2980,#1705,.T.);
#3706=EDGE_CURVE('',#2981,#2982,#2501,.T.);
#3707=EDGE_CURVE('',#2982,#2983,#1706,.T.);
#3708=EDGE_CURVE('',#2983,#2984,#2502,.T.);
#3709=EDGE_CURVE('',#2984,#2981,#1707,.T.);
#3710=EDGE_CURVE('',#2982,#2985,#1708,.T.);
#3711=EDGE_CURVE('',#2986,#2985,#1709,.T.);
#3712=EDGE_CURVE('',#2983,#2986,#1710,.T.);
#3713=EDGE_CURVE('',#2970,#2964,#2503,.T.);
#3714=EDGE_CURVE('',#2962,#2966,#1711,.T.);
#3715=EDGE_CURVE('',#2987,#2987,#2504,.T.);
#3716=EDGE_CURVE('',#2963,#2971,#2505,.T.);
#3717=EDGE_CURVE('',#2979,#2986,#2506,.T.);
#3718=EDGE_CURVE('',#2984,#2975,#1712,.T.);
#3719=EDGE_CURVE('',#2988,#2988,#2507,.T.);
#3720=EDGE_CURVE('',#2985,#2980,#2508,.T.);
#3721=EDGE_CURVE('',#2945,#2973,#1713,.T.);
#3722=EDGE_CURVE('',#2989,#2989,#2509,.T.);
#3723=EDGE_CURVE('',#2988,#2990,#1714,.T.);
#3724=EDGE_CURVE('',#2990,#2990,#2510,.T.);
#3725=EDGE_CURVE('',#2987,#2991,#1715,.T.);
#3726=EDGE_CURVE('',#2991,#2991,#2511,.T.);
#3727=EDGE_CURVE('',#2989,#2943,#1716,.T.);
#3728=EDGE_CURVE('',#2954,#2992,#1717,.T.);
#3729=EDGE_CURVE('',#2992,#2992,#2512,.T.);
#3730=EDGE_CURVE('',#2972,#2965,#1718,.T.);
#3731=EDGE_CURVE('',#2969,#2959,#1719,.T.);
#3732=EDGE_CURVE('',#2978,#2981,#1720,.T.);
#3733=EDGE_CURVE('',#2993,#2994,#1721,.T.);
#3734=EDGE_CURVE('',#2993,#2995,#1722,.T.);
#3735=EDGE_CURVE('',#2996,#2995,#1723,.T.);
#3736=EDGE_CURVE('',#2994,#2996,#1724,.T.);
#3737=EDGE_CURVE('',#2994,#2997,#1725,.T.);
#3738=EDGE_CURVE('',#2998,#2996,#1726,.T.);
#3739=EDGE_CURVE('',#2997,#2998,#1727,.T.);
#3740=EDGE_CURVE('',#2997,#2999,#1728,.T.);
#3741=EDGE_CURVE('',#3000,#2998,#1729,.T.);
#3742=EDGE_CURVE('',#2999,#3000,#1730,.T.);
#3743=EDGE_CURVE('',#2999,#2993,#1731,.T.);
#3744=EDGE_CURVE('',#2995,#3000,#1732,.T.);
#3745=EDGE_CURVE('',#3001,#3002,#1733,.T.);
#3746=EDGE_CURVE('',#3001,#3003,#1734,.T.);
#3747=EDGE_CURVE('',#3004,#3003,#1735,.T.);
#3748=EDGE_CURVE('',#3002,#3004,#1736,.T.);
#3749=EDGE_CURVE('',#3002,#3005,#1737,.T.);
#3750=EDGE_CURVE('',#3006,#3004,#1738,.T.);
#3751=EDGE_CURVE('',#3005,#3006,#1739,.T.);
#3752=EDGE_CURVE('',#3005,#3007,#1740,.T.);
#3753=EDGE_CURVE('',#3008,#3006,#1741,.T.);
#3754=EDGE_CURVE('',#3007,#3008,#1742,.T.);
#3755=EDGE_CURVE('',#3007,#3001,#1743,.T.);
#3756=EDGE_CURVE('',#3003,#3008,#1744,.T.);
#3757=EDGE_CURVE('',#3009,#3009,#2513,.T.);
#3758=EDGE_CURVE('',#3009,#3010,#1745,.T.);
#3759=EDGE_CURVE('',#3010,#3010,#2514,.T.);
#3760=EDGE_CURVE('',#3011,#3011,#2515,.T.);
#3761=EDGE_CURVE('',#3011,#3012,#1746,.T.);
#3762=EDGE_CURVE('',#3012,#3012,#2516,.T.);
#3763=EDGE_CURVE('',#3013,#3013,#2517,.T.);
#3764=EDGE_CURVE('',#3013,#3014,#1747,.T.);
#3765=EDGE_CURVE('',#3014,#3014,#2518,.T.);
#3766=EDGE_CURVE('',#3015,#3015,#2519,.T.);
#3767=EDGE_CURVE('',#3015,#3016,#1748,.T.);
#3768=EDGE_CURVE('',#3016,#3016,#2520,.T.);
#3769=EDGE_CURVE('',#3017,#3018,#1749,.T.);
#3770=EDGE_CURVE('',#3017,#3019,#1750,.T.);
#3771=EDGE_CURVE('',#3020,#3019,#1751,.T.);
#3772=EDGE_CURVE('',#3018,#3020,#1752,.T.);
#3773=EDGE_CURVE('',#3018,#3021,#2521,.T.);
#3774=EDGE_CURVE('',#3022,#3020,#2522,.T.);
#3775=EDGE_CURVE('',#3021,#3022,#1753,.T.);
#3776=EDGE_CURVE('',#3023,#3021,#1754,.T.);
#3777=EDGE_CURVE('',#3024,#3022,#1755,.T.);
#3778=EDGE_CURVE('',#3023,#3024,#1756,.T.);
#3779=EDGE_CURVE('',#3025,#3023,#1757,.T.);
#3780=EDGE_CURVE('',#3026,#3024,#1758,.T.);
#3781=EDGE_CURVE('',#3025,#3026,#1759,.T.);
#3782=EDGE_CURVE('',#3027,#3025,#1760,.T.);
#3783=EDGE_CURVE('',#3028,#3026,#1761,.T.);
#3784=EDGE_CURVE('',#3027,#3028,#1762,.T.);
#3785=EDGE_CURVE('',#3017,#3027,#1763,.T.);
#3786=EDGE_CURVE('',#3019,#3028,#1764,.T.);
#3787=ORIENTED_EDGE('',*,*,#3029,.F.);
#3788=ORIENTED_EDGE('',*,*,#3030,.T.);
#3789=ORIENTED_EDGE('',*,*,#3031,.T.);
#3790=ORIENTED_EDGE('',*,*,#3030,.F.);
#3791=ORIENTED_EDGE('',*,*,#3032,.F.);
#3792=ORIENTED_EDGE('',*,*,#3033,.T.);
#3793=ORIENTED_EDGE('',*,*,#3034,.T.);
#3794=ORIENTED_EDGE('',*,*,#3033,.F.);
#3795=ORIENTED_EDGE('',*,*,#3035,.F.);
#3796=ORIENTED_EDGE('',*,*,#3036,.T.);
#3797=ORIENTED_EDGE('',*,*,#3037,.T.);
#3798=ORIENTED_EDGE('',*,*,#3036,.F.);
#3799=ORIENTED_EDGE('',*,*,#3038,.F.);
#3800=ORIENTED_EDGE('',*,*,#3039,.T.);
#3801=ORIENTED_EDGE('',*,*,#3040,.T.);
#3802=ORIENTED_EDGE('',*,*,#3039,.F.);
#3803=ORIENTED_EDGE('',*,*,#3041,.F.);
#3804=ORIENTED_EDGE('',*,*,#3042,.T.);
#3805=ORIENTED_EDGE('',*,*,#3043,.T.);
#3806=ORIENTED_EDGE('',*,*,#3042,.F.);
#3807=ORIENTED_EDGE('',*,*,#3044,.F.);
#3808=ORIENTED_EDGE('',*,*,#3045,.T.);
#3809=ORIENTED_EDGE('',*,*,#3046,.T.);
#3810=ORIENTED_EDGE('',*,*,#3045,.F.);
#3811=ORIENTED_EDGE('',*,*,#3047,.F.);
#3812=ORIENTED_EDGE('',*,*,#3048,.T.);
#3813=ORIENTED_EDGE('',*,*,#3049,.T.);
#3814=ORIENTED_EDGE('',*,*,#3048,.F.);
#3815=ORIENTED_EDGE('',*,*,#3050,.F.);
#3816=ORIENTED_EDGE('',*,*,#3051,.T.);
#3817=ORIENTED_EDGE('',*,*,#3052,.T.);
#3818=ORIENTED_EDGE('',*,*,#3051,.F.);
#3819=ORIENTED_EDGE('',*,*,#3053,.F.);
#3820=ORIENTED_EDGE('',*,*,#3054,.T.);
#3821=ORIENTED_EDGE('',*,*,#3055,.T.);
#3822=ORIENTED_EDGE('',*,*,#3054,.F.);
#3823=ORIENTED_EDGE('',*,*,#3056,.F.);
#3824=ORIENTED_EDGE('',*,*,#3057,.T.);
#3825=ORIENTED_EDGE('',*,*,#3058,.T.);
#3826=ORIENTED_EDGE('',*,*,#3057,.F.);
#3827=ORIENTED_EDGE('',*,*,#3059,.F.);
#3828=ORIENTED_EDGE('',*,*,#3060,.T.);
#3829=ORIENTED_EDGE('',*,*,#3061,.T.);
#3830=ORIENTED_EDGE('',*,*,#3060,.F.);
#3831=ORIENTED_EDGE('',*,*,#3062,.F.);
#3832=ORIENTED_EDGE('',*,*,#3063,.T.);
#3833=ORIENTED_EDGE('',*,*,#3064,.T.);
#3834=ORIENTED_EDGE('',*,*,#3063,.F.);
#3835=ORIENTED_EDGE('',*,*,#3065,.F.);
#3836=ORIENTED_EDGE('',*,*,#3066,.T.);
#3837=ORIENTED_EDGE('',*,*,#3067,.T.);
#3838=ORIENTED_EDGE('',*,*,#3066,.F.);
#3839=ORIENTED_EDGE('',*,*,#3068,.F.);
#3840=ORIENTED_EDGE('',*,*,#3069,.T.);
#3841=ORIENTED_EDGE('',*,*,#3070,.T.);
#3842=ORIENTED_EDGE('',*,*,#3069,.F.);
#3843=ORIENTED_EDGE('',*,*,#3071,.F.);
#3844=ORIENTED_EDGE('',*,*,#3072,.T.);
#3845=ORIENTED_EDGE('',*,*,#3073,.T.);
#3846=ORIENTED_EDGE('',*,*,#3072,.F.);
#3847=ORIENTED_EDGE('',*,*,#3074,.F.);
#3848=ORIENTED_EDGE('',*,*,#3075,.T.);
#3849=ORIENTED_EDGE('',*,*,#3076,.T.);
#3850=ORIENTED_EDGE('',*,*,#3075,.F.);
#3851=ORIENTED_EDGE('',*,*,#3077,.F.);
#3852=ORIENTED_EDGE('',*,*,#3078,.T.);
#3853=ORIENTED_EDGE('',*,*,#3079,.T.);
#3854=ORIENTED_EDGE('',*,*,#3078,.F.);
#3855=ORIENTED_EDGE('',*,*,#3080,.F.);
#3856=ORIENTED_EDGE('',*,*,#3081,.T.);
#3857=ORIENTED_EDGE('',*,*,#3082,.T.);
#3858=ORIENTED_EDGE('',*,*,#3081,.F.);
#3859=ORIENTED_EDGE('',*,*,#3083,.F.);
#3860=ORIENTED_EDGE('',*,*,#3084,.T.);
#3861=ORIENTED_EDGE('',*,*,#3085,.T.);
#3862=ORIENTED_EDGE('',*,*,#3084,.F.);
#3863=ORIENTED_EDGE('',*,*,#3086,.F.);
#3864=ORIENTED_EDGE('',*,*,#3087,.T.);
#3865=ORIENTED_EDGE('',*,*,#3088,.F.);
#3866=ORIENTED_EDGE('',*,*,#3089,.F.);
#3867=ORIENTED_EDGE('',*,*,#3090,.F.);
#3868=ORIENTED_EDGE('',*,*,#3089,.T.);
#3869=ORIENTED_EDGE('',*,*,#3091,.F.);
#3870=ORIENTED_EDGE('',*,*,#3092,.F.);
#3871=ORIENTED_EDGE('',*,*,#3093,.F.);
#3872=ORIENTED_EDGE('',*,*,#3092,.T.);
#3873=ORIENTED_EDGE('',*,*,#3094,.F.);
#3874=ORIENTED_EDGE('',*,*,#3095,.F.);
#3875=ORIENTED_EDGE('',*,*,#3096,.T.);
#3876=ORIENTED_EDGE('',*,*,#3095,.T.);
#3877=ORIENTED_EDGE('',*,*,#3097,.F.);
#3878=ORIENTED_EDGE('',*,*,#3098,.F.);
#3879=ORIENTED_EDGE('',*,*,#3099,.T.);
#3880=ORIENTED_EDGE('',*,*,#3098,.T.);
#3881=ORIENTED_EDGE('',*,*,#3100,.F.);
#3882=ORIENTED_EDGE('',*,*,#3101,.F.);
#3883=ORIENTED_EDGE('',*,*,#3102,.T.);
#3884=ORIENTED_EDGE('',*,*,#3101,.T.);
#3885=ORIENTED_EDGE('',*,*,#3103,.F.);
#3886=ORIENTED_EDGE('',*,*,#3104,.F.);
#3887=ORIENTED_EDGE('',*,*,#3105,.T.);
#3888=ORIENTED_EDGE('',*,*,#3104,.T.);
#3889=ORIENTED_EDGE('',*,*,#3106,.F.);
#3890=ORIENTED_EDGE('',*,*,#3107,.F.);
#3891=ORIENTED_EDGE('',*,*,#3108,.T.);
#3892=ORIENTED_EDGE('',*,*,#3107,.T.);
#3893=ORIENTED_EDGE('',*,*,#3109,.F.);
#3894=ORIENTED_EDGE('',*,*,#3110,.F.);
#3895=ORIENTED_EDGE('',*,*,#3111,.T.);
#3896=ORIENTED_EDGE('',*,*,#3110,.T.);
#3897=ORIENTED_EDGE('',*,*,#3112,.F.);
#3898=ORIENTED_EDGE('',*,*,#3113,.F.);
#3899=ORIENTED_EDGE('',*,*,#3114,.T.);
#3900=ORIENTED_EDGE('',*,*,#3113,.T.);
#3901=ORIENTED_EDGE('',*,*,#3115,.F.);
#3902=ORIENTED_EDGE('',*,*,#3116,.F.);
#3903=ORIENTED_EDGE('',*,*,#3117,.T.);
#3904=ORIENTED_EDGE('',*,*,#3116,.T.);
#3905=ORIENTED_EDGE('',*,*,#3118,.F.);
#3906=ORIENTED_EDGE('',*,*,#3119,.F.);
#3907=ORIENTED_EDGE('',*,*,#3120,.T.);
#3908=ORIENTED_EDGE('',*,*,#3119,.T.);
#3909=ORIENTED_EDGE('',*,*,#3121,.F.);
#3910=ORIENTED_EDGE('',*,*,#3087,.F.);
#3911=ORIENTED_EDGE('',*,*,#3121,.T.);
#3912=ORIENTED_EDGE('',*,*,#3118,.T.);
#3913=ORIENTED_EDGE('',*,*,#3115,.T.);
#3914=ORIENTED_EDGE('',*,*,#3112,.T.);
#3915=ORIENTED_EDGE('',*,*,#3109,.T.);
#3916=ORIENTED_EDGE('',*,*,#3106,.T.);
#3917=ORIENTED_EDGE('',*,*,#3103,.T.);
#3918=ORIENTED_EDGE('',*,*,#3100,.T.);
#3919=ORIENTED_EDGE('',*,*,#3097,.T.);
#3920=ORIENTED_EDGE('',*,*,#3094,.T.);
#3921=ORIENTED_EDGE('',*,*,#3091,.T.);
#3922=ORIENTED_EDGE('',*,*,#3088,.T.);
#3923=ORIENTED_EDGE('',*,*,#3083,.T.);
#3924=ORIENTED_EDGE('',*,*,#3080,.T.);
#3925=ORIENTED_EDGE('',*,*,#3077,.T.);
#3926=ORIENTED_EDGE('',*,*,#3074,.T.);
#3927=ORIENTED_EDGE('',*,*,#3071,.T.);
#3928=ORIENTED_EDGE('',*,*,#3068,.T.);
#3929=ORIENTED_EDGE('',*,*,#3065,.T.);
#3930=ORIENTED_EDGE('',*,*,#3062,.T.);
#3931=ORIENTED_EDGE('',*,*,#3059,.T.);
#3932=ORIENTED_EDGE('',*,*,#3056,.T.);
#3933=ORIENTED_EDGE('',*,*,#3053,.T.);
#3934=ORIENTED_EDGE('',*,*,#3050,.T.);
#3935=ORIENTED_EDGE('',*,*,#3047,.T.);
#3936=ORIENTED_EDGE('',*,*,#3044,.T.);
#3937=ORIENTED_EDGE('',*,*,#3041,.T.);
#3938=ORIENTED_EDGE('',*,*,#3038,.T.);
#3939=ORIENTED_EDGE('',*,*,#3035,.T.);
#3940=ORIENTED_EDGE('',*,*,#3032,.T.);
#3941=ORIENTED_EDGE('',*,*,#3029,.T.);
#3942=ORIENTED_EDGE('',*,*,#3120,.F.);
#3943=ORIENTED_EDGE('',*,*,#3086,.T.);
#3944=ORIENTED_EDGE('',*,*,#3090,.T.);
#3945=ORIENTED_EDGE('',*,*,#3093,.T.);
#3946=ORIENTED_EDGE('',*,*,#3096,.F.);
#3947=ORIENTED_EDGE('',*,*,#3099,.F.);
#3948=ORIENTED_EDGE('',*,*,#3102,.F.);
#3949=ORIENTED_EDGE('',*,*,#3105,.F.);
#3950=ORIENTED_EDGE('',*,*,#3108,.F.);
#3951=ORIENTED_EDGE('',*,*,#3111,.F.);
#3952=ORIENTED_EDGE('',*,*,#3114,.F.);
#3953=ORIENTED_EDGE('',*,*,#3117,.F.);
#3954=ORIENTED_EDGE('',*,*,#3085,.F.);
#3955=ORIENTED_EDGE('',*,*,#3082,.F.);
#3956=ORIENTED_EDGE('',*,*,#3079,.F.);
#3957=ORIENTED_EDGE('',*,*,#3076,.F.);
#3958=ORIENTED_EDGE('',*,*,#3073,.F.);
#3959=ORIENTED_EDGE('',*,*,#3070,.F.);
#3960=ORIENTED_EDGE('',*,*,#3067,.F.);
#3961=ORIENTED_EDGE('',*,*,#3064,.F.);
#3962=ORIENTED_EDGE('',*,*,#3061,.F.);
#3963=ORIENTED_EDGE('',*,*,#3058,.F.);
#3964=ORIENTED_EDGE('',*,*,#3055,.F.);
#3965=ORIENTED_EDGE('',*,*,#3052,.F.);
#3966=ORIENTED_EDGE('',*,*,#3049,.F.);
#3967=ORIENTED_EDGE('',*,*,#3046,.F.);
#3968=ORIENTED_EDGE('',*,*,#3043,.F.);
#3969=ORIENTED_EDGE('',*,*,#3040,.F.);
#3970=ORIENTED_EDGE('',*,*,#3037,.F.);
#3971=ORIENTED_EDGE('',*,*,#3034,.F.);
#3972=ORIENTED_EDGE('',*,*,#3031,.F.);
#3973=ORIENTED_EDGE('',*,*,#3122,.F.);
#3974=ORIENTED_EDGE('',*,*,#3123,.T.);
#3975=ORIENTED_EDGE('',*,*,#3124,.T.);
#3976=ORIENTED_EDGE('',*,*,#3123,.F.);
#3977=ORIENTED_EDGE('',*,*,#3125,.F.);
#3978=ORIENTED_EDGE('',*,*,#3126,.T.);
#3979=ORIENTED_EDGE('',*,*,#3127,.T.);
#3980=ORIENTED_EDGE('',*,*,#3126,.F.);
#3981=ORIENTED_EDGE('',*,*,#3128,.F.);
#3982=ORIENTED_EDGE('',*,*,#3129,.T.);
#3983=ORIENTED_EDGE('',*,*,#3130,.T.);
#3984=ORIENTED_EDGE('',*,*,#3129,.F.);
#3985=ORIENTED_EDGE('',*,*,#3131,.F.);
#3986=ORIENTED_EDGE('',*,*,#3132,.T.);
#3987=ORIENTED_EDGE('',*,*,#3133,.T.);
#3988=ORIENTED_EDGE('',*,*,#3132,.F.);
#3989=ORIENTED_EDGE('',*,*,#3134,.F.);
#3990=ORIENTED_EDGE('',*,*,#3135,.T.);
#3991=ORIENTED_EDGE('',*,*,#3136,.T.);
#3992=ORIENTED_EDGE('',*,*,#3135,.F.);
#3993=ORIENTED_EDGE('',*,*,#3137,.F.);
#3994=ORIENTED_EDGE('',*,*,#3138,.T.);
#3995=ORIENTED_EDGE('',*,*,#3139,.T.);
#3996=ORIENTED_EDGE('',*,*,#3138,.F.);
#3997=ORIENTED_EDGE('',*,*,#3140,.F.);
#3998=ORIENTED_EDGE('',*,*,#3141,.T.);
#3999=ORIENTED_EDGE('',*,*,#3142,.T.);
#4000=ORIENTED_EDGE('',*,*,#3141,.F.);
#4001=ORIENTED_EDGE('',*,*,#3143,.F.);
#4002=ORIENTED_EDGE('',*,*,#3144,.T.);
#4003=ORIENTED_EDGE('',*,*,#3145,.T.);
#4004=ORIENTED_EDGE('',*,*,#3144,.F.);
#4005=ORIENTED_EDGE('',*,*,#3146,.F.);
#4006=ORIENTED_EDGE('',*,*,#3147,.T.);
#4007=ORIENTED_EDGE('',*,*,#3148,.T.);
#4008=ORIENTED_EDGE('',*,*,#3147,.F.);
#4009=ORIENTED_EDGE('',*,*,#3149,.F.);
#4010=ORIENTED_EDGE('',*,*,#3150,.T.);
#4011=ORIENTED_EDGE('',*,*,#3151,.T.);
#4012=ORIENTED_EDGE('',*,*,#3150,.F.);
#4013=ORIENTED_EDGE('',*,*,#3152,.F.);
#4014=ORIENTED_EDGE('',*,*,#3153,.T.);
#4015=ORIENTED_EDGE('',*,*,#3154,.T.);
#4016=ORIENTED_EDGE('',*,*,#3153,.F.);
#4017=ORIENTED_EDGE('',*,*,#3155,.F.);
#4018=ORIENTED_EDGE('',*,*,#3156,.T.);
#4019=ORIENTED_EDGE('',*,*,#3157,.T.);
#4020=ORIENTED_EDGE('',*,*,#3156,.F.);
#4021=ORIENTED_EDGE('',*,*,#3158,.F.);
#4022=ORIENTED_EDGE('',*,*,#3159,.T.);
#4023=ORIENTED_EDGE('',*,*,#3160,.T.);
#4024=ORIENTED_EDGE('',*,*,#3159,.F.);
#4025=ORIENTED_EDGE('',*,*,#3161,.F.);
#4026=ORIENTED_EDGE('',*,*,#3162,.T.);
#4027=ORIENTED_EDGE('',*,*,#3163,.T.);
#4028=ORIENTED_EDGE('',*,*,#3162,.F.);
#4029=ORIENTED_EDGE('',*,*,#3164,.F.);
#4030=ORIENTED_EDGE('',*,*,#3165,.T.);
#4031=ORIENTED_EDGE('',*,*,#3166,.T.);
#4032=ORIENTED_EDGE('',*,*,#3165,.F.);
#4033=ORIENTED_EDGE('',*,*,#3167,.F.);
#4034=ORIENTED_EDGE('',*,*,#3168,.T.);
#4035=ORIENTED_EDGE('',*,*,#3169,.T.);
#4036=ORIENTED_EDGE('',*,*,#3168,.F.);
#4037=ORIENTED_EDGE('',*,*,#3170,.F.);
#4038=ORIENTED_EDGE('',*,*,#3171,.T.);
#4039=ORIENTED_EDGE('',*,*,#3172,.T.);
#4040=ORIENTED_EDGE('',*,*,#3171,.F.);
#4041=ORIENTED_EDGE('',*,*,#3173,.F.);
#4042=ORIENTED_EDGE('',*,*,#3174,.T.);
#4043=ORIENTED_EDGE('',*,*,#3175,.T.);
#4044=ORIENTED_EDGE('',*,*,#3174,.F.);
#4045=ORIENTED_EDGE('',*,*,#3176,.F.);
#4046=ORIENTED_EDGE('',*,*,#3177,.T.);
#4047=ORIENTED_EDGE('',*,*,#3178,.T.);
#4048=ORIENTED_EDGE('',*,*,#3177,.F.);
#4049=ORIENTED_EDGE('',*,*,#3179,.F.);
#4050=ORIENTED_EDGE('',*,*,#3180,.T.);
#4051=ORIENTED_EDGE('',*,*,#3181,.T.);
#4052=ORIENTED_EDGE('',*,*,#3180,.F.);
#4053=ORIENTED_EDGE('',*,*,#3182,.F.);
#4054=ORIENTED_EDGE('',*,*,#3183,.T.);
#4055=ORIENTED_EDGE('',*,*,#3184,.T.);
#4056=ORIENTED_EDGE('',*,*,#3183,.F.);
#4057=ORIENTED_EDGE('',*,*,#3185,.F.);
#4058=ORIENTED_EDGE('',*,*,#3186,.T.);
#4059=ORIENTED_EDGE('',*,*,#3187,.T.);
#4060=ORIENTED_EDGE('',*,*,#3186,.F.);
#4061=ORIENTED_EDGE('',*,*,#3188,.F.);
#4062=ORIENTED_EDGE('',*,*,#3189,.T.);
#4063=ORIENTED_EDGE('',*,*,#3190,.T.);
#4064=ORIENTED_EDGE('',*,*,#3189,.F.);
#4065=ORIENTED_EDGE('',*,*,#3191,.F.);
#4066=ORIENTED_EDGE('',*,*,#3192,.T.);
#4067=ORIENTED_EDGE('',*,*,#3193,.T.);
#4068=ORIENTED_EDGE('',*,*,#3192,.F.);
#4069=ORIENTED_EDGE('',*,*,#3194,.F.);
#4070=ORIENTED_EDGE('',*,*,#3195,.T.);
#4071=ORIENTED_EDGE('',*,*,#3196,.T.);
#4072=ORIENTED_EDGE('',*,*,#3195,.F.);
#4073=ORIENTED_EDGE('',*,*,#3197,.F.);
#4074=ORIENTED_EDGE('',*,*,#3198,.T.);
#4075=ORIENTED_EDGE('',*,*,#3199,.T.);
#4076=ORIENTED_EDGE('',*,*,#3198,.F.);
#4077=ORIENTED_EDGE('',*,*,#3200,.F.);
#4078=ORIENTED_EDGE('',*,*,#3201,.T.);
#4079=ORIENTED_EDGE('',*,*,#3202,.T.);
#4080=ORIENTED_EDGE('',*,*,#3201,.F.);
#4081=ORIENTED_EDGE('',*,*,#3203,.F.);
#4082=ORIENTED_EDGE('',*,*,#3204,.T.);
#4083=ORIENTED_EDGE('',*,*,#3205,.T.);
#4084=ORIENTED_EDGE('',*,*,#3204,.F.);
#4085=ORIENTED_EDGE('',*,*,#3206,.F.);
#4086=ORIENTED_EDGE('',*,*,#3207,.T.);
#4087=ORIENTED_EDGE('',*,*,#3208,.F.);
#4088=ORIENTED_EDGE('',*,*,#3209,.F.);
#4089=ORIENTED_EDGE('',*,*,#3210,.T.);
#4090=ORIENTED_EDGE('',*,*,#3209,.T.);
#4091=ORIENTED_EDGE('',*,*,#3211,.F.);
#4092=ORIENTED_EDGE('',*,*,#3212,.F.);
#4093=ORIENTED_EDGE('',*,*,#3213,.T.);
#4094=ORIENTED_EDGE('',*,*,#3212,.T.);
#4095=ORIENTED_EDGE('',*,*,#3214,.F.);
#4096=ORIENTED_EDGE('',*,*,#3215,.F.);
#4097=ORIENTED_EDGE('',*,*,#3216,.T.);
#4098=ORIENTED_EDGE('',*,*,#3215,.T.);
#4099=ORIENTED_EDGE('',*,*,#3217,.F.);
#4100=ORIENTED_EDGE('',*,*,#3218,.F.);
#4101=ORIENTED_EDGE('',*,*,#3219,.T.);
#4102=ORIENTED_EDGE('',*,*,#3218,.T.);
#4103=ORIENTED_EDGE('',*,*,#3220,.F.);
#4104=ORIENTED_EDGE('',*,*,#3221,.F.);
#4105=ORIENTED_EDGE('',*,*,#3222,.T.);
#4106=ORIENTED_EDGE('',*,*,#3221,.T.);
#4107=ORIENTED_EDGE('',*,*,#3223,.F.);
#4108=ORIENTED_EDGE('',*,*,#3224,.F.);
#4109=ORIENTED_EDGE('',*,*,#3225,.T.);
#4110=ORIENTED_EDGE('',*,*,#3224,.T.);
#4111=ORIENTED_EDGE('',*,*,#3226,.F.);
#4112=ORIENTED_EDGE('',*,*,#3227,.F.);
#4113=ORIENTED_EDGE('',*,*,#3228,.T.);
#4114=ORIENTED_EDGE('',*,*,#3227,.T.);
#4115=ORIENTED_EDGE('',*,*,#3229,.F.);
#4116=ORIENTED_EDGE('',*,*,#3230,.F.);
#4117=ORIENTED_EDGE('',*,*,#3231,.T.);
#4118=ORIENTED_EDGE('',*,*,#3230,.T.);
#4119=ORIENTED_EDGE('',*,*,#3232,.F.);
#4120=ORIENTED_EDGE('',*,*,#3233,.F.);
#4121=ORIENTED_EDGE('',*,*,#3234,.T.);
#4122=ORIENTED_EDGE('',*,*,#3233,.T.);
#4123=ORIENTED_EDGE('',*,*,#3235,.F.);
#4124=ORIENTED_EDGE('',*,*,#3236,.F.);
#4125=ORIENTED_EDGE('',*,*,#3237,.T.);
#4126=ORIENTED_EDGE('',*,*,#3236,.T.);
#4127=ORIENTED_EDGE('',*,*,#3238,.F.);
#4128=ORIENTED_EDGE('',*,*,#3239,.F.);
#4129=ORIENTED_EDGE('',*,*,#3240,.T.);
#4130=ORIENTED_EDGE('',*,*,#3239,.T.);
#4131=ORIENTED_EDGE('',*,*,#3241,.F.);
#4132=ORIENTED_EDGE('',*,*,#3242,.F.);
#4133=ORIENTED_EDGE('',*,*,#3243,.T.);
#4134=ORIENTED_EDGE('',*,*,#3242,.T.);
#4135=ORIENTED_EDGE('',*,*,#3244,.F.);
#4136=ORIENTED_EDGE('',*,*,#3245,.F.);
#4137=ORIENTED_EDGE('',*,*,#3246,.T.);
#4138=ORIENTED_EDGE('',*,*,#3245,.T.);
#4139=ORIENTED_EDGE('',*,*,#3247,.F.);
#4140=ORIENTED_EDGE('',*,*,#3207,.F.);
#4141=ORIENTED_EDGE('',*,*,#3247,.T.);
#4142=ORIENTED_EDGE('',*,*,#3244,.T.);
#4143=ORIENTED_EDGE('',*,*,#3241,.T.);
#4144=ORIENTED_EDGE('',*,*,#3238,.T.);
#4145=ORIENTED_EDGE('',*,*,#3235,.T.);
#4146=ORIENTED_EDGE('',*,*,#3232,.T.);
#4147=ORIENTED_EDGE('',*,*,#3229,.T.);
#4148=ORIENTED_EDGE('',*,*,#3226,.T.);
#4149=ORIENTED_EDGE('',*,*,#3223,.T.);
#4150=ORIENTED_EDGE('',*,*,#3220,.T.);
#4151=ORIENTED_EDGE('',*,*,#3217,.T.);
#4152=ORIENTED_EDGE('',*,*,#3214,.T.);
#4153=ORIENTED_EDGE('',*,*,#3211,.T.);
#4154=ORIENTED_EDGE('',*,*,#3208,.T.);
#4155=ORIENTED_EDGE('',*,*,#3203,.T.);
#4156=ORIENTED_EDGE('',*,*,#3200,.T.);
#4157=ORIENTED_EDGE('',*,*,#3197,.T.);
#4158=ORIENTED_EDGE('',*,*,#3194,.T.);
#4159=ORIENTED_EDGE('',*,*,#3191,.T.);
#4160=ORIENTED_EDGE('',*,*,#3188,.T.);
#4161=ORIENTED_EDGE('',*,*,#3185,.T.);
#4162=ORIENTED_EDGE('',*,*,#3182,.T.);
#4163=ORIENTED_EDGE('',*,*,#3179,.T.);
#4164=ORIENTED_EDGE('',*,*,#3176,.T.);
#4165=ORIENTED_EDGE('',*,*,#3173,.T.);
#4166=ORIENTED_EDGE('',*,*,#3170,.T.);
#4167=ORIENTED_EDGE('',*,*,#3167,.T.);
#4168=ORIENTED_EDGE('',*,*,#3164,.T.);
#4169=ORIENTED_EDGE('',*,*,#3161,.T.);
#4170=ORIENTED_EDGE('',*,*,#3158,.T.);
#4171=ORIENTED_EDGE('',*,*,#3155,.T.);
#4172=ORIENTED_EDGE('',*,*,#3152,.T.);
#4173=ORIENTED_EDGE('',*,*,#3149,.T.);
#4174=ORIENTED_EDGE('',*,*,#3146,.T.);
#4175=ORIENTED_EDGE('',*,*,#3143,.T.);
#4176=ORIENTED_EDGE('',*,*,#3140,.T.);
#4177=ORIENTED_EDGE('',*,*,#3137,.T.);
#4178=ORIENTED_EDGE('',*,*,#3134,.T.);
#4179=ORIENTED_EDGE('',*,*,#3131,.T.);
#4180=ORIENTED_EDGE('',*,*,#3128,.T.);
#4181=ORIENTED_EDGE('',*,*,#3125,.T.);
#4182=ORIENTED_EDGE('',*,*,#3122,.T.);
#4183=ORIENTED_EDGE('',*,*,#3246,.F.);
#4184=ORIENTED_EDGE('',*,*,#3206,.T.);
#4185=ORIENTED_EDGE('',*,*,#3210,.F.);
#4186=ORIENTED_EDGE('',*,*,#3213,.F.);
#4187=ORIENTED_EDGE('',*,*,#3216,.F.);
#4188=ORIENTED_EDGE('',*,*,#3219,.F.);
#4189=ORIENTED_EDGE('',*,*,#3222,.F.);
#4190=ORIENTED_EDGE('',*,*,#3225,.F.);
#4191=ORIENTED_EDGE('',*,*,#3228,.F.);
#4192=ORIENTED_EDGE('',*,*,#3231,.F.);
#4193=ORIENTED_EDGE('',*,*,#3234,.F.);
#4194=ORIENTED_EDGE('',*,*,#3237,.F.);
#4195=ORIENTED_EDGE('',*,*,#3240,.F.);
#4196=ORIENTED_EDGE('',*,*,#3243,.F.);
#4197=ORIENTED_EDGE('',*,*,#3205,.F.);
#4198=ORIENTED_EDGE('',*,*,#3202,.F.);
#4199=ORIENTED_EDGE('',*,*,#3199,.F.);
#4200=ORIENTED_EDGE('',*,*,#3196,.F.);
#4201=ORIENTED_EDGE('',*,*,#3193,.F.);
#4202=ORIENTED_EDGE('',*,*,#3190,.F.);
#4203=ORIENTED_EDGE('',*,*,#3187,.F.);
#4204=ORIENTED_EDGE('',*,*,#3184,.F.);
#4205=ORIENTED_EDGE('',*,*,#3181,.F.);
#4206=ORIENTED_EDGE('',*,*,#3178,.F.);
#4207=ORIENTED_EDGE('',*,*,#3175,.F.);
#4208=ORIENTED_EDGE('',*,*,#3172,.F.);
#4209=ORIENTED_EDGE('',*,*,#3169,.F.);
#4210=ORIENTED_EDGE('',*,*,#3166,.F.);
#4211=ORIENTED_EDGE('',*,*,#3163,.F.);
#4212=ORIENTED_EDGE('',*,*,#3160,.F.);
#4213=ORIENTED_EDGE('',*,*,#3157,.F.);
#4214=ORIENTED_EDGE('',*,*,#3154,.F.);
#4215=ORIENTED_EDGE('',*,*,#3151,.F.);
#4216=ORIENTED_EDGE('',*,*,#3148,.F.);
#4217=ORIENTED_EDGE('',*,*,#3145,.F.);
#4218=ORIENTED_EDGE('',*,*,#3142,.F.);
#4219=ORIENTED_EDGE('',*,*,#3139,.F.);
#4220=ORIENTED_EDGE('',*,*,#3136,.F.);
#4221=ORIENTED_EDGE('',*,*,#3133,.F.);
#4222=ORIENTED_EDGE('',*,*,#3130,.F.);
#4223=ORIENTED_EDGE('',*,*,#3127,.F.);
#4224=ORIENTED_EDGE('',*,*,#3124,.F.);
#4225=ORIENTED_EDGE('',*,*,#3248,.F.);
#4226=ORIENTED_EDGE('',*,*,#3249,.T.);
#4227=ORIENTED_EDGE('',*,*,#3250,.T.);
#4228=ORIENTED_EDGE('',*,*,#3249,.F.);
#4229=ORIENTED_EDGE('',*,*,#3251,.F.);
#4230=ORIENTED_EDGE('',*,*,#3252,.T.);
#4231=ORIENTED_EDGE('',*,*,#3253,.T.);
#4232=ORIENTED_EDGE('',*,*,#3252,.F.);
#4233=ORIENTED_EDGE('',*,*,#3254,.F.);
#4234=ORIENTED_EDGE('',*,*,#3255,.T.);
#4235=ORIENTED_EDGE('',*,*,#3256,.T.);
#4236=ORIENTED_EDGE('',*,*,#3255,.F.);
#4237=ORIENTED_EDGE('',*,*,#3257,.F.);
#4238=ORIENTED_EDGE('',*,*,#3258,.T.);
#4239=ORIENTED_EDGE('',*,*,#3259,.T.);
#4240=ORIENTED_EDGE('',*,*,#3258,.F.);
#4241=ORIENTED_EDGE('',*,*,#3260,.F.);
#4242=ORIENTED_EDGE('',*,*,#3261,.T.);
#4243=ORIENTED_EDGE('',*,*,#3262,.T.);
#4244=ORIENTED_EDGE('',*,*,#3261,.F.);
#4245=ORIENTED_EDGE('',*,*,#3263,.F.);
#4246=ORIENTED_EDGE('',*,*,#3264,.T.);
#4247=ORIENTED_EDGE('',*,*,#3265,.T.);
#4248=ORIENTED_EDGE('',*,*,#3264,.F.);
#4249=ORIENTED_EDGE('',*,*,#3266,.F.);
#4250=ORIENTED_EDGE('',*,*,#3267,.T.);
#4251=ORIENTED_EDGE('',*,*,#3268,.T.);
#4252=ORIENTED_EDGE('',*,*,#3267,.F.);
#4253=ORIENTED_EDGE('',*,*,#3269,.F.);
#4254=ORIENTED_EDGE('',*,*,#3270,.T.);
#4255=ORIENTED_EDGE('',*,*,#3271,.T.);
#4256=ORIENTED_EDGE('',*,*,#3270,.F.);
#4257=ORIENTED_EDGE('',*,*,#3272,.F.);
#4258=ORIENTED_EDGE('',*,*,#3273,.T.);
#4259=ORIENTED_EDGE('',*,*,#3274,.T.);
#4260=ORIENTED_EDGE('',*,*,#3273,.F.);
#4261=ORIENTED_EDGE('',*,*,#3275,.F.);
#4262=ORIENTED_EDGE('',*,*,#3276,.T.);
#4263=ORIENTED_EDGE('',*,*,#3277,.T.);
#4264=ORIENTED_EDGE('',*,*,#3276,.F.);
#4265=ORIENTED_EDGE('',*,*,#3275,.T.);
#4266=ORIENTED_EDGE('',*,*,#3272,.T.);
#4267=ORIENTED_EDGE('',*,*,#3269,.T.);
#4268=ORIENTED_EDGE('',*,*,#3266,.T.);
#4269=ORIENTED_EDGE('',*,*,#3263,.T.);
#4270=ORIENTED_EDGE('',*,*,#3260,.T.);
#4271=ORIENTED_EDGE('',*,*,#3257,.T.);
#4272=ORIENTED_EDGE('',*,*,#3254,.T.);
#4273=ORIENTED_EDGE('',*,*,#3251,.T.);
#4274=ORIENTED_EDGE('',*,*,#3248,.T.);
#4275=ORIENTED_EDGE('',*,*,#3277,.F.);
#4276=ORIENTED_EDGE('',*,*,#3274,.F.);
#4277=ORIENTED_EDGE('',*,*,#3271,.F.);
#4278=ORIENTED_EDGE('',*,*,#3268,.F.);
#4279=ORIENTED_EDGE('',*,*,#3265,.F.);
#4280=ORIENTED_EDGE('',*,*,#3262,.F.);
#4281=ORIENTED_EDGE('',*,*,#3259,.F.);
#4282=ORIENTED_EDGE('',*,*,#3256,.F.);
#4283=ORIENTED_EDGE('',*,*,#3253,.F.);
#4284=ORIENTED_EDGE('',*,*,#3250,.F.);
#4285=ORIENTED_EDGE('',*,*,#3278,.F.);
#4286=ORIENTED_EDGE('',*,*,#3279,.T.);
#4287=ORIENTED_EDGE('',*,*,#3280,.T.);
#4288=ORIENTED_EDGE('',*,*,#3279,.F.);
#4289=ORIENTED_EDGE('',*,*,#3281,.F.);
#4290=ORIENTED_EDGE('',*,*,#3282,.T.);
#4291=ORIENTED_EDGE('',*,*,#3283,.T.);
#4292=ORIENTED_EDGE('',*,*,#3282,.F.);
#4293=ORIENTED_EDGE('',*,*,#3284,.F.);
#4294=ORIENTED_EDGE('',*,*,#3285,.T.);
#4295=ORIENTED_EDGE('',*,*,#3286,.F.);
#4296=ORIENTED_EDGE('',*,*,#3287,.F.);
#4297=ORIENTED_EDGE('',*,*,#3288,.F.);
#4298=ORIENTED_EDGE('',*,*,#3287,.T.);
#4299=ORIENTED_EDGE('',*,*,#3289,.F.);
#4300=ORIENTED_EDGE('',*,*,#3290,.F.);
#4301=ORIENTED_EDGE('',*,*,#3291,.F.);
#4302=ORIENTED_EDGE('',*,*,#3290,.T.);
#4303=ORIENTED_EDGE('',*,*,#3292,.F.);
#4304=ORIENTED_EDGE('',*,*,#3293,.F.);
#4305=ORIENTED_EDGE('',*,*,#3294,.F.);
#4306=ORIENTED_EDGE('',*,*,#3293,.T.);
#4307=ORIENTED_EDGE('',*,*,#3295,.F.);
#4308=ORIENTED_EDGE('',*,*,#3285,.F.);
#4309=ORIENTED_EDGE('',*,*,#3295,.T.);
#4310=ORIENTED_EDGE('',*,*,#3292,.T.);
#4311=ORIENTED_EDGE('',*,*,#3289,.T.);
#4312=ORIENTED_EDGE('',*,*,#3286,.T.);
#4313=ORIENTED_EDGE('',*,*,#3281,.T.);
#4314=ORIENTED_EDGE('',*,*,#3278,.T.);
#4315=ORIENTED_EDGE('',*,*,#3294,.T.);
#4316=ORIENTED_EDGE('',*,*,#3284,.T.);
#4317=ORIENTED_EDGE('',*,*,#3288,.T.);
#4318=ORIENTED_EDGE('',*,*,#3291,.T.);
#4319=ORIENTED_EDGE('',*,*,#3283,.F.);
#4320=ORIENTED_EDGE('',*,*,#3280,.F.);
#4321=ORIENTED_EDGE('',*,*,#3296,.T.);
#4322=ORIENTED_EDGE('',*,*,#3297,.T.);
#4323=ORIENTED_EDGE('',*,*,#3298,.F.);
#4324=ORIENTED_EDGE('',*,*,#3299,.F.);
#4325=ORIENTED_EDGE('',*,*,#3300,.T.);
#4326=ORIENTED_EDGE('',*,*,#3299,.T.);
#4327=ORIENTED_EDGE('',*,*,#3301,.F.);
#4328=ORIENTED_EDGE('',*,*,#3302,.F.);
#4329=ORIENTED_EDGE('',*,*,#3303,.T.);
#4330=ORIENTED_EDGE('',*,*,#3302,.T.);
#4331=ORIENTED_EDGE('',*,*,#3304,.F.);
#4332=ORIENTED_EDGE('',*,*,#3305,.F.);
#4333=ORIENTED_EDGE('',*,*,#3306,.T.);
#4334=ORIENTED_EDGE('',*,*,#3305,.T.);
#4335=ORIENTED_EDGE('',*,*,#3307,.F.);
#4336=ORIENTED_EDGE('',*,*,#3297,.F.);
#4337=ORIENTED_EDGE('',*,*,#3307,.T.);
#4338=ORIENTED_EDGE('',*,*,#3304,.T.);
#4339=ORIENTED_EDGE('',*,*,#3301,.T.);
#4340=ORIENTED_EDGE('',*,*,#3298,.T.);
#4341=ORIENTED_EDGE('',*,*,#3306,.F.);
#4342=ORIENTED_EDGE('',*,*,#3296,.F.);
#4343=ORIENTED_EDGE('',*,*,#3300,.F.);
#4344=ORIENTED_EDGE('',*,*,#3303,.F.);
#4345=ORIENTED_EDGE('',*,*,#3308,.F.);
#4346=ORIENTED_EDGE('',*,*,#3309,.T.);
#4347=ORIENTED_EDGE('',*,*,#3310,.T.);
#4348=ORIENTED_EDGE('',*,*,#3309,.F.);
#4349=ORIENTED_EDGE('',*,*,#3308,.T.);
#4350=ORIENTED_EDGE('',*,*,#3310,.F.);
#4351=ORIENTED_EDGE('',*,*,#3311,.F.);
#4352=ORIENTED_EDGE('',*,*,#3312,.T.);
#4353=ORIENTED_EDGE('',*,*,#3313,.T.);
#4354=ORIENTED_EDGE('',*,*,#3312,.F.);
#4355=ORIENTED_EDGE('',*,*,#3314,.F.);
#4356=ORIENTED_EDGE('',*,*,#3315,.T.);
#4357=ORIENTED_EDGE('',*,*,#3316,.T.);
#4358=ORIENTED_EDGE('',*,*,#3315,.F.);
#4359=ORIENTED_EDGE('',*,*,#3317,.F.);
#4360=ORIENTED_EDGE('',*,*,#3318,.T.);
#4361=ORIENTED_EDGE('',*,*,#3319,.T.);
#4362=ORIENTED_EDGE('',*,*,#3318,.F.);
#4363=ORIENTED_EDGE('',*,*,#3320,.F.);
#4364=ORIENTED_EDGE('',*,*,#3321,.T.);
#4365=ORIENTED_EDGE('',*,*,#3322,.T.);
#4366=ORIENTED_EDGE('',*,*,#3321,.F.);
#4367=ORIENTED_EDGE('',*,*,#3323,.F.);
#4368=ORIENTED_EDGE('',*,*,#3324,.T.);
#4369=ORIENTED_EDGE('',*,*,#3325,.T.);
#4370=ORIENTED_EDGE('',*,*,#3324,.F.);
#4371=ORIENTED_EDGE('',*,*,#3326,.F.);
#4372=ORIENTED_EDGE('',*,*,#3327,.T.);
#4373=ORIENTED_EDGE('',*,*,#3328,.T.);
#4374=ORIENTED_EDGE('',*,*,#3327,.F.);
#4375=ORIENTED_EDGE('',*,*,#3329,.F.);
#4376=ORIENTED_EDGE('',*,*,#3330,.T.);
#4377=ORIENTED_EDGE('',*,*,#3331,.T.);
#4378=ORIENTED_EDGE('',*,*,#3330,.F.);
#4379=ORIENTED_EDGE('',*,*,#3332,.F.);
#4380=ORIENTED_EDGE('',*,*,#3333,.T.);
#4381=ORIENTED_EDGE('',*,*,#3334,.T.);
#4382=ORIENTED_EDGE('',*,*,#3333,.F.);
#4383=ORIENTED_EDGE('',*,*,#3335,.F.);
#4384=ORIENTED_EDGE('',*,*,#3336,.T.);
#4385=ORIENTED_EDGE('',*,*,#3337,.T.);
#4386=ORIENTED_EDGE('',*,*,#3336,.F.);
#4387=ORIENTED_EDGE('',*,*,#3338,.F.);
#4388=ORIENTED_EDGE('',*,*,#3339,.T.);
#4389=ORIENTED_EDGE('',*,*,#3340,.T.);
#4390=ORIENTED_EDGE('',*,*,#3339,.F.);
#4391=ORIENTED_EDGE('',*,*,#3341,.F.);
#4392=ORIENTED_EDGE('',*,*,#3342,.T.);
#4393=ORIENTED_EDGE('',*,*,#3343,.T.);
#4394=ORIENTED_EDGE('',*,*,#3342,.F.);
#4395=ORIENTED_EDGE('',*,*,#3344,.F.);
#4396=ORIENTED_EDGE('',*,*,#3345,.T.);
#4397=ORIENTED_EDGE('',*,*,#3346,.T.);
#4398=ORIENTED_EDGE('',*,*,#3345,.F.);
#4399=ORIENTED_EDGE('',*,*,#3347,.F.);
#4400=ORIENTED_EDGE('',*,*,#3348,.T.);
#4401=ORIENTED_EDGE('',*,*,#3349,.T.);
#4402=ORIENTED_EDGE('',*,*,#3348,.F.);
#4403=ORIENTED_EDGE('',*,*,#3350,.F.);
#4404=ORIENTED_EDGE('',*,*,#3351,.T.);
#4405=ORIENTED_EDGE('',*,*,#3352,.T.);
#4406=ORIENTED_EDGE('',*,*,#3351,.F.);
#4407=ORIENTED_EDGE('',*,*,#3353,.F.);
#4408=ORIENTED_EDGE('',*,*,#3354,.T.);
#4409=ORIENTED_EDGE('',*,*,#3355,.T.);
#4410=ORIENTED_EDGE('',*,*,#3354,.F.);
#4411=ORIENTED_EDGE('',*,*,#3356,.F.);
#4412=ORIENTED_EDGE('',*,*,#3357,.T.);
#4413=ORIENTED_EDGE('',*,*,#3358,.T.);
#4414=ORIENTED_EDGE('',*,*,#3357,.F.);
#4415=ORIENTED_EDGE('',*,*,#3359,.F.);
#4416=ORIENTED_EDGE('',*,*,#3360,.T.);
#4417=ORIENTED_EDGE('',*,*,#3361,.T.);
#4418=ORIENTED_EDGE('',*,*,#3360,.F.);
#4419=ORIENTED_EDGE('',*,*,#3362,.F.);
#4420=ORIENTED_EDGE('',*,*,#3363,.T.);
#4421=ORIENTED_EDGE('',*,*,#3364,.T.);
#4422=ORIENTED_EDGE('',*,*,#3363,.F.);
#4423=ORIENTED_EDGE('',*,*,#3365,.F.);
#4424=ORIENTED_EDGE('',*,*,#3366,.T.);
#4425=ORIENTED_EDGE('',*,*,#3367,.T.);
#4426=ORIENTED_EDGE('',*,*,#3366,.F.);
#4427=ORIENTED_EDGE('',*,*,#3368,.F.);
#4428=ORIENTED_EDGE('',*,*,#3369,.T.);
#4429=ORIENTED_EDGE('',*,*,#3370,.F.);
#4430=ORIENTED_EDGE('',*,*,#3371,.F.);
#4431=ORIENTED_EDGE('',*,*,#3372,.T.);
#4432=ORIENTED_EDGE('',*,*,#3371,.T.);
#4433=ORIENTED_EDGE('',*,*,#3373,.F.);
#4434=ORIENTED_EDGE('',*,*,#3374,.F.);
#4435=ORIENTED_EDGE('',*,*,#3375,.F.);
#4436=ORIENTED_EDGE('',*,*,#3374,.T.);
#4437=ORIENTED_EDGE('',*,*,#3376,.F.);
#4438=ORIENTED_EDGE('',*,*,#3377,.F.);
#4439=ORIENTED_EDGE('',*,*,#3378,.T.);
#4440=ORIENTED_EDGE('',*,*,#3377,.T.);
#4441=ORIENTED_EDGE('',*,*,#3379,.F.);
#4442=ORIENTED_EDGE('',*,*,#3380,.F.);
#4443=ORIENTED_EDGE('',*,*,#3381,.F.);
#4444=ORIENTED_EDGE('',*,*,#3380,.T.);
#4445=ORIENTED_EDGE('',*,*,#3382,.F.);
#4446=ORIENTED_EDGE('',*,*,#3383,.F.);
#4447=ORIENTED_EDGE('',*,*,#3384,.T.);
#4448=ORIENTED_EDGE('',*,*,#3383,.T.);
#4449=ORIENTED_EDGE('',*,*,#3385,.F.);
#4450=ORIENTED_EDGE('',*,*,#3386,.F.);
#4451=ORIENTED_EDGE('',*,*,#3387,.F.);
#4452=ORIENTED_EDGE('',*,*,#3386,.T.);
#4453=ORIENTED_EDGE('',*,*,#3388,.F.);
#4454=ORIENTED_EDGE('',*,*,#3389,.F.);
#4455=ORIENTED_EDGE('',*,*,#3390,.T.);
#4456=ORIENTED_EDGE('',*,*,#3389,.T.);
#4457=ORIENTED_EDGE('',*,*,#3391,.F.);
#4458=ORIENTED_EDGE('',*,*,#3369,.F.);
#4459=ORIENTED_EDGE('',*,*,#3391,.T.);
#4460=ORIENTED_EDGE('',*,*,#3388,.T.);
#4461=ORIENTED_EDGE('',*,*,#3385,.T.);
#4462=ORIENTED_EDGE('',*,*,#3382,.T.);
#4463=ORIENTED_EDGE('',*,*,#3379,.T.);
#4464=ORIENTED_EDGE('',*,*,#3376,.T.);
#4465=ORIENTED_EDGE('',*,*,#3373,.T.);
#4466=ORIENTED_EDGE('',*,*,#3370,.T.);
#4467=ORIENTED_EDGE('',*,*,#3365,.T.);
#4468=ORIENTED_EDGE('',*,*,#3362,.T.);
#4469=ORIENTED_EDGE('',*,*,#3359,.T.);
#4470=ORIENTED_EDGE('',*,*,#3356,.T.);
#4471=ORIENTED_EDGE('',*,*,#3353,.T.);
#4472=ORIENTED_EDGE('',*,*,#3350,.T.);
#4473=ORIENTED_EDGE('',*,*,#3347,.T.);
#4474=ORIENTED_EDGE('',*,*,#3344,.T.);
#4475=ORIENTED_EDGE('',*,*,#3341,.T.);
#4476=ORIENTED_EDGE('',*,*,#3338,.T.);
#4477=ORIENTED_EDGE('',*,*,#3335,.T.);
#4478=ORIENTED_EDGE('',*,*,#3332,.T.);
#4479=ORIENTED_EDGE('',*,*,#3329,.T.);
#4480=ORIENTED_EDGE('',*,*,#3326,.T.);
#4481=ORIENTED_EDGE('',*,*,#3323,.T.);
#4482=ORIENTED_EDGE('',*,*,#3320,.T.);
#4483=ORIENTED_EDGE('',*,*,#3317,.T.);
#4484=ORIENTED_EDGE('',*,*,#3314,.T.);
#4485=ORIENTED_EDGE('',*,*,#3311,.T.);
#4486=ORIENTED_EDGE('',*,*,#3390,.F.);
#4487=ORIENTED_EDGE('',*,*,#3368,.T.);
#4488=ORIENTED_EDGE('',*,*,#3372,.F.);
#4489=ORIENTED_EDGE('',*,*,#3375,.T.);
#4490=ORIENTED_EDGE('',*,*,#3378,.F.);
#4491=ORIENTED_EDGE('',*,*,#3381,.T.);
#4492=ORIENTED_EDGE('',*,*,#3384,.F.);
#4493=ORIENTED_EDGE('',*,*,#3387,.T.);
#4494=ORIENTED_EDGE('',*,*,#3367,.F.);
#4495=ORIENTED_EDGE('',*,*,#3364,.F.);
#4496=ORIENTED_EDGE('',*,*,#3361,.F.);
#4497=ORIENTED_EDGE('',*,*,#3358,.F.);
#4498=ORIENTED_EDGE('',*,*,#3355,.F.);
#4499=ORIENTED_EDGE('',*,*,#3352,.F.);
#4500=ORIENTED_EDGE('',*,*,#3349,.F.);
#4501=ORIENTED_EDGE('',*,*,#3346,.F.);
#4502=ORIENTED_EDGE('',*,*,#3343,.F.);
#4503=ORIENTED_EDGE('',*,*,#3340,.F.);
#4504=ORIENTED_EDGE('',*,*,#3337,.F.);
#4505=ORIENTED_EDGE('',*,*,#3334,.F.);
#4506=ORIENTED_EDGE('',*,*,#3331,.F.);
#4507=ORIENTED_EDGE('',*,*,#3328,.F.);
#4508=ORIENTED_EDGE('',*,*,#3325,.F.);
#4509=ORIENTED_EDGE('',*,*,#3322,.F.);
#4510=ORIENTED_EDGE('',*,*,#3319,.F.);
#4511=ORIENTED_EDGE('',*,*,#3316,.F.);
#4512=ORIENTED_EDGE('',*,*,#3313,.F.);
#4513=ORIENTED_EDGE('',*,*,#3392,.F.);
#4514=ORIENTED_EDGE('',*,*,#3393,.T.);
#4515=ORIENTED_EDGE('',*,*,#3394,.T.);
#4516=ORIENTED_EDGE('',*,*,#3393,.F.);
#4517=ORIENTED_EDGE('',*,*,#3395,.F.);
#4518=ORIENTED_EDGE('',*,*,#3396,.T.);
#4519=ORIENTED_EDGE('',*,*,#3397,.T.);
#4520=ORIENTED_EDGE('',*,*,#3396,.F.);
#4521=ORIENTED_EDGE('',*,*,#3398,.F.);
#4522=ORIENTED_EDGE('',*,*,#3399,.T.);
#4523=ORIENTED_EDGE('',*,*,#3400,.T.);
#4524=ORIENTED_EDGE('',*,*,#3399,.F.);
#4525=ORIENTED_EDGE('',*,*,#3401,.T.);
#4526=ORIENTED_EDGE('',*,*,#3402,.T.);
#4527=ORIENTED_EDGE('',*,*,#3403,.F.);
#4528=ORIENTED_EDGE('',*,*,#3404,.F.);
#4529=ORIENTED_EDGE('',*,*,#3405,.T.);
#4530=ORIENTED_EDGE('',*,*,#3404,.T.);
#4531=ORIENTED_EDGE('',*,*,#3406,.F.);
#4532=ORIENTED_EDGE('',*,*,#3407,.F.);
#4533=ORIENTED_EDGE('',*,*,#3408,.T.);
#4534=ORIENTED_EDGE('',*,*,#3407,.T.);
#4535=ORIENTED_EDGE('',*,*,#3409,.F.);
#4536=ORIENTED_EDGE('',*,*,#3410,.F.);
#4537=ORIENTED_EDGE('',*,*,#3411,.T.);
#4538=ORIENTED_EDGE('',*,*,#3410,.T.);
#4539=ORIENTED_EDGE('',*,*,#3412,.F.);
#4540=ORIENTED_EDGE('',*,*,#3402,.F.);
#4541=ORIENTED_EDGE('',*,*,#3413,.F.);
#4542=ORIENTED_EDGE('',*,*,#3414,.T.);
#4543=ORIENTED_EDGE('',*,*,#3415,.T.);
#4544=ORIENTED_EDGE('',*,*,#3414,.F.);
#4545=ORIENTED_EDGE('',*,*,#3416,.F.);
#4546=ORIENTED_EDGE('',*,*,#3417,.T.);
#4547=ORIENTED_EDGE('',*,*,#3418,.T.);
#4548=ORIENTED_EDGE('',*,*,#3417,.F.);
#4549=ORIENTED_EDGE('',*,*,#3419,.T.);
#4550=ORIENTED_EDGE('',*,*,#3420,.T.);
#4551=ORIENTED_EDGE('',*,*,#3421,.F.);
#4552=ORIENTED_EDGE('',*,*,#3422,.F.);
#4553=ORIENTED_EDGE('',*,*,#3423,.T.);
#4554=ORIENTED_EDGE('',*,*,#3422,.T.);
#4555=ORIENTED_EDGE('',*,*,#3424,.F.);
#4556=ORIENTED_EDGE('',*,*,#3425,.F.);
#4557=ORIENTED_EDGE('',*,*,#3426,.T.);
#4558=ORIENTED_EDGE('',*,*,#3425,.T.);
#4559=ORIENTED_EDGE('',*,*,#3427,.F.);
#4560=ORIENTED_EDGE('',*,*,#3428,.F.);
#4561=ORIENTED_EDGE('',*,*,#3429,.T.);
#4562=ORIENTED_EDGE('',*,*,#3428,.T.);
#4563=ORIENTED_EDGE('',*,*,#3430,.F.);
#4564=ORIENTED_EDGE('',*,*,#3420,.F.);
#4565=ORIENTED_EDGE('',*,*,#3431,.F.);
#4566=ORIENTED_EDGE('',*,*,#3432,.T.);
#4567=ORIENTED_EDGE('',*,*,#3433,.T.);
#4568=ORIENTED_EDGE('',*,*,#3432,.F.);
#4569=ORIENTED_EDGE('',*,*,#3434,.F.);
#4570=ORIENTED_EDGE('',*,*,#3435,.T.);
#4571=ORIENTED_EDGE('',*,*,#3436,.T.);
#4572=ORIENTED_EDGE('',*,*,#3435,.F.);
#4573=ORIENTED_EDGE('',*,*,#3437,.F.);
#4574=ORIENTED_EDGE('',*,*,#3438,.T.);
#4575=ORIENTED_EDGE('',*,*,#3439,.T.);
#4576=ORIENTED_EDGE('',*,*,#3438,.F.);
#4577=ORIENTED_EDGE('',*,*,#3440,.F.);
#4578=ORIENTED_EDGE('',*,*,#3441,.T.);
#4579=ORIENTED_EDGE('',*,*,#3442,.F.);
#4580=ORIENTED_EDGE('',*,*,#3443,.F.);
#4581=ORIENTED_EDGE('',*,*,#3444,.T.);
#4582=ORIENTED_EDGE('',*,*,#3443,.T.);
#4583=ORIENTED_EDGE('',*,*,#3445,.F.);
#4584=ORIENTED_EDGE('',*,*,#3446,.F.);
#4585=ORIENTED_EDGE('',*,*,#3447,.T.);
#4586=ORIENTED_EDGE('',*,*,#3446,.T.);
#4587=ORIENTED_EDGE('',*,*,#3448,.F.);
#4588=ORIENTED_EDGE('',*,*,#3449,.F.);
#4589=ORIENTED_EDGE('',*,*,#3450,.T.);
#4590=ORIENTED_EDGE('',*,*,#3449,.T.);
#4591=ORIENTED_EDGE('',*,*,#3451,.F.);
#4592=ORIENTED_EDGE('',*,*,#3452,.F.);
#4593=ORIENTED_EDGE('',*,*,#3453,.T.);
#4594=ORIENTED_EDGE('',*,*,#3452,.T.);
#4595=ORIENTED_EDGE('',*,*,#3454,.F.);
#4596=ORIENTED_EDGE('',*,*,#3455,.F.);
#4597=ORIENTED_EDGE('',*,*,#3456,.T.);
#4598=ORIENTED_EDGE('',*,*,#3455,.T.);
#4599=ORIENTED_EDGE('',*,*,#3457,.F.);
#4600=ORIENTED_EDGE('',*,*,#3458,.F.);
#4601=ORIENTED_EDGE('',*,*,#3459,.T.);
#4602=ORIENTED_EDGE('',*,*,#3458,.T.);
#4603=ORIENTED_EDGE('',*,*,#3460,.F.);
#4604=ORIENTED_EDGE('',*,*,#3461,.F.);
#4605=ORIENTED_EDGE('',*,*,#3462,.T.);
#4606=ORIENTED_EDGE('',*,*,#3461,.T.);
#4607=ORIENTED_EDGE('',*,*,#3463,.F.);
#4608=ORIENTED_EDGE('',*,*,#3464,.F.);
#4609=ORIENTED_EDGE('',*,*,#3465,.T.);
#4610=ORIENTED_EDGE('',*,*,#3464,.T.);
#4611=ORIENTED_EDGE('',*,*,#3466,.F.);
#4612=ORIENTED_EDGE('',*,*,#3467,.F.);
#4613=ORIENTED_EDGE('',*,*,#3468,.T.);
#4614=ORIENTED_EDGE('',*,*,#3467,.T.);
#4615=ORIENTED_EDGE('',*,*,#3469,.F.);
#4616=ORIENTED_EDGE('',*,*,#3441,.F.);
#4617=ORIENTED_EDGE('',*,*,#3469,.T.);
#4618=ORIENTED_EDGE('',*,*,#3466,.T.);
#4619=ORIENTED_EDGE('',*,*,#3463,.T.);
#4620=ORIENTED_EDGE('',*,*,#3460,.T.);
#4621=ORIENTED_EDGE('',*,*,#3457,.T.);
#4622=ORIENTED_EDGE('',*,*,#3454,.T.);
#4623=ORIENTED_EDGE('',*,*,#3451,.T.);
#4624=ORIENTED_EDGE('',*,*,#3448,.T.);
#4625=ORIENTED_EDGE('',*,*,#3445,.T.);
#4626=ORIENTED_EDGE('',*,*,#3442,.T.);
#4627=ORIENTED_EDGE('',*,*,#3437,.T.);
#4628=ORIENTED_EDGE('',*,*,#3434,.T.);
#4629=ORIENTED_EDGE('',*,*,#3431,.T.);
#4630=ORIENTED_EDGE('',*,*,#3430,.T.);
#4631=ORIENTED_EDGE('',*,*,#3427,.T.);
#4632=ORIENTED_EDGE('',*,*,#3424,.T.);
#4633=ORIENTED_EDGE('',*,*,#3421,.T.);
#4634=ORIENTED_EDGE('',*,*,#3416,.T.);
#4635=ORIENTED_EDGE('',*,*,#3413,.T.);
#4636=ORIENTED_EDGE('',*,*,#3412,.T.);
#4637=ORIENTED_EDGE('',*,*,#3409,.T.);
#4638=ORIENTED_EDGE('',*,*,#3406,.T.);
#4639=ORIENTED_EDGE('',*,*,#3403,.T.);
#4640=ORIENTED_EDGE('',*,*,#3398,.T.);
#4641=ORIENTED_EDGE('',*,*,#3395,.T.);
#4642=ORIENTED_EDGE('',*,*,#3392,.T.);
#4643=ORIENTED_EDGE('',*,*,#3468,.F.);
#4644=ORIENTED_EDGE('',*,*,#3440,.T.);
#4645=ORIENTED_EDGE('',*,*,#3444,.F.);
#4646=ORIENTED_EDGE('',*,*,#3447,.F.);
#4647=ORIENTED_EDGE('',*,*,#3450,.F.);
#4648=ORIENTED_EDGE('',*,*,#3453,.F.);
#4649=ORIENTED_EDGE('',*,*,#3456,.F.);
#4650=ORIENTED_EDGE('',*,*,#3459,.F.);
#4651=ORIENTED_EDGE('',*,*,#3462,.F.);
#4652=ORIENTED_EDGE('',*,*,#3465,.F.);
#4653=ORIENTED_EDGE('',*,*,#3439,.F.);
#4654=ORIENTED_EDGE('',*,*,#3436,.F.);
#4655=ORIENTED_EDGE('',*,*,#3433,.F.);
#4656=ORIENTED_EDGE('',*,*,#3429,.F.);
#4657=ORIENTED_EDGE('',*,*,#3419,.F.);
#4658=ORIENTED_EDGE('',*,*,#3423,.F.);
#4659=ORIENTED_EDGE('',*,*,#3426,.F.);
#4660=ORIENTED_EDGE('',*,*,#3418,.F.);
#4661=ORIENTED_EDGE('',*,*,#3415,.F.);
#4662=ORIENTED_EDGE('',*,*,#3411,.F.);
#4663=ORIENTED_EDGE('',*,*,#3401,.F.);
#4664=ORIENTED_EDGE('',*,*,#3405,.F.);
#4665=ORIENTED_EDGE('',*,*,#3408,.F.);
#4666=ORIENTED_EDGE('',*,*,#3400,.F.);
#4667=ORIENTED_EDGE('',*,*,#3397,.F.);
#4668=ORIENTED_EDGE('',*,*,#3394,.F.);
#4669=ORIENTED_EDGE('',*,*,#3470,.T.);
#4670=ORIENTED_EDGE('',*,*,#3470,.F.);
#4671=ORIENTED_EDGE('',*,*,#3471,.T.);
#4672=ORIENTED_EDGE('',*,*,#3472,.T.);
#4673=ORIENTED_EDGE('',*,*,#3473,.T.);
#4674=ORIENTED_EDGE('',*,*,#3472,.F.);
#4675=ORIENTED_EDGE('',*,*,#3474,.F.);
#4676=ORIENTED_EDGE('',*,*,#3475,.T.);
#4677=ORIENTED_EDGE('',*,*,#3471,.F.);
#4678=ORIENTED_EDGE('',*,*,#3475,.F.);
#4679=ORIENTED_EDGE('',*,*,#3473,.F.);
#4680=ORIENTED_EDGE('',*,*,#3476,.T.);
#4681=ORIENTED_EDGE('',*,*,#3477,.T.);
#4682=ORIENTED_EDGE('',*,*,#3478,.T.);
#4683=ORIENTED_EDGE('',*,*,#3479,.T.);
#4684=ORIENTED_EDGE('',*,*,#3474,.T.);
#4685=ORIENTED_EDGE('',*,*,#3480,.T.);
#4686=ORIENTED_EDGE('',*,*,#3481,.T.);
#4687=ORIENTED_EDGE('',*,*,#3480,.F.);
#4688=ORIENTED_EDGE('',*,*,#3481,.F.);
#4689=ORIENTED_EDGE('',*,*,#3482,.T.);
#4690=ORIENTED_EDGE('',*,*,#3483,.F.);
#4691=ORIENTED_EDGE('',*,*,#3484,.T.);
#4692=ORIENTED_EDGE('',*,*,#3482,.F.);
#4693=ORIENTED_EDGE('',*,*,#3484,.F.);
#4694=ORIENTED_EDGE('',*,*,#3483,.T.);
#4695=ORIENTED_EDGE('',*,*,#3485,.F.);
#4696=ORIENTED_EDGE('',*,*,#3486,.F.);
#4697=ORIENTED_EDGE('',*,*,#3487,.T.);
#4698=ORIENTED_EDGE('',*,*,#3485,.T.);
#4699=ORIENTED_EDGE('',*,*,#3487,.F.);
#4700=ORIENTED_EDGE('',*,*,#3486,.T.);
#4701=ORIENTED_EDGE('',*,*,#3479,.F.);
#4702=ORIENTED_EDGE('',*,*,#3488,.T.);
#4703=ORIENTED_EDGE('',*,*,#3489,.T.);
#4704=ORIENTED_EDGE('',*,*,#3488,.F.);
#4705=ORIENTED_EDGE('',*,*,#3489,.F.);
#4706=ORIENTED_EDGE('',*,*,#3478,.F.);
#4707=ORIENTED_EDGE('',*,*,#3490,.T.);
#4708=ORIENTED_EDGE('',*,*,#3491,.T.);
#4709=ORIENTED_EDGE('',*,*,#3490,.F.);
#4710=ORIENTED_EDGE('',*,*,#3491,.F.);
#4711=ORIENTED_EDGE('',*,*,#3477,.F.);
#4712=ORIENTED_EDGE('',*,*,#3492,.T.);
#4713=ORIENTED_EDGE('',*,*,#3493,.T.);
#4714=ORIENTED_EDGE('',*,*,#3492,.F.);
#4715=ORIENTED_EDGE('',*,*,#3493,.F.);
#4716=ORIENTED_EDGE('',*,*,#3476,.F.);
#4717=ORIENTED_EDGE('',*,*,#3494,.T.);
#4718=ORIENTED_EDGE('',*,*,#3495,.T.);
#4719=ORIENTED_EDGE('',*,*,#3494,.F.);
#4720=ORIENTED_EDGE('',*,*,#3495,.F.);
#4721=ORIENTED_EDGE('',*,*,#3496,.F.);
#4722=ORIENTED_EDGE('',*,*,#3497,.T.);
#4723=ORIENTED_EDGE('',*,*,#3498,.T.);
#4724=ORIENTED_EDGE('',*,*,#3497,.F.);
#4725=ORIENTED_EDGE('',*,*,#3499,.F.);
#4726=ORIENTED_EDGE('',*,*,#3500,.T.);
#4727=ORIENTED_EDGE('',*,*,#3501,.T.);
#4728=ORIENTED_EDGE('',*,*,#3500,.F.);
#4729=ORIENTED_EDGE('',*,*,#3502,.F.);
#4730=ORIENTED_EDGE('',*,*,#3503,.T.);
#4731=ORIENTED_EDGE('',*,*,#3504,.T.);
#4732=ORIENTED_EDGE('',*,*,#3503,.F.);
#4733=ORIENTED_EDGE('',*,*,#3505,.F.);
#4734=ORIENTED_EDGE('',*,*,#3506,.T.);
#4735=ORIENTED_EDGE('',*,*,#3507,.T.);
#4736=ORIENTED_EDGE('',*,*,#3506,.F.);
#4737=ORIENTED_EDGE('',*,*,#3508,.F.);
#4738=ORIENTED_EDGE('',*,*,#3509,.T.);
#4739=ORIENTED_EDGE('',*,*,#3510,.T.);
#4740=ORIENTED_EDGE('',*,*,#3509,.F.);
#4741=ORIENTED_EDGE('',*,*,#3511,.F.);
#4742=ORIENTED_EDGE('',*,*,#3512,.T.);
#4743=ORIENTED_EDGE('',*,*,#3513,.T.);
#4744=ORIENTED_EDGE('',*,*,#3512,.F.);
#4745=ORIENTED_EDGE('',*,*,#3514,.F.);
#4746=ORIENTED_EDGE('',*,*,#3515,.T.);
#4747=ORIENTED_EDGE('',*,*,#3516,.T.);
#4748=ORIENTED_EDGE('',*,*,#3515,.F.);
#4749=ORIENTED_EDGE('',*,*,#3517,.F.);
#4750=ORIENTED_EDGE('',*,*,#3518,.T.);
#4751=ORIENTED_EDGE('',*,*,#3519,.T.);
#4752=ORIENTED_EDGE('',*,*,#3518,.F.);
#4753=ORIENTED_EDGE('',*,*,#3520,.T.);
#4754=ORIENTED_EDGE('',*,*,#3521,.T.);
#4755=ORIENTED_EDGE('',*,*,#3522,.F.);
#4756=ORIENTED_EDGE('',*,*,#3523,.F.);
#4757=ORIENTED_EDGE('',*,*,#3524,.F.);
#4758=ORIENTED_EDGE('',*,*,#3523,.T.);
#4759=ORIENTED_EDGE('',*,*,#3525,.F.);
#4760=ORIENTED_EDGE('',*,*,#3526,.F.);
#4761=ORIENTED_EDGE('',*,*,#3527,.T.);
#4762=ORIENTED_EDGE('',*,*,#3526,.T.);
#4763=ORIENTED_EDGE('',*,*,#3528,.F.);
#4764=ORIENTED_EDGE('',*,*,#3529,.F.);
#4765=ORIENTED_EDGE('',*,*,#3530,.T.);
#4766=ORIENTED_EDGE('',*,*,#3529,.T.);
#4767=ORIENTED_EDGE('',*,*,#3531,.F.);
#4768=ORIENTED_EDGE('',*,*,#3532,.F.);
#4769=ORIENTED_EDGE('',*,*,#3533,.T.);
#4770=ORIENTED_EDGE('',*,*,#3532,.T.);
#4771=ORIENTED_EDGE('',*,*,#3534,.F.);
#4772=ORIENTED_EDGE('',*,*,#3535,.F.);
#4773=ORIENTED_EDGE('',*,*,#3536,.T.);
#4774=ORIENTED_EDGE('',*,*,#3535,.T.);
#4775=ORIENTED_EDGE('',*,*,#3537,.F.);
#4776=ORIENTED_EDGE('',*,*,#3538,.F.);
#4777=ORIENTED_EDGE('',*,*,#3539,.F.);
#4778=ORIENTED_EDGE('',*,*,#3538,.T.);
#4779=ORIENTED_EDGE('',*,*,#3540,.F.);
#4780=ORIENTED_EDGE('',*,*,#3541,.F.);
#4781=ORIENTED_EDGE('',*,*,#3542,.F.);
#4782=ORIENTED_EDGE('',*,*,#3541,.T.);
#4783=ORIENTED_EDGE('',*,*,#3543,.F.);
#4784=ORIENTED_EDGE('',*,*,#3544,.F.);
#4785=ORIENTED_EDGE('',*,*,#3545,.F.);
#4786=ORIENTED_EDGE('',*,*,#3544,.T.);
#4787=ORIENTED_EDGE('',*,*,#3546,.F.);
#4788=ORIENTED_EDGE('',*,*,#3547,.F.);
#4789=ORIENTED_EDGE('',*,*,#3548,.T.);
#4790=ORIENTED_EDGE('',*,*,#3547,.T.);
#4791=ORIENTED_EDGE('',*,*,#3549,.F.);
#4792=ORIENTED_EDGE('',*,*,#3550,.F.);
#4793=ORIENTED_EDGE('',*,*,#3551,.F.);
#4794=ORIENTED_EDGE('',*,*,#3550,.T.);
#4795=ORIENTED_EDGE('',*,*,#3552,.F.);
#4796=ORIENTED_EDGE('',*,*,#3553,.F.);
#4797=ORIENTED_EDGE('',*,*,#3554,.T.);
#4798=ORIENTED_EDGE('',*,*,#3553,.T.);
#4799=ORIENTED_EDGE('',*,*,#3555,.F.);
#4800=ORIENTED_EDGE('',*,*,#3556,.F.);
#4801=ORIENTED_EDGE('',*,*,#3557,.F.);
#4802=ORIENTED_EDGE('',*,*,#3556,.T.);
#4803=ORIENTED_EDGE('',*,*,#3558,.F.);
#4804=ORIENTED_EDGE('',*,*,#3559,.F.);
#4805=ORIENTED_EDGE('',*,*,#3560,.F.);
#4806=ORIENTED_EDGE('',*,*,#3559,.T.);
#4807=ORIENTED_EDGE('',*,*,#3561,.F.);
#4808=ORIENTED_EDGE('',*,*,#3562,.F.);
#4809=ORIENTED_EDGE('',*,*,#3563,.T.);
#4810=ORIENTED_EDGE('',*,*,#3562,.T.);
#4811=ORIENTED_EDGE('',*,*,#3564,.F.);
#4812=ORIENTED_EDGE('',*,*,#3565,.F.);
#4813=ORIENTED_EDGE('',*,*,#3566,.T.);
#4814=ORIENTED_EDGE('',*,*,#3565,.T.);
#4815=ORIENTED_EDGE('',*,*,#3567,.F.);
#4816=ORIENTED_EDGE('',*,*,#3568,.F.);
#4817=ORIENTED_EDGE('',*,*,#3569,.T.);
#4818=ORIENTED_EDGE('',*,*,#3568,.T.);
#4819=ORIENTED_EDGE('',*,*,#3570,.F.);
#4820=ORIENTED_EDGE('',*,*,#3571,.F.);
#4821=ORIENTED_EDGE('',*,*,#3572,.T.);
#4822=ORIENTED_EDGE('',*,*,#3571,.T.);
#4823=ORIENTED_EDGE('',*,*,#3573,.F.);
#4824=ORIENTED_EDGE('',*,*,#3574,.F.);
#4825=ORIENTED_EDGE('',*,*,#3575,.T.);
#4826=ORIENTED_EDGE('',*,*,#3574,.T.);
#4827=ORIENTED_EDGE('',*,*,#3576,.F.);
#4828=ORIENTED_EDGE('',*,*,#3577,.F.);
#4829=ORIENTED_EDGE('',*,*,#3578,.F.);
#4830=ORIENTED_EDGE('',*,*,#3577,.T.);
#4831=ORIENTED_EDGE('',*,*,#3579,.F.);
#4832=ORIENTED_EDGE('',*,*,#3580,.F.);
#4833=ORIENTED_EDGE('',*,*,#3581,.T.);
#4834=ORIENTED_EDGE('',*,*,#3580,.T.);
#4835=ORIENTED_EDGE('',*,*,#3582,.F.);
#4836=ORIENTED_EDGE('',*,*,#3583,.F.);
#4837=ORIENTED_EDGE('',*,*,#3584,.T.);
#4838=ORIENTED_EDGE('',*,*,#3583,.T.);
#4839=ORIENTED_EDGE('',*,*,#3585,.F.);
#4840=ORIENTED_EDGE('',*,*,#3586,.F.);
#4841=ORIENTED_EDGE('',*,*,#3587,.F.);
#4842=ORIENTED_EDGE('',*,*,#3586,.T.);
#4843=ORIENTED_EDGE('',*,*,#3588,.F.);
#4844=ORIENTED_EDGE('',*,*,#3589,.F.);
#4845=ORIENTED_EDGE('',*,*,#3590,.T.);
#4846=ORIENTED_EDGE('',*,*,#3589,.T.);
#4847=ORIENTED_EDGE('',*,*,#3591,.F.);
#4848=ORIENTED_EDGE('',*,*,#3521,.F.);
#4849=ORIENTED_EDGE('',*,*,#3591,.T.);
#4850=ORIENTED_EDGE('',*,*,#3588,.T.);
#4851=ORIENTED_EDGE('',*,*,#3585,.T.);
#4852=ORIENTED_EDGE('',*,*,#3582,.T.);
#4853=ORIENTED_EDGE('',*,*,#3579,.T.);
#4854=ORIENTED_EDGE('',*,*,#3576,.T.);
#4855=ORIENTED_EDGE('',*,*,#3573,.T.);
#4856=ORIENTED_EDGE('',*,*,#3570,.T.);
#4857=ORIENTED_EDGE('',*,*,#3567,.T.);
#4858=ORIENTED_EDGE('',*,*,#3564,.T.);
#4859=ORIENTED_EDGE('',*,*,#3561,.T.);
#4860=ORIENTED_EDGE('',*,*,#3558,.T.);
#4861=ORIENTED_EDGE('',*,*,#3555,.T.);
#4862=ORIENTED_EDGE('',*,*,#3552,.T.);
#4863=ORIENTED_EDGE('',*,*,#3549,.T.);
#4864=ORIENTED_EDGE('',*,*,#3546,.T.);
#4865=ORIENTED_EDGE('',*,*,#3543,.T.);
#4866=ORIENTED_EDGE('',*,*,#3540,.T.);
#4867=ORIENTED_EDGE('',*,*,#3537,.T.);
#4868=ORIENTED_EDGE('',*,*,#3534,.T.);
#4869=ORIENTED_EDGE('',*,*,#3531,.T.);
#4870=ORIENTED_EDGE('',*,*,#3528,.T.);
#4871=ORIENTED_EDGE('',*,*,#3525,.T.);
#4872=ORIENTED_EDGE('',*,*,#3522,.T.);
#4873=ORIENTED_EDGE('',*,*,#3517,.T.);
#4874=ORIENTED_EDGE('',*,*,#3514,.T.);
#4875=ORIENTED_EDGE('',*,*,#3511,.T.);
#4876=ORIENTED_EDGE('',*,*,#3508,.T.);
#4877=ORIENTED_EDGE('',*,*,#3505,.T.);
#4878=ORIENTED_EDGE('',*,*,#3502,.T.);
#4879=ORIENTED_EDGE('',*,*,#3499,.T.);
#4880=ORIENTED_EDGE('',*,*,#3496,.T.);
#4881=ORIENTED_EDGE('',*,*,#3590,.F.);
#4882=ORIENTED_EDGE('',*,*,#3520,.F.);
#4883=ORIENTED_EDGE('',*,*,#3524,.T.);
#4884=ORIENTED_EDGE('',*,*,#3527,.F.);
#4885=ORIENTED_EDGE('',*,*,#3530,.F.);
#4886=ORIENTED_EDGE('',*,*,#3533,.F.);
#4887=ORIENTED_EDGE('',*,*,#3536,.F.);
#4888=ORIENTED_EDGE('',*,*,#3539,.T.);
#4889=ORIENTED_EDGE('',*,*,#3542,.T.);
#4890=ORIENTED_EDGE('',*,*,#3545,.T.);
#4891=ORIENTED_EDGE('',*,*,#3548,.F.);
#4892=ORIENTED_EDGE('',*,*,#3551,.T.);
#4893=ORIENTED_EDGE('',*,*,#3554,.F.);
#4894=ORIENTED_EDGE('',*,*,#3557,.T.);
#4895=ORIENTED_EDGE('',*,*,#3560,.T.);
#4896=ORIENTED_EDGE('',*,*,#3563,.F.);
#4897=ORIENTED_EDGE('',*,*,#3566,.F.);
#4898=ORIENTED_EDGE('',*,*,#3569,.F.);
#4899=ORIENTED_EDGE('',*,*,#3572,.F.);
#4900=ORIENTED_EDGE('',*,*,#3575,.F.);
#4901=ORIENTED_EDGE('',*,*,#3578,.T.);
#4902=ORIENTED_EDGE('',*,*,#3581,.F.);
#4903=ORIENTED_EDGE('',*,*,#3584,.F.);
#4904=ORIENTED_EDGE('',*,*,#3587,.T.);
#4905=ORIENTED_EDGE('',*,*,#3519,.F.);
#4906=ORIENTED_EDGE('',*,*,#3516,.F.);
#4907=ORIENTED_EDGE('',*,*,#3513,.F.);
#4908=ORIENTED_EDGE('',*,*,#3510,.F.);
#4909=ORIENTED_EDGE('',*,*,#3507,.F.);
#4910=ORIENTED_EDGE('',*,*,#3504,.F.);
#4911=ORIENTED_EDGE('',*,*,#3501,.F.);
#4912=ORIENTED_EDGE('',*,*,#3498,.F.);
#4913=ORIENTED_EDGE('',*,*,#3592,.F.);
#4914=ORIENTED_EDGE('',*,*,#3593,.T.);
#4915=ORIENTED_EDGE('',*,*,#3594,.T.);
#4916=ORIENTED_EDGE('',*,*,#3593,.F.);
#4917=ORIENTED_EDGE('',*,*,#3595,.F.);
#4918=ORIENTED_EDGE('',*,*,#3596,.T.);
#4919=ORIENTED_EDGE('',*,*,#3597,.T.);
#4920=ORIENTED_EDGE('',*,*,#3596,.F.);
#4921=ORIENTED_EDGE('',*,*,#3598,.F.);
#4922=ORIENTED_EDGE('',*,*,#3599,.T.);
#4923=ORIENTED_EDGE('',*,*,#3600,.T.);
#4924=ORIENTED_EDGE('',*,*,#3599,.F.);
#4925=ORIENTED_EDGE('',*,*,#3601,.F.);
#4926=ORIENTED_EDGE('',*,*,#3602,.T.);
#4927=ORIENTED_EDGE('',*,*,#3603,.T.);
#4928=ORIENTED_EDGE('',*,*,#3602,.F.);
#4929=ORIENTED_EDGE('',*,*,#3604,.F.);
#4930=ORIENTED_EDGE('',*,*,#3605,.T.);
#4931=ORIENTED_EDGE('',*,*,#3606,.T.);
#4932=ORIENTED_EDGE('',*,*,#3605,.F.);
#4933=ORIENTED_EDGE('',*,*,#3607,.F.);
#4934=ORIENTED_EDGE('',*,*,#3608,.T.);
#4935=ORIENTED_EDGE('',*,*,#3609,.T.);
#4936=ORIENTED_EDGE('',*,*,#3608,.F.);
#4937=ORIENTED_EDGE('',*,*,#3610,.F.);
#4938=ORIENTED_EDGE('',*,*,#3611,.T.);
#4939=ORIENTED_EDGE('',*,*,#3612,.T.);
#4940=ORIENTED_EDGE('',*,*,#3611,.F.);
#4941=ORIENTED_EDGE('',*,*,#3613,.F.);
#4942=ORIENTED_EDGE('',*,*,#3614,.T.);
#4943=ORIENTED_EDGE('',*,*,#3615,.F.);
#4944=ORIENTED_EDGE('',*,*,#3616,.F.);
#4945=ORIENTED_EDGE('',*,*,#3617,.F.);
#4946=ORIENTED_EDGE('',*,*,#3616,.T.);
#4947=ORIENTED_EDGE('',*,*,#3618,.F.);
#4948=ORIENTED_EDGE('',*,*,#3619,.F.);
#4949=ORIENTED_EDGE('',*,*,#3620,.F.);
#4950=ORIENTED_EDGE('',*,*,#3619,.T.);
#4951=ORIENTED_EDGE('',*,*,#3621,.F.);
#4952=ORIENTED_EDGE('',*,*,#3622,.F.);
#4953=ORIENTED_EDGE('',*,*,#3623,.F.);
#4954=ORIENTED_EDGE('',*,*,#3622,.T.);
#4955=ORIENTED_EDGE('',*,*,#3624,.F.);
#4956=ORIENTED_EDGE('',*,*,#3625,.F.);
#4957=ORIENTED_EDGE('',*,*,#3626,.F.);
#4958=ORIENTED_EDGE('',*,*,#3625,.T.);
#4959=ORIENTED_EDGE('',*,*,#3627,.F.);
#4960=ORIENTED_EDGE('',*,*,#3628,.F.);
#4961=ORIENTED_EDGE('',*,*,#3629,.F.);
#4962=ORIENTED_EDGE('',*,*,#3628,.T.);
#4963=ORIENTED_EDGE('',*,*,#3630,.F.);
#4964=ORIENTED_EDGE('',*,*,#3631,.F.);
#4965=ORIENTED_EDGE('',*,*,#3632,.F.);
#4966=ORIENTED_EDGE('',*,*,#3631,.T.);
#4967=ORIENTED_EDGE('',*,*,#3633,.F.);
#4968=ORIENTED_EDGE('',*,*,#3634,.F.);
#4969=ORIENTED_EDGE('',*,*,#3635,.T.);
#4970=ORIENTED_EDGE('',*,*,#3634,.T.);
#4971=ORIENTED_EDGE('',*,*,#3636,.F.);
#4972=ORIENTED_EDGE('',*,*,#3614,.F.);
#4973=ORIENTED_EDGE('',*,*,#3636,.T.);
#4974=ORIENTED_EDGE('',*,*,#3633,.T.);
#4975=ORIENTED_EDGE('',*,*,#3630,.T.);
#4976=ORIENTED_EDGE('',*,*,#3627,.T.);
#4977=ORIENTED_EDGE('',*,*,#3624,.T.);
#4978=ORIENTED_EDGE('',*,*,#3621,.T.);
#4979=ORIENTED_EDGE('',*,*,#3618,.T.);
#4980=ORIENTED_EDGE('',*,*,#3615,.T.);
#4981=ORIENTED_EDGE('',*,*,#3610,.T.);
#4982=ORIENTED_EDGE('',*,*,#3607,.T.);
#4983=ORIENTED_EDGE('',*,*,#3604,.T.);
#4984=ORIENTED_EDGE('',*,*,#3601,.T.);
#4985=ORIENTED_EDGE('',*,*,#3598,.T.);
#4986=ORIENTED_EDGE('',*,*,#3595,.T.);
#4987=ORIENTED_EDGE('',*,*,#3592,.T.);
#4988=ORIENTED_EDGE('',*,*,#3635,.F.);
#4989=ORIENTED_EDGE('',*,*,#3613,.T.);
#4990=ORIENTED_EDGE('',*,*,#3617,.T.);
#4991=ORIENTED_EDGE('',*,*,#3620,.T.);
#4992=ORIENTED_EDGE('',*,*,#3623,.T.);
#4993=ORIENTED_EDGE('',*,*,#3626,.T.);
#4994=ORIENTED_EDGE('',*,*,#3629,.T.);
#4995=ORIENTED_EDGE('',*,*,#3632,.T.);
#4996=ORIENTED_EDGE('',*,*,#3612,.F.);
#4997=ORIENTED_EDGE('',*,*,#3609,.F.);
#4998=ORIENTED_EDGE('',*,*,#3606,.F.);
#4999=ORIENTED_EDGE('',*,*,#3603,.F.);
#5000=ORIENTED_EDGE('',*,*,#3600,.F.);
#5001=ORIENTED_EDGE('',*,*,#3597,.F.);
#5002=ORIENTED_EDGE('',*,*,#3594,.F.);
#5003=ORIENTED_EDGE('',*,*,#3637,.T.);
#5004=ORIENTED_EDGE('',*,*,#3638,.F.);
#5005=ORIENTED_EDGE('',*,*,#3639,.F.);
#5006=ORIENTED_EDGE('',*,*,#3639,.T.);
#5007=ORIENTED_EDGE('',*,*,#3640,.T.);
#5008=ORIENTED_EDGE('',*,*,#3641,.T.);
#5009=ORIENTED_EDGE('',*,*,#3640,.F.);
#5010=ORIENTED_EDGE('',*,*,#3641,.F.);
#5011=ORIENTED_EDGE('',*,*,#3638,.T.);
#5012=ORIENTED_EDGE('',*,*,#3642,.T.);
#5013=ORIENTED_EDGE('',*,*,#3643,.F.);
#5014=ORIENTED_EDGE('',*,*,#3642,.F.);
#5015=ORIENTED_EDGE('',*,*,#3637,.F.);
#5016=ORIENTED_EDGE('',*,*,#3644,.T.);
#5017=ORIENTED_EDGE('',*,*,#3645,.T.);
#5018=ORIENTED_EDGE('',*,*,#3644,.F.);
#5019=ORIENTED_EDGE('',*,*,#3646,.F.);
#5020=ORIENTED_EDGE('',*,*,#3645,.F.);
#5021=ORIENTED_EDGE('',*,*,#3647,.F.);
#5022=ORIENTED_EDGE('',*,*,#3648,.T.);
#5023=ORIENTED_EDGE('',*,*,#3646,.T.);
#5024=ORIENTED_EDGE('',*,*,#3648,.F.);
#5025=ORIENTED_EDGE('',*,*,#3647,.T.);
#5026=ORIENTED_EDGE('',*,*,#3643,.T.);
#5027=ORIENTED_EDGE('',*,*,#3649,.F.);
#5028=ORIENTED_EDGE('',*,*,#3650,.F.);
#5029=ORIENTED_EDGE('',*,*,#3651,.F.);
#5030=ORIENTED_EDGE('',*,*,#3652,.F.);
#5031=ORIENTED_EDGE('',*,*,#3653,.F.);
#5032=ORIENTED_EDGE('',*,*,#3654,.F.);
#5033=ORIENTED_EDGE('',*,*,#3655,.F.);
#5034=ORIENTED_EDGE('',*,*,#3651,.T.);
#5035=ORIENTED_EDGE('',*,*,#3656,.T.);
#5036=ORIENTED_EDGE('',*,*,#3657,.T.);
#5037=ORIENTED_EDGE('',*,*,#3658,.T.);
#5038=ORIENTED_EDGE('',*,*,#3650,.T.);
#5039=ORIENTED_EDGE('',*,*,#3659,.F.);
#5040=ORIENTED_EDGE('',*,*,#3660,.F.);
#5041=ORIENTED_EDGE('',*,*,#3656,.F.);
#5042=ORIENTED_EDGE('',*,*,#3649,.T.);
#5043=ORIENTED_EDGE('',*,*,#3661,.T.);
#5044=ORIENTED_EDGE('',*,*,#3662,.T.);
#5045=ORIENTED_EDGE('',*,*,#3659,.T.);
#5046=ORIENTED_EDGE('',*,*,#3663,.F.);
#5047=ORIENTED_EDGE('',*,*,#3664,.F.);
#5048=ORIENTED_EDGE('',*,*,#3665,.F.);
#5049=ORIENTED_EDGE('',*,*,#3666,.F.);
#5050=ORIENTED_EDGE('',*,*,#3667,.F.);
#5051=ORIENTED_EDGE('',*,*,#3668,.F.);
#5052=ORIENTED_EDGE('',*,*,#3669,.F.);
#5053=ORIENTED_EDGE('',*,*,#3664,.T.);
#5054=ORIENTED_EDGE('',*,*,#3670,.F.);
#5055=ORIENTED_EDGE('',*,*,#3671,.F.);
#5056=ORIENTED_EDGE('',*,*,#3672,.F.);
#5057=ORIENTED_EDGE('',*,*,#3663,.T.);
#5058=ORIENTED_EDGE('',*,*,#3673,.T.);
#5059=ORIENTED_EDGE('',*,*,#3674,.T.);
#5060=ORIENTED_EDGE('',*,*,#3670,.T.);
#5061=ORIENTED_EDGE('',*,*,#3668,.T.);
#5062=ORIENTED_EDGE('',*,*,#3675,.F.);
#5063=ORIENTED_EDGE('',*,*,#3676,.T.);
#5064=ORIENTED_EDGE('',*,*,#3673,.F.);
#5065=ORIENTED_EDGE('',*,*,#3677,.T.);
#5066=ORIENTED_EDGE('',*,*,#3678,.T.);
#5067=ORIENTED_EDGE('',*,*,#3679,.T.);
#5068=ORIENTED_EDGE('',*,*,#3680,.T.);
#5069=ORIENTED_EDGE('',*,*,#3678,.F.);
#5070=ORIENTED_EDGE('',*,*,#3681,.T.);
#5071=ORIENTED_EDGE('',*,*,#3682,.F.);
#5072=ORIENTED_EDGE('',*,*,#3683,.F.);
#5073=ORIENTED_EDGE('',*,*,#3667,.T.);
#5074=ORIENTED_EDGE('',*,*,#3684,.T.);
#5075=ORIENTED_EDGE('',*,*,#3685,.T.);
#5076=ORIENTED_EDGE('',*,*,#3675,.T.);
#5077=ORIENTED_EDGE('',*,*,#3686,.T.);
#5078=ORIENTED_EDGE('',*,*,#3687,.T.);
#5079=ORIENTED_EDGE('',*,*,#3688,.T.);
#5080=ORIENTED_EDGE('',*,*,#3689,.T.);
#5081=ORIENTED_EDGE('',*,*,#3687,.F.);
#5082=ORIENTED_EDGE('',*,*,#3690,.T.);
#5083=ORIENTED_EDGE('',*,*,#3691,.F.);
#5084=ORIENTED_EDGE('',*,*,#3692,.F.);
#5085=ORIENTED_EDGE('',*,*,#3665,.T.);
#5086=ORIENTED_EDGE('',*,*,#3672,.T.);
#5087=ORIENTED_EDGE('',*,*,#3693,.T.);
#5088=ORIENTED_EDGE('',*,*,#3694,.T.);
#5089=ORIENTED_EDGE('',*,*,#3653,.T.);
#5090=ORIENTED_EDGE('',*,*,#3695,.T.);
#5091=ORIENTED_EDGE('',*,*,#3696,.T.);
#5092=ORIENTED_EDGE('',*,*,#3697,.T.);
#5093=ORIENTED_EDGE('',*,*,#3654,.T.);
#5094=ORIENTED_EDGE('',*,*,#3697,.F.);
#5095=ORIENTED_EDGE('',*,*,#3698,.T.);
#5096=ORIENTED_EDGE('',*,*,#3661,.F.);
#5097=ORIENTED_EDGE('',*,*,#3699,.T.);
#5098=ORIENTED_EDGE('',*,*,#3700,.T.);
#5099=ORIENTED_EDGE('',*,*,#3701,.T.);
#5100=ORIENTED_EDGE('',*,*,#3702,.T.);
#5101=ORIENTED_EDGE('',*,*,#3700,.F.);
#5102=ORIENTED_EDGE('',*,*,#3703,.T.);
#5103=ORIENTED_EDGE('',*,*,#3704,.F.);
#5104=ORIENTED_EDGE('',*,*,#3705,.F.);
#5105=ORIENTED_EDGE('',*,*,#3706,.T.);
#5106=ORIENTED_EDGE('',*,*,#3707,.T.);
#5107=ORIENTED_EDGE('',*,*,#3708,.T.);
#5108=ORIENTED_EDGE('',*,*,#3709,.T.);
#5109=ORIENTED_EDGE('',*,*,#3707,.F.);
#5110=ORIENTED_EDGE('',*,*,#3710,.T.);
#5111=ORIENTED_EDGE('',*,*,#3711,.F.);
#5112=ORIENTED_EDGE('',*,*,#3712,.F.);
#5113=ORIENTED_EDGE('',*,*,#3713,.F.);
#5114=ORIENTED_EDGE('',*,*,#3690,.F.);
#5115=ORIENTED_EDGE('',*,*,#3686,.F.);
#5116=ORIENTED_EDGE('',*,*,#3714,.F.);
#5117=ORIENTED_EDGE('',*,*,#3679,.F.);
#5118=ORIENTED_EDGE('',*,*,#3683,.T.);
#5119=ORIENTED_EDGE('',*,*,#3715,.T.);
#5120=ORIENTED_EDGE('',*,*,#3713,.T.);
#5121=ORIENTED_EDGE('',*,*,#3682,.T.);
#5122=ORIENTED_EDGE('',*,*,#3716,.T.);
#5123=ORIENTED_EDGE('',*,*,#3691,.T.);
#5124=ORIENTED_EDGE('',*,*,#3717,.F.);
#5125=ORIENTED_EDGE('',*,*,#3703,.F.);
#5126=ORIENTED_EDGE('',*,*,#3699,.F.);
#5127=ORIENTED_EDGE('',*,*,#3718,.F.);
#5128=ORIENTED_EDGE('',*,*,#3708,.F.);
#5129=ORIENTED_EDGE('',*,*,#3712,.T.);
#5130=ORIENTED_EDGE('',*,*,#3719,.T.);
#5131=ORIENTED_EDGE('',*,*,#3717,.T.);
#5132=ORIENTED_EDGE('',*,*,#3711,.T.);
#5133=ORIENTED_EDGE('',*,*,#3720,.T.);
#5134=ORIENTED_EDGE('',*,*,#3704,.T.);
#5135=ORIENTED_EDGE('',*,*,#3662,.F.);
#5136=ORIENTED_EDGE('',*,*,#3698,.F.);
#5137=ORIENTED_EDGE('',*,*,#3696,.F.);
#5138=ORIENTED_EDGE('',*,*,#3721,.F.);
#5139=ORIENTED_EDGE('',*,*,#3657,.F.);
#5140=ORIENTED_EDGE('',*,*,#3660,.T.);
#5141=ORIENTED_EDGE('',*,*,#3722,.T.);
#5142=ORIENTED_EDGE('',*,*,#3719,.F.);
#5143=ORIENTED_EDGE('',*,*,#3723,.T.);
#5144=ORIENTED_EDGE('',*,*,#3724,.F.);
#5145=ORIENTED_EDGE('',*,*,#3723,.F.);
#5146=ORIENTED_EDGE('',*,*,#3715,.F.);
#5147=ORIENTED_EDGE('',*,*,#3725,.T.);
#5148=ORIENTED_EDGE('',*,*,#3726,.F.);
#5149=ORIENTED_EDGE('',*,*,#3725,.F.);
#5150=ORIENTED_EDGE('',*,*,#3722,.F.);
#5151=ORIENTED_EDGE('',*,*,#3727,.T.);
#5152=ORIENTED_EDGE('',*,*,#3655,.T.);
#5153=ORIENTED_EDGE('',*,*,#3727,.F.);
#5154=ORIENTED_EDGE('',*,*,#3669,.T.);
#5155=ORIENTED_EDGE('',*,*,#3728,.T.);
#5156=ORIENTED_EDGE('',*,*,#3729,.F.);
#5157=ORIENTED_EDGE('',*,*,#3728,.F.);
#5158=ORIENTED_EDGE('',*,*,#3674,.F.);
#5159=ORIENTED_EDGE('',*,*,#3676,.F.);
#5160=ORIENTED_EDGE('',*,*,#3685,.F.);
#5161=ORIENTED_EDGE('',*,*,#3730,.F.);
#5162=ORIENTED_EDGE('',*,*,#3693,.F.);
#5163=ORIENTED_EDGE('',*,*,#3671,.T.);
#5164=ORIENTED_EDGE('',*,*,#3729,.T.);
#5165=ORIENTED_EDGE('',*,*,#3716,.F.);
#5166=ORIENTED_EDGE('',*,*,#3681,.F.);
#5167=ORIENTED_EDGE('',*,*,#3677,.F.);
#5168=ORIENTED_EDGE('',*,*,#3731,.F.);
#5169=ORIENTED_EDGE('',*,*,#3688,.F.);
#5170=ORIENTED_EDGE('',*,*,#3692,.T.);
#5171=ORIENTED_EDGE('',*,*,#3726,.T.);
#5172=ORIENTED_EDGE('',*,*,#3720,.F.);
#5173=ORIENTED_EDGE('',*,*,#3710,.F.);
#5174=ORIENTED_EDGE('',*,*,#3706,.F.);
#5175=ORIENTED_EDGE('',*,*,#3732,.F.);
#5176=ORIENTED_EDGE('',*,*,#3701,.F.);
#5177=ORIENTED_EDGE('',*,*,#3705,.T.);
#5178=ORIENTED_EDGE('',*,*,#3724,.T.);
#5179=ORIENTED_EDGE('',*,*,#3733,.F.);
#5180=ORIENTED_EDGE('',*,*,#3734,.T.);
#5181=ORIENTED_EDGE('',*,*,#3735,.F.);
#5182=ORIENTED_EDGE('',*,*,#3736,.F.);
#5183=ORIENTED_EDGE('',*,*,#3737,.F.);
#5184=ORIENTED_EDGE('',*,*,#3736,.T.);
#5185=ORIENTED_EDGE('',*,*,#3738,.F.);
#5186=ORIENTED_EDGE('',*,*,#3739,.F.);
#5187=ORIENTED_EDGE('',*,*,#3740,.F.);
#5188=ORIENTED_EDGE('',*,*,#3739,.T.);
#5189=ORIENTED_EDGE('',*,*,#3741,.F.);
#5190=ORIENTED_EDGE('',*,*,#3742,.F.);
#5191=ORIENTED_EDGE('',*,*,#3743,.F.);
#5192=ORIENTED_EDGE('',*,*,#3742,.T.);
#5193=ORIENTED_EDGE('',*,*,#3744,.F.);
#5194=ORIENTED_EDGE('',*,*,#3734,.F.);
#5195=ORIENTED_EDGE('',*,*,#3744,.T.);
#5196=ORIENTED_EDGE('',*,*,#3741,.T.);
#5197=ORIENTED_EDGE('',*,*,#3738,.T.);
#5198=ORIENTED_EDGE('',*,*,#3735,.T.);
#5199=ORIENTED_EDGE('',*,*,#3745,.F.);
#5200=ORIENTED_EDGE('',*,*,#3746,.T.);
#5201=ORIENTED_EDGE('',*,*,#3747,.F.);
#5202=ORIENTED_EDGE('',*,*,#3748,.F.);
#5203=ORIENTED_EDGE('',*,*,#3749,.F.);
#5204=ORIENTED_EDGE('',*,*,#3748,.T.);
#5205=ORIENTED_EDGE('',*,*,#3750,.F.);
#5206=ORIENTED_EDGE('',*,*,#3751,.F.);
#5207=ORIENTED_EDGE('',*,*,#3752,.F.);
#5208=ORIENTED_EDGE('',*,*,#3751,.T.);
#5209=ORIENTED_EDGE('',*,*,#3753,.F.);
#5210=ORIENTED_EDGE('',*,*,#3754,.F.);
#5211=ORIENTED_EDGE('',*,*,#3755,.F.);
#5212=ORIENTED_EDGE('',*,*,#3754,.T.);
#5213=ORIENTED_EDGE('',*,*,#3756,.F.);
#5214=ORIENTED_EDGE('',*,*,#3746,.F.);
#5215=ORIENTED_EDGE('',*,*,#3756,.T.);
#5216=ORIENTED_EDGE('',*,*,#3753,.T.);
#5217=ORIENTED_EDGE('',*,*,#3750,.T.);
#5218=ORIENTED_EDGE('',*,*,#3747,.T.);
#5219=ORIENTED_EDGE('',*,*,#3757,.F.);
#5220=ORIENTED_EDGE('',*,*,#3758,.T.);
#5221=ORIENTED_EDGE('',*,*,#3759,.T.);
#5222=ORIENTED_EDGE('',*,*,#3758,.F.);
#5223=ORIENTED_EDGE('',*,*,#3760,.F.);
#5224=ORIENTED_EDGE('',*,*,#3761,.T.);
#5225=ORIENTED_EDGE('',*,*,#3762,.T.);
#5226=ORIENTED_EDGE('',*,*,#3761,.F.);
#5227=ORIENTED_EDGE('',*,*,#3763,.F.);
#5228=ORIENTED_EDGE('',*,*,#3764,.T.);
#5229=ORIENTED_EDGE('',*,*,#3765,.T.);
#5230=ORIENTED_EDGE('',*,*,#3764,.F.);
#5231=ORIENTED_EDGE('',*,*,#3766,.F.);
#5232=ORIENTED_EDGE('',*,*,#3767,.T.);
#5233=ORIENTED_EDGE('',*,*,#3768,.T.);
#5234=ORIENTED_EDGE('',*,*,#3767,.F.);
#5235=ORIENTED_EDGE('',*,*,#3769,.F.);
#5236=ORIENTED_EDGE('',*,*,#3770,.T.);
#5237=ORIENTED_EDGE('',*,*,#3771,.F.);
#5238=ORIENTED_EDGE('',*,*,#3772,.F.);
#5239=ORIENTED_EDGE('',*,*,#3773,.F.);
#5240=ORIENTED_EDGE('',*,*,#3772,.T.);
#5241=ORIENTED_EDGE('',*,*,#3774,.F.);
#5242=ORIENTED_EDGE('',*,*,#3775,.F.);
#5243=ORIENTED_EDGE('',*,*,#3776,.T.);
#5244=ORIENTED_EDGE('',*,*,#3775,.T.);
#5245=ORIENTED_EDGE('',*,*,#3777,.F.);
#5246=ORIENTED_EDGE('',*,*,#3778,.F.);
#5247=ORIENTED_EDGE('',*,*,#3779,.T.);
#5248=ORIENTED_EDGE('',*,*,#3778,.T.);
#5249=ORIENTED_EDGE('',*,*,#3780,.F.);
#5250=ORIENTED_EDGE('',*,*,#3781,.F.);
#5251=ORIENTED_EDGE('',*,*,#3782,.T.);
#5252=ORIENTED_EDGE('',*,*,#3781,.T.);
#5253=ORIENTED_EDGE('',*,*,#3783,.F.);
#5254=ORIENTED_EDGE('',*,*,#3784,.F.);
#5255=ORIENTED_EDGE('',*,*,#3785,.T.);
#5256=ORIENTED_EDGE('',*,*,#3784,.T.);
#5257=ORIENTED_EDGE('',*,*,#3786,.F.);
#5258=ORIENTED_EDGE('',*,*,#3770,.F.);
#5259=ORIENTED_EDGE('',*,*,#3786,.T.);
#5260=ORIENTED_EDGE('',*,*,#3783,.T.);
#5261=ORIENTED_EDGE('',*,*,#3780,.T.);
#5262=ORIENTED_EDGE('',*,*,#3777,.T.);
#5263=ORIENTED_EDGE('',*,*,#3774,.T.);
#5264=ORIENTED_EDGE('',*,*,#3771,.T.);
#5265=ORIENTED_EDGE('',*,*,#3714,.T.);
#5266=ORIENTED_EDGE('',*,*,#3689,.F.);
#5267=ORIENTED_EDGE('',*,*,#3731,.T.);
#5268=ORIENTED_EDGE('',*,*,#3680,.F.);
#5269=ORIENTED_EDGE('',*,*,#3694,.F.);
#5270=ORIENTED_EDGE('',*,*,#3730,.T.);
#5271=ORIENTED_EDGE('',*,*,#3684,.F.);
#5272=ORIENTED_EDGE('',*,*,#3666,.T.);
#5273=ORIENTED_EDGE('',*,*,#3658,.F.);
#5274=ORIENTED_EDGE('',*,*,#3721,.T.);
#5275=ORIENTED_EDGE('',*,*,#3695,.F.);
#5276=ORIENTED_EDGE('',*,*,#3652,.T.);
#5277=ORIENTED_EDGE('',*,*,#3732,.T.);
#5278=ORIENTED_EDGE('',*,*,#3709,.F.);
#5279=ORIENTED_EDGE('',*,*,#3718,.T.);
#5280=ORIENTED_EDGE('',*,*,#3702,.F.);
#5281=ORIENTED_EDGE('',*,*,#3766,.T.);
#5282=ORIENTED_EDGE('',*,*,#3763,.T.);
#5283=ORIENTED_EDGE('',*,*,#3760,.T.);
#5284=ORIENTED_EDGE('',*,*,#3757,.T.);
#5285=ORIENTED_EDGE('',*,*,#3785,.F.);
#5286=ORIENTED_EDGE('',*,*,#3769,.T.);
#5287=ORIENTED_EDGE('',*,*,#3773,.T.);
#5288=ORIENTED_EDGE('',*,*,#3776,.F.);
#5289=ORIENTED_EDGE('',*,*,#3779,.F.);
#5290=ORIENTED_EDGE('',*,*,#3782,.F.);
#5291=ORIENTED_EDGE('',*,*,#3733,.T.);
#5292=ORIENTED_EDGE('',*,*,#3737,.T.);
#5293=ORIENTED_EDGE('',*,*,#3740,.T.);
#5294=ORIENTED_EDGE('',*,*,#3743,.T.);
#5295=ORIENTED_EDGE('',*,*,#3745,.T.);
#5296=ORIENTED_EDGE('',*,*,#3749,.T.);
#5297=ORIENTED_EDGE('',*,*,#3752,.T.);
#5298=ORIENTED_EDGE('',*,*,#3755,.T.);
#5299=ORIENTED_EDGE('',*,*,#3768,.F.);
#5300=ORIENTED_EDGE('',*,*,#3765,.F.);
#5301=ORIENTED_EDGE('',*,*,#3762,.F.);
#5302=ORIENTED_EDGE('',*,*,#3759,.F.);
#5303=CYLINDRICAL_SURFACE('',#5903,1.5);
#5304=CYLINDRICAL_SURFACE('',#5906,1.5);
#5305=CYLINDRICAL_SURFACE('',#5909,1.5);
#5306=CYLINDRICAL_SURFACE('',#5912,1.5);
#5307=CYLINDRICAL_SURFACE('',#5915,1.5);
#5308=CYLINDRICAL_SURFACE('',#5918,1.5);
#5309=CYLINDRICAL_SURFACE('',#5921,1.5);
#5310=CYLINDRICAL_SURFACE('',#5924,1.5);
#5311=CYLINDRICAL_SURFACE('',#5927,1.5);
#5312=CYLINDRICAL_SURFACE('',#5930,1.5);
#5313=CYLINDRICAL_SURFACE('',#5933,1.5);
#5314=CYLINDRICAL_SURFACE('',#5936,1.5);
#5315=CYLINDRICAL_SURFACE('',#5939,5.);
#5316=CYLINDRICAL_SURFACE('',#5942,1.5);
#5317=CYLINDRICAL_SURFACE('',#5945,1.5);
#5318=CYLINDRICAL_SURFACE('',#5948,5.);
#5319=CYLINDRICAL_SURFACE('',#5951,5.);
#5320=CYLINDRICAL_SURFACE('',#5954,1.5);
#5321=CYLINDRICAL_SURFACE('',#5957,1.5);
#5322=CYLINDRICAL_SURFACE('',#5965,100.);
#5323=CYLINDRICAL_SURFACE('',#5971,100.);
#5324=CYLINDRICAL_SURFACE('',#5979,1.5);
#5325=CYLINDRICAL_SURFACE('',#5982,1.5);
#5326=CYLINDRICAL_SURFACE('',#5985,1.5);
#5327=CYLINDRICAL_SURFACE('',#5988,1.5);
#5328=CYLINDRICAL_SURFACE('',#5991,1.5);
#5329=CYLINDRICAL_SURFACE('',#5994,1.5);
#5330=CYLINDRICAL_SURFACE('',#5997,1.5);
#5331=CYLINDRICAL_SURFACE('',#6000,1.5);
#5332=CYLINDRICAL_SURFACE('',#6003,1.5);
#5333=CYLINDRICAL_SURFACE('',#6006,1.5);
#5334=CYLINDRICAL_SURFACE('',#6009,1.5);
#5335=CYLINDRICAL_SURFACE('',#6012,1.5);
#5336=CYLINDRICAL_SURFACE('',#6015,1.5);
#5337=CYLINDRICAL_SURFACE('',#6018,1.5);
#5338=CYLINDRICAL_SURFACE('',#6021,1.5);
#5339=CYLINDRICAL_SURFACE('',#6024,1.5);
#5340=CYLINDRICAL_SURFACE('',#6027,1.5);
#5341=CYLINDRICAL_SURFACE('',#6030,1.5);
#5342=CYLINDRICAL_SURFACE('',#6033,1.5);
#5343=CYLINDRICAL_SURFACE('',#6036,1.5);
#5344=CYLINDRICAL_SURFACE('',#6039,1.5);
#5345=CYLINDRICAL_SURFACE('',#6042,1.5);
#5346=CYLINDRICAL_SURFACE('',#6045,1.5);
#5347=CYLINDRICAL_SURFACE('',#6048,1.5);
#5348=CYLINDRICAL_SURFACE('',#6051,1.5);
#5349=CYLINDRICAL_SURFACE('',#6054,1.5);
#5350=CYLINDRICAL_SURFACE('',#6057,1.5);
#5351=CYLINDRICAL_SURFACE('',#6060,1.5);
#5352=CYLINDRICAL_SURFACE('',#6063,125.);
#5353=CYLINDRICAL_SURFACE('',#6066,100.);
#5354=CYLINDRICAL_SURFACE('',#6072,100.);
#5355=CYLINDRICAL_SURFACE('',#6078,100.);
#5356=CYLINDRICAL_SURFACE('',#6084,100.);
#5357=CYLINDRICAL_SURFACE('',#6090,32.5);
#5358=CYLINDRICAL_SURFACE('',#6093,1.5);
#5359=CYLINDRICAL_SURFACE('',#6096,1.5);
#5360=CYLINDRICAL_SURFACE('',#6099,1.5);
#5361=CYLINDRICAL_SURFACE('',#6102,1.5);
#5362=CYLINDRICAL_SURFACE('',#6105,1.5);
#5363=CYLINDRICAL_SURFACE('',#6108,1.5);
#5364=CYLINDRICAL_SURFACE('',#6111,1.5);
#5365=CYLINDRICAL_SURFACE('',#6114,1.5);
#5366=CYLINDRICAL_SURFACE('',#6117,50.);
#5367=CYLINDRICAL_SURFACE('',#6123,1.5);
#5368=CYLINDRICAL_SURFACE('',#6126,1.5);
#5369=CYLINDRICAL_SURFACE('',#6141,7.);
#5370=CYLINDRICAL_SURFACE('',#6147,1.5);
#5371=CYLINDRICAL_SURFACE('',#6150,1.5);
#5372=CYLINDRICAL_SURFACE('',#6153,1.5);
#5373=CYLINDRICAL_SURFACE('',#6156,1.5);
#5374=CYLINDRICAL_SURFACE('',#6159,1.5);
#5375=CYLINDRICAL_SURFACE('',#6162,1.5);
#5376=CYLINDRICAL_SURFACE('',#6165,1.5);
#5377=CYLINDRICAL_SURFACE('',#6168,1.5);
#5378=CYLINDRICAL_SURFACE('',#6171,7.5);
#5379=CYLINDRICAL_SURFACE('',#6174,1.5);
#5380=CYLINDRICAL_SURFACE('',#6177,1.5);
#5381=CYLINDRICAL_SURFACE('',#6180,1.5);
#5382=CYLINDRICAL_SURFACE('',#6183,1.5);
#5383=CYLINDRICAL_SURFACE('',#6186,1.5);
#5384=CYLINDRICAL_SURFACE('',#6189,1.5);
#5385=CYLINDRICAL_SURFACE('',#6192,1.5);
#5386=CYLINDRICAL_SURFACE('',#6195,1.5);
#5387=CYLINDRICAL_SURFACE('',#6198,1.5);
#5388=CYLINDRICAL_SURFACE('',#6201,1.5);
#5389=CYLINDRICAL_SURFACE('',#6215,1.5);
#5390=CYLINDRICAL_SURFACE('',#6218,1.5);
#5391=CYLINDRICAL_SURFACE('',#6221,1.5);
#5392=CYLINDRICAL_SURFACE('',#6228,1.5);
#5393=CYLINDRICAL_SURFACE('',#6231,1.5);
#5394=CYLINDRICAL_SURFACE('',#6238,1.5);
#5395=CYLINDRICAL_SURFACE('',#6241,1.5);
#5396=CYLINDRICAL_SURFACE('',#6244,1.5);
#5397=CYLINDRICAL_SURFACE('',#6247,125.);
#5398=CYLINDRICAL_SURFACE('',#6250,100.);
#5399=CYLINDRICAL_SURFACE('',#6260,100.);
#5400=CYLINDRICAL_SURFACE('',#6273,14.5);
#5401=CYLINDRICAL_SURFACE('',#6284,5.);
#5402=CYLINDRICAL_SURFACE('',#6288,1.5);
#5403=CYLINDRICAL_SURFACE('',#6291,1.5);
#5404=CYLINDRICAL_SURFACE('',#6294,1.5);
#5405=CYLINDRICAL_SURFACE('',#6297,1.5);
#5406=CYLINDRICAL_SURFACE('',#6300,1.5);
#5407=CYLINDRICAL_SURFACE('',#6304,1.5);
#5408=CYLINDRICAL_SURFACE('',#6307,1.5);
#5409=CYLINDRICAL_SURFACE('',#6310,1.5);
#5410=CYLINDRICAL_SURFACE('',#6313,1.5);
#5411=CYLINDRICAL_SURFACE('',#6316,1.5);
#5412=CYLINDRICAL_SURFACE('',#6319,1.5);
#5413=CYLINDRICAL_SURFACE('',#6322,1.5);
#5414=CYLINDRICAL_SURFACE('',#6325,1.5);
#5415=CYLINDRICAL_SURFACE('',#6329,5.00000000000001);
#5416=CYLINDRICAL_SURFACE('',#6333,2.);
#5417=CYLINDRICAL_SURFACE('',#6337,2.);
#5418=CYLINDRICAL_SURFACE('',#6341,5.);
#5419=CYLINDRICAL_SURFACE('',#6345,2.);
#5420=CYLINDRICAL_SURFACE('',#6349,2.);
#5421=CYLINDRICAL_SURFACE('',#6353,5.);
#5422=CYLINDRICAL_SURFACE('',#6357,2.);
#5423=CYLINDRICAL_SURFACE('',#6361,2.);
#5424=CYLINDRICAL_SURFACE('',#6365,5.);
#5425=CYLINDRICAL_SURFACE('',#6369,2.);
#5426=CYLINDRICAL_SURFACE('',#6373,1.99999992735684);
#5427=CYLINDRICAL_SURFACE('',#6379,1.5);
#5428=CYLINDRICAL_SURFACE('',#6382,1.5);
#5429=CYLINDRICAL_SURFACE('',#6385,2.5);
#5430=CYLINDRICAL_SURFACE('',#6388,1.5);
#5431=CYLINDRICAL_SURFACE('',#6391,1.5);
#5432=CYLINDRICAL_SURFACE('',#6394,10.);
#5433=CYLINDRICAL_SURFACE('',#6397,1.5);
#5434=CYLINDRICAL_SURFACE('',#6416,1.5);
#5435=CYLINDRICAL_SURFACE('',#6419,2.);
#5436=CYLINDRICAL_SURFACE('',#6421,2.);
#5437=CYLINDRICAL_SURFACE('',#6425,4.5);
#5438=CYLINDRICAL_SURFACE('',#6434,3.);
#5439=CYLINDRICAL_SURFACE('',#6437,4.);
#5440=CYLINDRICAL_SURFACE('',#6445,4.);
#5441=CYLINDRICAL_SURFACE('',#6448,3.);
#5442=CYLINDRICAL_SURFACE('',#6452,3.);
#5443=CYLINDRICAL_SURFACE('',#6454,3.);
#5444=CYLINDRICAL_SURFACE('',#6458,3.);
#5445=CYLINDRICAL_SURFACE('',#6460,3.);
#5446=CYLINDRICAL_SURFACE('',#6463,3.);
#5447=CYLINDRICAL_SURFACE('',#6467,3.);
#5448=CYLINDRICAL_SURFACE('',#6474,4.);
#5449=CYLINDRICAL_SURFACE('',#6479,4.);
#5450=CYLINDRICAL_SURFACE('',#6483,1.5);
#5451=CYLINDRICAL_SURFACE('',#6485,1.5);
#5452=CYLINDRICAL_SURFACE('',#6487,1.5);
#5453=CYLINDRICAL_SURFACE('',#6488,1.5);
#5454=CYLINDRICAL_SURFACE('',#6503,1.5);
#5455=CYLINDRICAL_SURFACE('',#6506,1.5);
#5456=CYLINDRICAL_SURFACE('',#6509,1.5);
#5457=CYLINDRICAL_SURFACE('',#6512,1.5);
#5458=CYLINDRICAL_SURFACE('',#6516,125.);
#5459=ADVANCED_FACE('',(#497),#5303,.F.);
#5460=ADVANCED_FACE('',(#498),#5304,.F.);
#5461=ADVANCED_FACE('',(#499),#5305,.F.);
#5462=ADVANCED_FACE('',(#500),#5306,.F.);
#5463=ADVANCED_FACE('',(#501),#5307,.F.);
#5464=ADVANCED_FACE('',(#502),#5308,.F.);
#5465=ADVANCED_FACE('',(#503),#5309,.F.);
#5466=ADVANCED_FACE('',(#504),#5310,.F.);
#5467=ADVANCED_FACE('',(#505),#5311,.F.);
#5468=ADVANCED_FACE('',(#506),#5312,.F.);
#5469=ADVANCED_FACE('',(#507),#5313,.F.);
#5470=ADVANCED_FACE('',(#508),#5314,.F.);
#5471=ADVANCED_FACE('',(#509),#5315,.F.);
#5472=ADVANCED_FACE('',(#510),#5316,.F.);
#5473=ADVANCED_FACE('',(#511),#5317,.F.);
#5474=ADVANCED_FACE('',(#512),#5318,.F.);
#5475=ADVANCED_FACE('',(#513),#5319,.F.);
#5476=ADVANCED_FACE('',(#514),#5320,.F.);
#5477=ADVANCED_FACE('',(#515),#5321,.F.);
#5478=ADVANCED_FACE('',(#516),#361,.T.);
#5479=ADVANCED_FACE('',(#517),#362,.T.);
#5480=ADVANCED_FACE('',(#518),#363,.T.);
#5481=ADVANCED_FACE('',(#519),#364,.T.);
#5482=ADVANCED_FACE('',(#520),#365,.T.);
#5483=ADVANCED_FACE('',(#521),#5322,.T.);
#5484=ADVANCED_FACE('',(#522),#366,.T.);
#5485=ADVANCED_FACE('',(#523),#367,.T.);
#5486=ADVANCED_FACE('',(#524),#368,.T.);
#5487=ADVANCED_FACE('',(#525),#5323,.T.);
#5488=ADVANCED_FACE('',(#526),#369,.T.);
#5489=ADVANCED_FACE('',(#527),#370,.T.);
#5490=ADVANCED_FACE('',(#528,#126,#127,#128,#129,#130,#131,#132,#133,#134,
#135,#136,#137,#138,#139,#140,#141,#142,#143,#144),#371,.T.);
#5491=ADVANCED_FACE('',(#529,#145,#146,#147,#148,#149,#150,#151,#152,#153,
#154,#155,#156,#157,#158,#159,#160,#161,#162,#163),#372,.F.);
#5492=ADVANCED_FACE('',(#530),#5324,.F.);
#5493=ADVANCED_FACE('',(#531),#5325,.F.);
#5494=ADVANCED_FACE('',(#532),#5326,.F.);
#5495=ADVANCED_FACE('',(#533),#5327,.F.);
#5496=ADVANCED_FACE('',(#534),#5328,.F.);
#5497=ADVANCED_FACE('',(#535),#5329,.F.);
#5498=ADVANCED_FACE('',(#536),#5330,.F.);
#5499=ADVANCED_FACE('',(#537),#5331,.F.);
#5500=ADVANCED_FACE('',(#538),#5332,.F.);
#5501=ADVANCED_FACE('',(#539),#5333,.F.);
#5502=ADVANCED_FACE('',(#540),#5334,.F.);
#5503=ADVANCED_FACE('',(#541),#5335,.F.);
#5504=ADVANCED_FACE('',(#542),#5336,.F.);
#5505=ADVANCED_FACE('',(#543),#5337,.F.);
#5506=ADVANCED_FACE('',(#544),#5338,.F.);
#5507=ADVANCED_FACE('',(#545),#5339,.F.);
#5508=ADVANCED_FACE('',(#546),#5340,.F.);
#5509=ADVANCED_FACE('',(#547),#5341,.F.);
#5510=ADVANCED_FACE('',(#548),#5342,.F.);
#5511=ADVANCED_FACE('',(#549),#5343,.F.);
#5512=ADVANCED_FACE('',(#550),#5344,.F.);
#5513=ADVANCED_FACE('',(#551),#5345,.F.);
#5514=ADVANCED_FACE('',(#552),#5346,.F.);
#5515=ADVANCED_FACE('',(#553),#5347,.F.);
#5516=ADVANCED_FACE('',(#554),#5348,.F.);
#5517=ADVANCED_FACE('',(#555),#5349,.F.);
#5518=ADVANCED_FACE('',(#556),#5350,.F.);
#5519=ADVANCED_FACE('',(#557),#5351,.F.);
#5520=ADVANCED_FACE('',(#558),#5352,.F.);
#5521=ADVANCED_FACE('',(#559),#5353,.T.);
#5522=ADVANCED_FACE('',(#560),#373,.T.);
#5523=ADVANCED_FACE('',(#561),#374,.T.);
#5524=ADVANCED_FACE('',(#562),#375,.T.);
#5525=ADVANCED_FACE('',(#563),#5354,.T.);
#5526=ADVANCED_FACE('',(#564),#376,.T.);
#5527=ADVANCED_FACE('',(#565),#377,.T.);
#5528=ADVANCED_FACE('',(#566),#378,.T.);
#5529=ADVANCED_FACE('',(#567),#5355,.T.);
#5530=ADVANCED_FACE('',(#568),#379,.T.);
#5531=ADVANCED_FACE('',(#569),#380,.T.);
#5532=ADVANCED_FACE('',(#570),#381,.T.);
#5533=ADVANCED_FACE('',(#571),#5356,.T.);
#5534=ADVANCED_FACE('',(#572,#164,#165,#166,#167,#168,#169,#170,#171,#172,
#173,#174,#175,#176,#177,#178,#179,#180,#181,#182,#183,#184,#185,#186,#187,
#188,#189,#190,#191),#382,.T.);
#5535=ADVANCED_FACE('',(#573,#192,#193,#194,#195,#196,#197,#198,#199,#200,
#201,#202,#203,#204,#205,#206,#207,#208,#209,#210,#211,#212,#213,#214,#215,
#216,#217,#218,#219),#383,.F.);
#5536=ADVANCED_FACE('',(#574),#5357,.F.);
#5537=ADVANCED_FACE('',(#575),#5358,.F.);
#5538=ADVANCED_FACE('',(#576),#5359,.F.);
#5539=ADVANCED_FACE('',(#577),#5360,.F.);
#5540=ADVANCED_FACE('',(#578),#5361,.F.);
#5541=ADVANCED_FACE('',(#579),#5362,.F.);
#5542=ADVANCED_FACE('',(#580),#5363,.F.);
#5543=ADVANCED_FACE('',(#581),#5364,.F.);
#5544=ADVANCED_FACE('',(#582),#5365,.F.);
#5545=ADVANCED_FACE('',(#583),#5366,.T.);
#5546=ADVANCED_FACE('',(#584,#220,#221,#222,#223,#224,#225,#226,#227,#228),
#384,.T.);
#5547=ADVANCED_FACE('',(#585,#229,#230,#231,#232,#233,#234,#235,#236,#237),
#385,.F.);
#5548=ADVANCED_FACE('',(#586),#5367,.F.);
#5549=ADVANCED_FACE('',(#587),#5368,.F.);
#5550=ADVANCED_FACE('',(#588),#386,.T.);
#5551=ADVANCED_FACE('',(#589),#387,.T.);
#5552=ADVANCED_FACE('',(#590),#388,.T.);
#5553=ADVANCED_FACE('',(#591),#389,.T.);
#5554=ADVANCED_FACE('',(#592,#238,#239),#390,.T.);
#5555=ADVANCED_FACE('',(#593,#240,#241),#391,.F.);
#5556=ADVANCED_FACE('',(#594),#392,.T.);
#5557=ADVANCED_FACE('',(#595),#393,.T.);
#5558=ADVANCED_FACE('',(#596),#394,.T.);
#5559=ADVANCED_FACE('',(#597),#395,.T.);
#5560=ADVANCED_FACE('',(#598),#396,.T.);
#5561=ADVANCED_FACE('',(#599),#397,.F.);
#5562=ADVANCED_FACE('',(#600),#5369,.T.);
#5563=ADVANCED_FACE('',(#601),#398,.T.);
#5564=ADVANCED_FACE('',(#602),#399,.F.);
#5565=ADVANCED_FACE('',(#603),#5370,.F.);
#5566=ADVANCED_FACE('',(#604),#5371,.F.);
#5567=ADVANCED_FACE('',(#605),#5372,.F.);
#5568=ADVANCED_FACE('',(#606),#5373,.F.);
#5569=ADVANCED_FACE('',(#607),#5374,.F.);
#5570=ADVANCED_FACE('',(#608),#5375,.F.);
#5571=ADVANCED_FACE('',(#609),#5376,.F.);
#5572=ADVANCED_FACE('',(#610),#5377,.F.);
#5573=ADVANCED_FACE('',(#611),#5378,.F.);
#5574=ADVANCED_FACE('',(#612),#5379,.F.);
#5575=ADVANCED_FACE('',(#613),#5380,.F.);
#5576=ADVANCED_FACE('',(#614),#5381,.F.);
#5577=ADVANCED_FACE('',(#615),#5382,.F.);
#5578=ADVANCED_FACE('',(#616),#5383,.F.);
#5579=ADVANCED_FACE('',(#617),#5384,.F.);
#5580=ADVANCED_FACE('',(#618),#5385,.F.);
#5581=ADVANCED_FACE('',(#619),#5386,.F.);
#5582=ADVANCED_FACE('',(#620),#5387,.F.);
#5583=ADVANCED_FACE('',(#621),#5388,.F.);
#5584=ADVANCED_FACE('',(#622),#400,.T.);
#5585=ADVANCED_FACE('',(#623),#401,.T.);
#5586=ADVANCED_FACE('',(#624),#402,.T.);
#5587=ADVANCED_FACE('',(#625),#403,.T.);
#5588=ADVANCED_FACE('',(#626),#404,.T.);
#5589=ADVANCED_FACE('',(#627),#405,.T.);
#5590=ADVANCED_FACE('',(#628),#406,.T.);
#5591=ADVANCED_FACE('',(#629),#407,.T.);
#5592=ADVANCED_FACE('',(#630,#242,#243,#244,#245,#246,#247,#248,#249,#250,
#251,#252,#253,#254,#255,#256,#257,#258,#259,#260),#408,.T.);
#5593=ADVANCED_FACE('',(#631,#261,#262,#263,#264,#265,#266,#267,#268,#269,
#270,#271,#272,#273,#274,#275,#276,#277,#278,#279),#409,.F.);
#5594=ADVANCED_FACE('',(#632),#5389,.F.);
#5595=ADVANCED_FACE('',(#633),#5390,.F.);
#5596=ADVANCED_FACE('',(#634),#5391,.F.);
#5597=ADVANCED_FACE('',(#635),#410,.T.);
#5598=ADVANCED_FACE('',(#636),#411,.T.);
#5599=ADVANCED_FACE('',(#637),#412,.T.);
#5600=ADVANCED_FACE('',(#638),#413,.T.);
#5601=ADVANCED_FACE('',(#639),#5392,.F.);
#5602=ADVANCED_FACE('',(#640),#5393,.F.);
#5603=ADVANCED_FACE('',(#641),#414,.T.);
#5604=ADVANCED_FACE('',(#642),#415,.T.);
#5605=ADVANCED_FACE('',(#643),#416,.T.);
#5606=ADVANCED_FACE('',(#644),#417,.T.);
#5607=ADVANCED_FACE('',(#645),#5394,.F.);
#5608=ADVANCED_FACE('',(#646),#5395,.F.);
#5609=ADVANCED_FACE('',(#647),#5396,.F.);
#5610=ADVANCED_FACE('',(#648),#5397,.F.);
#5611=ADVANCED_FACE('',(#649),#5398,.T.);
#5612=ADVANCED_FACE('',(#650),#418,.T.);
#5613=ADVANCED_FACE('',(#651),#419,.T.);
#5614=ADVANCED_FACE('',(#652),#420,.T.);
#5615=ADVANCED_FACE('',(#653),#421,.T.);
#5616=ADVANCED_FACE('',(#654),#422,.T.);
#5617=ADVANCED_FACE('',(#655),#423,.T.);
#5618=ADVANCED_FACE('',(#656),#424,.T.);
#5619=ADVANCED_FACE('',(#657),#5399,.T.);
#5620=ADVANCED_FACE('',(#658,#280,#281,#282,#283,#284,#285,#286,#287,#288,
#289),#425,.T.);
#5621=ADVANCED_FACE('',(#659,#290,#291,#292,#293,#294,#295,#296,#297,#298,
#299),#426,.F.);
#5622=ADVANCED_FACE('',(#660),#69,.T.);
#5623=ADVANCED_FACE('',(#661),#67,.T.);
#5624=ADVANCED_FACE('',(#662),#5400,.T.);
#5625=ADVANCED_FACE('',(#663,#300,#301,#302,#303),#427,.F.);
#5626=ADVANCED_FACE('',(#664),#68,.T.);
#5627=ADVANCED_FACE('',(#665,#304),#428,.T.);
#5628=ADVANCED_FACE('',(#666),#5401,.T.);
#5629=ADVANCED_FACE('',(#667,#305),#429,.T.);
#5630=ADVANCED_FACE('',(#668),#5402,.T.);
#5631=ADVANCED_FACE('',(#669),#430,.T.);
#5632=ADVANCED_FACE('',(#670),#5403,.F.);
#5633=ADVANCED_FACE('',(#671),#431,.F.);
#5634=ADVANCED_FACE('',(#672),#5404,.F.);
#5635=ADVANCED_FACE('',(#673),#432,.F.);
#5636=ADVANCED_FACE('',(#674),#5405,.F.);
#5637=ADVANCED_FACE('',(#675),#433,.F.);
#5638=ADVANCED_FACE('',(#676),#5406,.F.);
#5639=ADVANCED_FACE('',(#677),#434,.F.);
#5640=ADVANCED_FACE('',(#678),#5407,.F.);
#5641=ADVANCED_FACE('',(#679),#5408,.F.);
#5642=ADVANCED_FACE('',(#680),#5409,.F.);
#5643=ADVANCED_FACE('',(#681),#5410,.F.);
#5644=ADVANCED_FACE('',(#682),#5411,.F.);
#5645=ADVANCED_FACE('',(#683),#5412,.F.);
#5646=ADVANCED_FACE('',(#684),#5413,.F.);
#5647=ADVANCED_FACE('',(#685),#5414,.F.);
#5648=ADVANCED_FACE('',(#686),#435,.T.);
#5649=ADVANCED_FACE('',(#687),#5415,.F.);
#5650=ADVANCED_FACE('',(#688),#436,.T.);
#5651=ADVANCED_FACE('',(#689),#5416,.T.);
#5652=ADVANCED_FACE('',(#690),#437,.T.);
#5653=ADVANCED_FACE('',(#691),#5417,.T.);
#5654=ADVANCED_FACE('',(#692),#438,.T.);
#5655=ADVANCED_FACE('',(#693),#5418,.F.);
#5656=ADVANCED_FACE('',(#694),#439,.T.);
#5657=ADVANCED_FACE('',(#695),#5419,.T.);
#5658=ADVANCED_FACE('',(#696),#440,.T.);
#5659=ADVANCED_FACE('',(#697),#5420,.T.);
#5660=ADVANCED_FACE('',(#698),#441,.T.);
#5661=ADVANCED_FACE('',(#699),#5421,.F.);
#5662=ADVANCED_FACE('',(#700),#442,.T.);
#5663=ADVANCED_FACE('',(#701),#5422,.T.);
#5664=ADVANCED_FACE('',(#702),#443,.T.);
#5665=ADVANCED_FACE('',(#703),#5423,.T.);
#5666=ADVANCED_FACE('',(#704),#444,.T.);
#5667=ADVANCED_FACE('',(#705),#5424,.F.);
#5668=ADVANCED_FACE('',(#706),#445,.T.);
#5669=ADVANCED_FACE('',(#707),#5425,.T.);
#5670=ADVANCED_FACE('',(#708),#446,.T.);
#5671=ADVANCED_FACE('',(#709),#5426,.T.);
#5672=ADVANCED_FACE('',(#710,#306,#307,#308,#309,#310,#311,#312,#313),#447,
 .T.);
#5673=ADVANCED_FACE('',(#711,#314,#315,#316,#317,#318,#319,#320,#321),#448,
 .F.);
#5674=ADVANCED_FACE('',(#712),#5427,.F.);
#5675=ADVANCED_FACE('',(#713),#5428,.F.);
#5676=ADVANCED_FACE('',(#714),#5429,.F.);
#5677=ADVANCED_FACE('',(#715),#5430,.F.);
#5678=ADVANCED_FACE('',(#716),#5431,.F.);
#5679=ADVANCED_FACE('',(#717),#5432,.F.);
#5680=ADVANCED_FACE('',(#718),#5433,.F.);
#5681=ADVANCED_FACE('',(#719),#449,.T.);
#5682=ADVANCED_FACE('',(#720),#450,.T.);
#5683=ADVANCED_FACE('',(#721),#451,.T.);
#5684=ADVANCED_FACE('',(#722),#452,.T.);
#5685=ADVANCED_FACE('',(#723),#453,.T.);
#5686=ADVANCED_FACE('',(#724),#454,.T.);
#5687=ADVANCED_FACE('',(#725),#455,.T.);
#5688=ADVANCED_FACE('',(#726),#456,.T.);
#5689=ADVANCED_FACE('',(#727,#322,#323,#324,#325,#326,#327,#328),#457,.T.);
#5690=ADVANCED_FACE('',(#728,#329,#330,#331,#332,#333,#334,#335),#458,.F.);
#5691=ADVANCED_FACE('',(#729),#459,.F.);
#5692=ADVANCED_FACE('',(#730,#336),#460,.T.);
#5693=ADVANCED_FACE('',(#731),#5434,.F.);
#5694=ADVANCED_FACE('',(#732),#461,.T.);
#5695=ADVANCED_FACE('',(#733),#5435,.T.);
#5696=ADVANCED_FACE('',(#734),#5436,.T.);
#5697=ADVANCED_FACE('',(#735,#337),#462,.F.);
#5698=ADVANCED_FACE('',(#736),#5437,.T.);
#5699=ADVANCED_FACE('',(#737,#338),#463,.T.);
#5700=ADVANCED_FACE('',(#738,#339),#464,.T.);
#5701=ADVANCED_FACE('',(#739),#5438,.F.);
#5702=ADVANCED_FACE('',(#740),#465,.T.);
#5703=ADVANCED_FACE('',(#741),#5439,.T.);
#5704=ADVANCED_FACE('',(#742,#340),#466,.T.);
#5705=ADVANCED_FACE('',(#743),#467,.T.);
#5706=ADVANCED_FACE('',(#744),#5440,.T.);
#5707=ADVANCED_FACE('',(#745),#468,.T.);
#5708=ADVANCED_FACE('',(#746),#5441,.F.);
#5709=ADVANCED_FACE('',(#747),#469,.T.);
#5710=ADVANCED_FACE('',(#748),#5442,.F.);
#5711=ADVANCED_FACE('',(#749),#5443,.F.);
#5712=ADVANCED_FACE('',(#750),#470,.T.);
#5713=ADVANCED_FACE('',(#751),#5444,.F.);
#5714=ADVANCED_FACE('',(#752),#5445,.F.);
#5715=ADVANCED_FACE('',(#753),#471,.T.);
#5716=ADVANCED_FACE('',(#754),#5446,.F.);
#5717=ADVANCED_FACE('',(#755),#472,.T.);
#5718=ADVANCED_FACE('',(#756),#5447,.F.);
#5719=ADVANCED_FACE('',(#757),#473,.T.);
#5720=ADVANCED_FACE('',(#758,#341),#474,.T.);
#5721=ADVANCED_FACE('',(#759),#5448,.T.);
#5722=ADVANCED_FACE('',(#760,#342),#475,.T.);
#5723=ADVANCED_FACE('',(#761),#5449,.T.);
#5724=ADVANCED_FACE('',(#762,#343),#476,.T.);
#5725=ADVANCED_FACE('',(#763),#5450,.F.);
#5726=ADVANCED_FACE('',(#764),#5451,.F.);
#5727=ADVANCED_FACE('',(#765),#5452,.F.);
#5728=ADVANCED_FACE('',(#766),#5453,.F.);
#5729=ADVANCED_FACE('',(#767,#344),#477,.T.);
#5730=ADVANCED_FACE('',(#768,#345),#478,.T.);
#5731=ADVANCED_FACE('',(#769,#346),#479,.T.);
#5732=ADVANCED_FACE('',(#770),#480,.T.);
#5733=ADVANCED_FACE('',(#771),#481,.T.);
#5734=ADVANCED_FACE('',(#772),#482,.T.);
#5735=ADVANCED_FACE('',(#773),#483,.T.);
#5736=ADVANCED_FACE('',(#774),#484,.T.);
#5737=ADVANCED_FACE('',(#775),#485,.T.);
#5738=ADVANCED_FACE('',(#776),#486,.T.);
#5739=ADVANCED_FACE('',(#777),#487,.T.);
#5740=ADVANCED_FACE('',(#778),#488,.T.);
#5741=ADVANCED_FACE('',(#779),#489,.T.);
#5742=ADVANCED_FACE('',(#780),#5454,.F.);
#5743=ADVANCED_FACE('',(#781),#5455,.F.);
#5744=ADVANCED_FACE('',(#782),#5456,.F.);
#5745=ADVANCED_FACE('',(#783),#5457,.F.);
#5746=ADVANCED_FACE('',(#784),#490,.T.);
#5747=ADVANCED_FACE('',(#785),#5458,.F.);
#5748=ADVANCED_FACE('',(#786),#491,.T.);
#5749=ADVANCED_FACE('',(#787),#492,.T.);
#5750=ADVANCED_FACE('',(#788),#493,.T.);
#5751=ADVANCED_FACE('',(#789),#494,.T.);
#5752=ADVANCED_FACE('',(#790,#347,#348,#349,#350,#351,#352,#353,#354),#495,
 .T.);
#5753=ADVANCED_FACE('',(#791,#355,#356,#357,#358,#359,#360),#496,.F.);
#5754=CLOSED_SHELL('',(#5459,#5460,#5461,#5462,#5463,#5464,#5465,#5466,
#5467,#5468,#5469,#5470,#5471,#5472,#5473,#5474,#5475,#5476,#5477,#5478,
#5479,#5480,#5481,#5482,#5483,#5484,#5485,#5486,#5487,#5488,#5489,#5490,
#5491));
#5755=CLOSED_SHELL('',(#5492,#5493,#5494,#5495,#5496,#5497,#5498,#5499,
#5500,#5501,#5502,#5503,#5504,#5505,#5506,#5507,#5508,#5509,#5510,#5511,
#5512,#5513,#5514,#5515,#5516,#5517,#5518,#5519,#5520,#5521,#5522,#5523,
#5524,#5525,#5526,#5527,#5528,#5529,#5530,#5531,#5532,#5533,#5534,#5535));
#5756=CLOSED_SHELL('',(#5536,#5537,#5538,#5539,#5540,#5541,#5542,#5543,
#5544,#5545,#5546,#5547));
#5757=CLOSED_SHELL('',(#5548,#5549,#5550,#5551,#5552,#5553,#5554,#5555));
#5758=CLOSED_SHELL('',(#5556,#5557,#5558,#5559,#5560,#5561));
#5759=CLOSED_SHELL('',(#5562,#5563,#5564));
#5760=CLOSED_SHELL('',(#5565,#5566,#5567,#5568,#5569,#5570,#5571,#5572,
#5573,#5574,#5575,#5576,#5577,#5578,#5579,#5580,#5581,#5582,#5583,#5584,
#5585,#5586,#5587,#5588,#5589,#5590,#5591,#5592,#5593));
#5761=CLOSED_SHELL('',(#5594,#5595,#5596,#5597,#5598,#5599,#5600,#5601,
#5602,#5603,#5604,#5605,#5606,#5607,#5608,#5609,#5610,#5611,#5612,#5613,
#5614,#5615,#5616,#5617,#5618,#5619,#5620,#5621));
#5762=CLOSED_SHELL('',(#5622));
#5763=CLOSED_SHELL('',(#5623,#5624,#5625,#5626,#5627,#5628,#5629,#5630,
#5631,#5632,#5633,#5634,#5635,#5636,#5637,#5638,#5639));
#5764=CLOSED_SHELL('',(#5640,#5641,#5642,#5643,#5644,#5645,#5646,#5647,
#5648,#5649,#5650,#5651,#5652,#5653,#5654,#5655,#5656,#5657,#5658,#5659,
#5660,#5661,#5662,#5663,#5664,#5665,#5666,#5667,#5668,#5669,#5670,#5671,
#5672,#5673));
#5765=CLOSED_SHELL('',(#5674,#5675,#5676,#5677,#5678,#5679,#5680,#5681,
#5682,#5683,#5684,#5685,#5686,#5687,#5688,#5689,#5690));
#5766=CLOSED_SHELL('',(#5691,#5692,#5693,#5694,#5695,#5696,#5697,#5698,
#5699));
#5767=CLOSED_SHELL('',(#5700,#5701,#5702,#5703,#5704,#5705,#5706,#5707,
#5708,#5709,#5710,#5711,#5712,#5713,#5714,#5715,#5716,#5717,#5718,#5719,
#5720,#5721,#5722,#5723,#5724,#5725,#5726,#5727,#5728,#5729,#5730,#5731,
#5732,#5733,#5734,#5735,#5736,#5737,#5738,#5739,#5740,#5741,#5742,#5743,
#5744,#5745,#5746,#5747,#5748,#5749,#5750,#5751,#5752,#5753));
#5768=DERIVED_UNIT_ELEMENT(#5792,1.);
#5769=DERIVED_UNIT_ELEMENT(#9876,-3.);
#5770=DERIVED_UNIT_ELEMENT(#5792,1.);
#5771=DERIVED_UNIT_ELEMENT(#9876,-3.);
#5772=DERIVED_UNIT_ELEMENT(#5792,1.);
#5773=DERIVED_UNIT_ELEMENT(#9876,-3.);
#5774=DERIVED_UNIT_ELEMENT(#5792,1.);
#5775=DERIVED_UNIT_ELEMENT(#9876,-3.);
#5776=DERIVED_UNIT_ELEMENT(#5792,1.);
#5777=DERIVED_UNIT_ELEMENT(#9876,-3.);
#5778=DERIVED_UNIT_ELEMENT(#5792,1.);
#5779=DERIVED_UNIT_ELEMENT(#9876,-3.);
#5780=DERIVED_UNIT_ELEMENT(#5792,1.);
#5781=DERIVED_UNIT_ELEMENT(#9876,-3.);
#5782=DERIVED_UNIT_ELEMENT(#5792,1.);
#5783=DERIVED_UNIT_ELEMENT(#9876,-3.);
#5784=DERIVED_UNIT_ELEMENT(#5792,1.);
#5785=DERIVED_UNIT_ELEMENT(#9876,-3.);
#5786=DERIVED_UNIT_ELEMENT(#5792,1.);
#5787=DERIVED_UNIT_ELEMENT(#9876,-3.);
#5788=DERIVED_UNIT_ELEMENT(#5792,1.);
#5789=DERIVED_UNIT_ELEMENT(#9876,-3.);
#5790=DERIVED_UNIT_ELEMENT(#5792,1.);
#5791=DERIVED_UNIT_ELEMENT(#9876,-3.);
#5792=(
MASS_UNIT()
NAMED_UNIT(*)
SI_UNIT(.KILO.,.GRAM.)
);
#5793=DERIVED_UNIT((#5768,#5769));
#5794=DERIVED_UNIT((#5770,#5771));
#5795=DERIVED_UNIT((#5772,#5773));
#5796=DERIVED_UNIT((#5774,#5775));
#5797=DERIVED_UNIT((#5776,#5777));
#5798=DERIVED_UNIT((#5778,#5779));
#5799=DERIVED_UNIT((#5780,#5781));
#5800=DERIVED_UNIT((#5782,#5783));
#5801=DERIVED_UNIT((#5784,#5785));
#5802=DERIVED_UNIT((#5786,#5787));
#5803=DERIVED_UNIT((#5788,#5789));
#5804=DERIVED_UNIT((#5790,#5791));
#5805=MEASURE_REPRESENTATION_ITEM('density measure',
POSITIVE_RATIO_MEASURE(7850.),#5793);
#5806=MEASURE_REPRESENTATION_ITEM('density measure',
POSITIVE_RATIO_MEASURE(7850.),#5794);
#5807=MEASURE_REPRESENTATION_ITEM('density measure',
POSITIVE_RATIO_MEASURE(7850.),#5795);
#5808=MEASURE_REPRESENTATION_ITEM('density measure',
POSITIVE_RATIO_MEASURE(7850.),#5796);
#5809=MEASURE_REPRESENTATION_ITEM('density measure',
POSITIVE_RATIO_MEASURE(7850.),#5797);
#5810=MEASURE_REPRESENTATION_ITEM('density measure',
POSITIVE_RATIO_MEASURE(7850.),#5798);
#5811=MEASURE_REPRESENTATION_ITEM('density measure',
POSITIVE_RATIO_MEASURE(7850.),#5799);
#5812=MEASURE_REPRESENTATION_ITEM('density measure',
POSITIVE_RATIO_MEASURE(7850.),#5800);
#5813=MEASURE_REPRESENTATION_ITEM('density measure',
POSITIVE_RATIO_MEASURE(7850.),#5801);
#5814=MEASURE_REPRESENTATION_ITEM('density measure',
POSITIVE_RATIO_MEASURE(7850.),#5802);
#5815=MEASURE_REPRESENTATION_ITEM('density measure',
POSITIVE_RATIO_MEASURE(7850.),#5803);
#5816=MEASURE_REPRESENTATION_ITEM('density measure',
POSITIVE_RATIO_MEASURE(7850.),#5804);
#5817=PROPERTY_DEFINITION_REPRESENTATION(#5877,#5841);
#5818=PROPERTY_DEFINITION_REPRESENTATION(#5878,#5842);
#5819=PROPERTY_DEFINITION_REPRESENTATION(#5879,#5843);
#5820=PROPERTY_DEFINITION_REPRESENTATION(#5880,#5844);
#5821=PROPERTY_DEFINITION_REPRESENTATION(#5881,#5845);
#5822=PROPERTY_DEFINITION_REPRESENTATION(#5882,#5846);
#5823=PROPERTY_DEFINITION_REPRESENTATION(#5883,#5847);
#5824=PROPERTY_DEFINITION_REPRESENTATION(#5884,#5848);
#5825=PROPERTY_DEFINITION_REPRESENTATION(#5885,#5849);
#5826=PROPERTY_DEFINITION_REPRESENTATION(#5886,#5850);
#5827=PROPERTY_DEFINITION_REPRESENTATION(#5887,#5851);
#5828=PROPERTY_DEFINITION_REPRESENTATION(#5888,#5852);
#5829=PROPERTY_DEFINITION_REPRESENTATION(#5889,#5853);
#5830=PROPERTY_DEFINITION_REPRESENTATION(#5890,#5854);
#5831=PROPERTY_DEFINITION_REPRESENTATION(#5891,#5855);
#5832=PROPERTY_DEFINITION_REPRESENTATION(#5892,#5856);
#5833=PROPERTY_DEFINITION_REPRESENTATION(#5893,#5857);
#5834=PROPERTY_DEFINITION_REPRESENTATION(#5894,#5858);
#5835=PROPERTY_DEFINITION_REPRESENTATION(#5895,#5859);
#5836=PROPERTY_DEFINITION_REPRESENTATION(#5896,#5860);
#5837=PROPERTY_DEFINITION_REPRESENTATION(#5897,#5861);
#5838=PROPERTY_DEFINITION_REPRESENTATION(#5898,#5862);
#5839=PROPERTY_DEFINITION_REPRESENTATION(#5899,#5863);
#5840=PROPERTY_DEFINITION_REPRESENTATION(#5900,#5864);
#5841=REPRESENTATION('material name',(#5865),#9861);
#5842=REPRESENTATION('density',(#5805),#9861);
#5843=REPRESENTATION('material name',(#5866),#9862);
#5844=REPRESENTATION('density',(#5806),#9862);
#5845=REPRESENTATION('material name',(#5867),#9863);
#5846=REPRESENTATION('density',(#5807),#9863);
#5847=REPRESENTATION('material name',(#5868),#9864);
#5848=REPRESENTATION('density',(#5808),#9864);
#5849=REPRESENTATION('material name',(#5869),#9865);
#5850=REPRESENTATION('density',(#5809),#9865);
#5851=REPRESENTATION('material name',(#5870),#9866);
#5852=REPRESENTATION('density',(#5810),#9866);
#5853=REPRESENTATION('material name',(#5871),#9867);
#5854=REPRESENTATION('density',(#5811),#9867);
#5855=REPRESENTATION('material name',(#5872),#9869);
#5856=REPRESENTATION('density',(#5812),#9869);
#5857=REPRESENTATION('material name',(#5873),#9870);
#5858=REPRESENTATION('density',(#5813),#9870);
#5859=REPRESENTATION('material name',(#5874),#9871);
#5860=REPRESENTATION('density',(#5814),#9871);
#5861=REPRESENTATION('material name',(#5875),#9872);
#5862=REPRESENTATION('density',(#5815),#9872);
#5863=REPRESENTATION('material name',(#5876),#9873);
#5864=REPRESENTATION('density',(#5816),#9873);
#5865=DESCRIPTIVE_REPRESENTATION_ITEM('Steel','Steel');
#5866=DESCRIPTIVE_REPRESENTATION_ITEM('Steel','Steel');
#5867=DESCRIPTIVE_REPRESENTATION_ITEM('Steel','Steel');
#5868=DESCRIPTIVE_REPRESENTATION_ITEM('Steel','Steel');
#5869=DESCRIPTIVE_REPRESENTATION_ITEM('Steel','Steel');
#5870=DESCRIPTIVE_REPRESENTATION_ITEM('Steel','Steel');
#5871=DESCRIPTIVE_REPRESENTATION_ITEM('Steel','Steel');
#5872=DESCRIPTIVE_REPRESENTATION_ITEM('Steel','Steel');
#5873=DESCRIPTIVE_REPRESENTATION_ITEM('Steel','Steel');
#5874=DESCRIPTIVE_REPRESENTATION_ITEM('Steel','Steel');
#5875=DESCRIPTIVE_REPRESENTATION_ITEM('Steel','Steel');
#5876=DESCRIPTIVE_REPRESENTATION_ITEM('Steel','Steel');
#5877=PROPERTY_DEFINITION('material property','material name',#9937);
#5878=PROPERTY_DEFINITION('material property','density of part',#9937);
#5879=PROPERTY_DEFINITION('material property','material name',#9938);
#5880=PROPERTY_DEFINITION('material property','density of part',#9938);
#5881=PROPERTY_DEFINITION('material property','material name',#9939);
#5882=PROPERTY_DEFINITION('material property','density of part',#9939);
#5883=PROPERTY_DEFINITION('material property','material name',#9940);
#5884=PROPERTY_DEFINITION('material property','density of part',#9940);
#5885=PROPERTY_DEFINITION('material property','material name',#9941);
#5886=PROPERTY_DEFINITION('material property','density of part',#9941);
#5887=PROPERTY_DEFINITION('material property','material name',#9942);
#5888=PROPERTY_DEFINITION('material property','density of part',#9942);
#5889=PROPERTY_DEFINITION('material property','material name',#9943);
#5890=PROPERTY_DEFINITION('material property','density of part',#9943);
#5891=PROPERTY_DEFINITION('material property','material name',#9945);
#5892=PROPERTY_DEFINITION('material property','density of part',#9945);
#5893=PROPERTY_DEFINITION('material property','material name',#9946);
#5894=PROPERTY_DEFINITION('material property','density of part',#9946);
#5895=PROPERTY_DEFINITION('material property','material name',#9947);
#5896=PROPERTY_DEFINITION('material property','density of part',#9947);
#5897=PROPERTY_DEFINITION('material property','material name',#9948);
#5898=PROPERTY_DEFINITION('material property','density of part',#9948);
#5899=PROPERTY_DEFINITION('material property','material name',#9949);
#5900=PROPERTY_DEFINITION('material property','density of part',#9949);
#5901=AXIS2_PLACEMENT_3D('',#8258,#6539,#6540);
#5902=AXIS2_PLACEMENT_3D('',#8259,#6541,#6542);
#5903=AXIS2_PLACEMENT_3D('',#8260,#6543,#6544);
#5904=AXIS2_PLACEMENT_3D('',#8262,#6545,#6546);
#5905=AXIS2_PLACEMENT_3D('',#8265,#6548,#6549);
#5906=AXIS2_PLACEMENT_3D('',#8266,#6550,#6551);
#5907=AXIS2_PLACEMENT_3D('',#8268,#6552,#6553);
#5908=AXIS2_PLACEMENT_3D('',#8271,#6555,#6556);
#5909=AXIS2_PLACEMENT_3D('',#8272,#6557,#6558);
#5910=AXIS2_PLACEMENT_3D('',#8274,#6559,#6560);
#5911=AXIS2_PLACEMENT_3D('',#8277,#6562,#6563);
#5912=AXIS2_PLACEMENT_3D('',#8278,#6564,#6565);
#5913=AXIS2_PLACEMENT_3D('',#8280,#6566,#6567);
#5914=AXIS2_PLACEMENT_3D('',#8283,#6569,#6570);
#5915=AXIS2_PLACEMENT_3D('',#8284,#6571,#6572);
#5916=AXIS2_PLACEMENT_3D('',#8286,#6573,#6574);
#5917=AXIS2_PLACEMENT_3D('',#8289,#6576,#6577);
#5918=AXIS2_PLACEMENT_3D('',#8290,#6578,#6579);
#5919=AXIS2_PLACEMENT_3D('',#8292,#6580,#6581);
#5920=AXIS2_PLACEMENT_3D('',#8295,#6583,#6584);
#5921=AXIS2_PLACEMENT_3D('',#8296,#6585,#6586);
#5922=AXIS2_PLACEMENT_3D('',#8298,#6587,#6588);
#5923=AXIS2_PLACEMENT_3D('',#8301,#6590,#6591);
#5924=AXIS2_PLACEMENT_3D('',#8302,#6592,#6593);
#5925=AXIS2_PLACEMENT_3D('',#8304,#6594,#6595);
#5926=AXIS2_PLACEMENT_3D('',#8307,#6597,#6598);
#5927=AXIS2_PLACEMENT_3D('',#8308,#6599,#6600);
#5928=AXIS2_PLACEMENT_3D('',#8310,#6601,#6602);
#5929=AXIS2_PLACEMENT_3D('',#8313,#6604,#6605);
#5930=AXIS2_PLACEMENT_3D('',#8314,#6606,#6607);
#5931=AXIS2_PLACEMENT_3D('',#8316,#6608,#6609);
#5932=AXIS2_PLACEMENT_3D('',#8319,#6611,#6612);
#5933=AXIS2_PLACEMENT_3D('',#8320,#6613,#6614);
#5934=AXIS2_PLACEMENT_3D('',#8322,#6615,#6616);
#5935=AXIS2_PLACEMENT_3D('',#8325,#6618,#6619);
#5936=AXIS2_PLACEMENT_3D('',#8326,#6620,#6621);
#5937=AXIS2_PLACEMENT_3D('',#8328,#6622,#6623);
#5938=AXIS2_PLACEMENT_3D('',#8331,#6625,#6626);
#5939=AXIS2_PLACEMENT_3D('',#8332,#6627,#6628);
#5940=AXIS2_PLACEMENT_3D('',#8334,#6629,#6630);
#5941=AXIS2_PLACEMENT_3D('',#8337,#6632,#6633);
#5942=AXIS2_PLACEMENT_3D('',#8338,#6634,#6635);
#5943=AXIS2_PLACEMENT_3D('',#8340,#6636,#6637);
#5944=AXIS2_PLACEMENT_3D('',#8343,#6639,#6640);
#5945=AXIS2_PLACEMENT_3D('',#8344,#6641,#6642);
#5946=AXIS2_PLACEMENT_3D('',#8346,#6643,#6644);
#5947=AXIS2_PLACEMENT_3D('',#8349,#6646,#6647);
#5948=AXIS2_PLACEMENT_3D('',#8350,#6648,#6649);
#5949=AXIS2_PLACEMENT_3D('',#8352,#6650,#6651);
#5950=AXIS2_PLACEMENT_3D('',#8355,#6653,#6654);
#5951=AXIS2_PLACEMENT_3D('',#8356,#6655,#6656);
#5952=AXIS2_PLACEMENT_3D('',#8358,#6657,#6658);
#5953=AXIS2_PLACEMENT_3D('',#8361,#6660,#6661);
#5954=AXIS2_PLACEMENT_3D('',#8362,#6662,#6663);
#5955=AXIS2_PLACEMENT_3D('',#8364,#6664,#6665);
#5956=AXIS2_PLACEMENT_3D('',#8367,#6667,#6668);
#5957=AXIS2_PLACEMENT_3D('',#8368,#6669,#6670);
#5958=AXIS2_PLACEMENT_3D('',#8370,#6671,#6672);
#5959=AXIS2_PLACEMENT_3D('',#8373,#6674,#6675);
#5960=AXIS2_PLACEMENT_3D('',#8374,#6676,#6677);
#5961=AXIS2_PLACEMENT_3D('',#8383,#6682,#6683);
#5962=AXIS2_PLACEMENT_3D('',#8389,#6687,#6688);
#5963=AXIS2_PLACEMENT_3D('',#8395,#6692,#6693);
#5964=AXIS2_PLACEMENT_3D('',#8401,#6697,#6698);
#5965=AXIS2_PLACEMENT_3D('',#8407,#6702,#6703);
#5966=AXIS2_PLACEMENT_3D('',#8409,#6704,#6705);
#5967=AXIS2_PLACEMENT_3D('',#8411,#6706,#6707);
#5968=AXIS2_PLACEMENT_3D('',#8413,#6709,#6710);
#5969=AXIS2_PLACEMENT_3D('',#8419,#6714,#6715);
#5970=AXIS2_PLACEMENT_3D('',#8425,#6719,#6720);
#5971=AXIS2_PLACEMENT_3D('',#8431,#6724,#6725);
#5972=AXIS2_PLACEMENT_3D('',#8433,#6726,#6727);
#5973=AXIS2_PLACEMENT_3D('',#8435,#6728,#6729);
#5974=AXIS2_PLACEMENT_3D('',#8437,#6731,#6732);
#5975=AXIS2_PLACEMENT_3D('',#8443,#6736,#6737);
#5976=AXIS2_PLACEMENT_3D('',#8446,#6740,#6741);
#5977=AXIS2_PLACEMENT_3D('',#8447,#6742,#6743);
#5978=AXIS2_PLACEMENT_3D('',#8448,#6744,#6745);
#5979=AXIS2_PLACEMENT_3D('',#8449,#6746,#6747);
#5980=AXIS2_PLACEMENT_3D('',#8451,#6748,#6749);
#5981=AXIS2_PLACEMENT_3D('',#8454,#6751,#6752);
#5982=AXIS2_PLACEMENT_3D('',#8455,#6753,#6754);
#5983=AXIS2_PLACEMENT_3D('',#8457,#6755,#6756);
#5984=AXIS2_PLACEMENT_3D('',#8460,#6758,#6759);
#5985=AXIS2_PLACEMENT_3D('',#8461,#6760,#6761);
#5986=AXIS2_PLACEMENT_3D('',#8463,#6762,#6763);
#5987=AXIS2_PLACEMENT_3D('',#8466,#6765,#6766);
#5988=AXIS2_PLACEMENT_3D('',#8467,#6767,#6768);
#5989=AXIS2_PLACEMENT_3D('',#8469,#6769,#6770);
#5990=AXIS2_PLACEMENT_3D('',#8472,#6772,#6773);
#5991=AXIS2_PLACEMENT_3D('',#8473,#6774,#6775);
#5992=AXIS2_PLACEMENT_3D('',#8475,#6776,#6777);
#5993=AXIS2_PLACEMENT_3D('',#8478,#6779,#6780);
#5994=AXIS2_PLACEMENT_3D('',#8479,#6781,#6782);
#5995=AXIS2_PLACEMENT_3D('',#8481,#6783,#6784);
#5996=AXIS2_PLACEMENT_3D('',#8484,#6786,#6787);
#5997=AXIS2_PLACEMENT_3D('',#8485,#6788,#6789);
#5998=AXIS2_PLACEMENT_3D('',#8487,#6790,#6791);
#5999=AXIS2_PLACEMENT_3D('',#8490,#6793,#6794);
#6000=AXIS2_PLACEMENT_3D('',#8491,#6795,#6796);
#6001=AXIS2_PLACEMENT_3D('',#8493,#6797,#6798);
#6002=AXIS2_PLACEMENT_3D('',#8496,#6800,#6801);
#6003=AXIS2_PLACEMENT_3D('',#8497,#6802,#6803);
#6004=AXIS2_PLACEMENT_3D('',#8499,#6804,#6805);
#6005=AXIS2_PLACEMENT_3D('',#8502,#6807,#6808);
#6006=AXIS2_PLACEMENT_3D('',#8503,#6809,#6810);
#6007=AXIS2_PLACEMENT_3D('',#8505,#6811,#6812);
#6008=AXIS2_PLACEMENT_3D('',#8508,#6814,#6815);
#6009=AXIS2_PLACEMENT_3D('',#8509,#6816,#6817);
#6010=AXIS2_PLACEMENT_3D('',#8511,#6818,#6819);
#6011=AXIS2_PLACEMENT_3D('',#8514,#6821,#6822);
#6012=AXIS2_PLACEMENT_3D('',#8515,#6823,#6824);
#6013=AXIS2_PLACEMENT_3D('',#8517,#6825,#6826);
#6014=AXIS2_PLACEMENT_3D('',#8520,#6828,#6829);
#6015=AXIS2_PLACEMENT_3D('',#8521,#6830,#6831);
#6016=AXIS2_PLACEMENT_3D('',#8523,#6832,#6833);
#6017=AXIS2_PLACEMENT_3D('',#8526,#6835,#6836);
#6018=AXIS2_PLACEMENT_3D('',#8527,#6837,#6838);
#6019=AXIS2_PLACEMENT_3D('',#8529,#6839,#6840);
#6020=AXIS2_PLACEMENT_3D('',#8532,#6842,#6843);
#6021=AXIS2_PLACEMENT_3D('',#8533,#6844,#6845);
#6022=AXIS2_PLACEMENT_3D('',#8535,#6846,#6847);
#6023=AXIS2_PLACEMENT_3D('',#8538,#6849,#6850);
#6024=AXIS2_PLACEMENT_3D('',#8539,#6851,#6852);
#6025=AXIS2_PLACEMENT_3D('',#8541,#6853,#6854);
#6026=AXIS2_PLACEMENT_3D('',#8544,#6856,#6857);
#6027=AXIS2_PLACEMENT_3D('',#8545,#6858,#6859);
#6028=AXIS2_PLACEMENT_3D('',#8547,#6860,#6861);
#6029=AXIS2_PLACEMENT_3D('',#8550,#6863,#6864);
#6030=AXIS2_PLACEMENT_3D('',#8551,#6865,#6866);
#6031=AXIS2_PLACEMENT_3D('',#8553,#6867,#6868);
#6032=AXIS2_PLACEMENT_3D('',#8556,#6870,#6871);
#6033=AXIS2_PLACEMENT_3D('',#8557,#6872,#6873);
#6034=AXIS2_PLACEMENT_3D('',#8559,#6874,#6875);
#6035=AXIS2_PLACEMENT_3D('',#8562,#6877,#6878);
#6036=AXIS2_PLACEMENT_3D('',#8563,#6879,#6880);
#6037=AXIS2_PLACEMENT_3D('',#8565,#6881,#6882);
#6038=AXIS2_PLACEMENT_3D('',#8568,#6884,#6885);
#6039=AXIS2_PLACEMENT_3D('',#8569,#6886,#6887);
#6040=AXIS2_PLACEMENT_3D('',#8571,#6888,#6889);
#6041=AXIS2_PLACEMENT_3D('',#8574,#6891,#6892);
#6042=AXIS2_PLACEMENT_3D('',#8575,#6893,#6894);
#6043=AXIS2_PLACEMENT_3D('',#8577,#6895,#6896);
#6044=AXIS2_PLACEMENT_3D('',#8580,#6898,#6899);
#6045=AXIS2_PLACEMENT_3D('',#8581,#6900,#6901);
#6046=AXIS2_PLACEMENT_3D('',#8583,#6902,#6903);
#6047=AXIS2_PLACEMENT_3D('',#8586,#6905,#6906);
#6048=AXIS2_PLACEMENT_3D('',#8587,#6907,#6908);
#6049=AXIS2_PLACEMENT_3D('',#8589,#6909,#6910);
#6050=AXIS2_PLACEMENT_3D('',#8592,#6912,#6913);
#6051=AXIS2_PLACEMENT_3D('',#8593,#6914,#6915);
#6052=AXIS2_PLACEMENT_3D('',#8595,#6916,#6917);
#6053=AXIS2_PLACEMENT_3D('',#8598,#6919,#6920);
#6054=AXIS2_PLACEMENT_3D('',#8599,#6921,#6922);
#6055=AXIS2_PLACEMENT_3D('',#8601,#6923,#6924);
#6056=AXIS2_PLACEMENT_3D('',#8604,#6926,#6927);
#6057=AXIS2_PLACEMENT_3D('',#8605,#6928,#6929);
#6058=AXIS2_PLACEMENT_3D('',#8607,#6930,#6931);
#6059=AXIS2_PLACEMENT_3D('',#8610,#6933,#6934);
#6060=AXIS2_PLACEMENT_3D('',#8611,#6935,#6936);
#6061=AXIS2_PLACEMENT_3D('',#8613,#6937,#6938);
#6062=AXIS2_PLACEMENT_3D('',#8616,#6940,#6941);
#6063=AXIS2_PLACEMENT_3D('',#8617,#6942,#6943);
#6064=AXIS2_PLACEMENT_3D('',#8620,#6944,#6945);
#6065=AXIS2_PLACEMENT_3D('',#8624,#6947,#6948);
#6066=AXIS2_PLACEMENT_3D('',#8626,#6950,#6951);
#6067=AXIS2_PLACEMENT_3D('',#8628,#6952,#6953);
#6068=AXIS2_PLACEMENT_3D('',#8630,#6954,#6955);
#6069=AXIS2_PLACEMENT_3D('',#8632,#6957,#6958);
#6070=AXIS2_PLACEMENT_3D('',#8638,#6962,#6963);
#6071=AXIS2_PLACEMENT_3D('',#8644,#6967,#6968);
#6072=AXIS2_PLACEMENT_3D('',#8650,#6972,#6973);
#6073=AXIS2_PLACEMENT_3D('',#8652,#6974,#6975);
#6074=AXIS2_PLACEMENT_3D('',#8654,#6976,#6977);
#6075=AXIS2_PLACEMENT_3D('',#8656,#6979,#6980);
#6076=AXIS2_PLACEMENT_3D('',#8662,#6984,#6985);
#6077=AXIS2_PLACEMENT_3D('',#8668,#6989,#6990);
#6078=AXIS2_PLACEMENT_3D('',#8674,#6994,#6995);
#6079=AXIS2_PLACEMENT_3D('',#8676,#6996,#6997);
#6080=AXIS2_PLACEMENT_3D('',#8678,#6998,#6999);
#6081=AXIS2_PLACEMENT_3D('',#8680,#7001,#7002);
#6082=AXIS2_PLACEMENT_3D('',#8686,#7006,#7007);
#6083=AXIS2_PLACEMENT_3D('',#8692,#7011,#7012);
#6084=AXIS2_PLACEMENT_3D('',#8698,#7016,#7017);
#6085=AXIS2_PLACEMENT_3D('',#8699,#7018,#7019);
#6086=AXIS2_PLACEMENT_3D('',#8700,#7020,#7021);
#6087=AXIS2_PLACEMENT_3D('',#8701,#7022,#7023);
#6088=AXIS2_PLACEMENT_3D('',#8702,#7024,#7025);
#6089=AXIS2_PLACEMENT_3D('',#8703,#7026,#7027);
#6090=AXIS2_PLACEMENT_3D('',#8704,#7028,#7029);
#6091=AXIS2_PLACEMENT_3D('',#8706,#7030,#7031);
#6092=AXIS2_PLACEMENT_3D('',#8709,#7033,#7034);
#6093=AXIS2_PLACEMENT_3D('',#8710,#7035,#7036);
#6094=AXIS2_PLACEMENT_3D('',#8712,#7037,#7038);
#6095=AXIS2_PLACEMENT_3D('',#8715,#7040,#7041);
#6096=AXIS2_PLACEMENT_3D('',#8716,#7042,#7043);
#6097=AXIS2_PLACEMENT_3D('',#8718,#7044,#7045);
#6098=AXIS2_PLACEMENT_3D('',#8721,#7047,#7048);
#6099=AXIS2_PLACEMENT_3D('',#8722,#7049,#7050);
#6100=AXIS2_PLACEMENT_3D('',#8724,#7051,#7052);
#6101=AXIS2_PLACEMENT_3D('',#8727,#7054,#7055);
#6102=AXIS2_PLACEMENT_3D('',#8728,#7056,#7057);
#6103=AXIS2_PLACEMENT_3D('',#8730,#7058,#7059);
#6104=AXIS2_PLACEMENT_3D('',#8733,#7061,#7062);
#6105=AXIS2_PLACEMENT_3D('',#8734,#7063,#7064);
#6106=AXIS2_PLACEMENT_3D('',#8736,#7065,#7066);
#6107=AXIS2_PLACEMENT_3D('',#8739,#7068,#7069);
#6108=AXIS2_PLACEMENT_3D('',#8740,#7070,#7071);
#6109=AXIS2_PLACEMENT_3D('',#8742,#7072,#7073);
#6110=AXIS2_PLACEMENT_3D('',#8745,#7075,#7076);
#6111=AXIS2_PLACEMENT_3D('',#8746,#7077,#7078);
#6112=AXIS2_PLACEMENT_3D('',#8748,#7079,#7080);
#6113=AXIS2_PLACEMENT_3D('',#8751,#7082,#7083);
#6114=AXIS2_PLACEMENT_3D('',#8752,#7084,#7085);
#6115=AXIS2_PLACEMENT_3D('',#8754,#7086,#7087);
#6116=AXIS2_PLACEMENT_3D('',#8757,#7089,#7090);
#6117=AXIS2_PLACEMENT_3D('',#8758,#7091,#7092);
#6118=AXIS2_PLACEMENT_3D('',#8760,#7093,#7094);
#6119=AXIS2_PLACEMENT_3D('',#8763,#7096,#7097);
#6120=AXIS2_PLACEMENT_3D('',#8764,#7098,#7099);
#6121=AXIS2_PLACEMENT_3D('',#8765,#7100,#7101);
#6122=AXIS2_PLACEMENT_3D('',#8766,#7102,#7103);
#6123=AXIS2_PLACEMENT_3D('',#8767,#7104,#7105);
#6124=AXIS2_PLACEMENT_3D('',#8769,#7106,#7107);
#6125=AXIS2_PLACEMENT_3D('',#8772,#7109,#7110);
#6126=AXIS2_PLACEMENT_3D('',#8773,#7111,#7112);
#6127=AXIS2_PLACEMENT_3D('',#8775,#7113,#7114);
#6128=AXIS2_PLACEMENT_3D('',#8778,#7116,#7117);
#6129=AXIS2_PLACEMENT_3D('',#8779,#7118,#7119);
#6130=AXIS2_PLACEMENT_3D('',#8788,#7124,#7125);
#6131=AXIS2_PLACEMENT_3D('',#8794,#7129,#7130);
#6132=AXIS2_PLACEMENT_3D('',#8800,#7134,#7135);
#6133=AXIS2_PLACEMENT_3D('',#8803,#7138,#7139);
#6134=AXIS2_PLACEMENT_3D('',#8804,#7140,#7141);
#6135=AXIS2_PLACEMENT_3D('',#8805,#7142,#7143);
#6136=AXIS2_PLACEMENT_3D('',#8814,#7148,#7149);
#6137=AXIS2_PLACEMENT_3D('',#8820,#7153,#7154);
#6138=AXIS2_PLACEMENT_3D('',#8826,#7158,#7159);
#6139=AXIS2_PLACEMENT_3D('',#8829,#7162,#7163);
#6140=AXIS2_PLACEMENT_3D('',#8830,#7164,#7165);
#6141=AXIS2_PLACEMENT_3D('',#8831,#7166,#7167);
#6142=AXIS2_PLACEMENT_3D('',#8833,#7168,#7169);
#6143=AXIS2_PLACEMENT_3D('',#8836,#7171,#7172);
#6144=AXIS2_PLACEMENT_3D('',#8837,#7173,#7174);
#6145=AXIS2_PLACEMENT_3D('',#8838,#7175,#7176);
#6146=AXIS2_PLACEMENT_3D('',#8839,#7177,#7178);
#6147=AXIS2_PLACEMENT_3D('',#8840,#7179,#7180);
#6148=AXIS2_PLACEMENT_3D('',#8842,#7181,#7182);
#6149=AXIS2_PLACEMENT_3D('',#8845,#7184,#7185);
#6150=AXIS2_PLACEMENT_3D('',#8846,#7186,#7187);
#6151=AXIS2_PLACEMENT_3D('',#8848,#7188,#7189);
#6152=AXIS2_PLACEMENT_3D('',#8851,#7191,#7192);
#6153=AXIS2_PLACEMENT_3D('',#8852,#7193,#7194);
#6154=AXIS2_PLACEMENT_3D('',#8854,#7195,#7196);
#6155=AXIS2_PLACEMENT_3D('',#8857,#7198,#7199);
#6156=AXIS2_PLACEMENT_3D('',#8858,#7200,#7201);
#6157=AXIS2_PLACEMENT_3D('',#8860,#7202,#7203);
#6158=AXIS2_PLACEMENT_3D('',#8863,#7205,#7206);
#6159=AXIS2_PLACEMENT_3D('',#8864,#7207,#7208);
#6160=AXIS2_PLACEMENT_3D('',#8866,#7209,#7210);
#6161=AXIS2_PLACEMENT_3D('',#8869,#7212,#7213);
#6162=AXIS2_PLACEMENT_3D('',#8870,#7214,#7215);
#6163=AXIS2_PLACEMENT_3D('',#8872,#7216,#7217);
#6164=AXIS2_PLACEMENT_3D('',#8875,#7219,#7220);
#6165=AXIS2_PLACEMENT_3D('',#8876,#7221,#7222);
#6166=AXIS2_PLACEMENT_3D('',#8878,#7223,#7224);
#6167=AXIS2_PLACEMENT_3D('',#8881,#7226,#7227);
#6168=AXIS2_PLACEMENT_3D('',#8882,#7228,#7229);
#6169=AXIS2_PLACEMENT_3D('',#8884,#7230,#7231);
#6170=AXIS2_PLACEMENT_3D('',#8887,#7233,#7234);
#6171=AXIS2_PLACEMENT_3D('',#8888,#7235,#7236);
#6172=AXIS2_PLACEMENT_3D('',#8890,#7237,#7238);
#6173=AXIS2_PLACEMENT_3D('',#8893,#7240,#7241);
#6174=AXIS2_PLACEMENT_3D('',#8894,#7242,#7243);
#6175=AXIS2_PLACEMENT_3D('',#8896,#7244,#7245);
#6176=AXIS2_PLACEMENT_3D('',#8899,#7247,#7248);
#6177=AXIS2_PLACEMENT_3D('',#8900,#7249,#7250);
#6178=AXIS2_PLACEMENT_3D('',#8902,#7251,#7252);
#6179=AXIS2_PLACEMENT_3D('',#8905,#7254,#7255);
#6180=AXIS2_PLACEMENT_3D('',#8906,#7256,#7257);
#6181=AXIS2_PLACEMENT_3D('',#8908,#7258,#7259);
#6182=AXIS2_PLACEMENT_3D('',#8911,#7261,#7262);
#6183=AXIS2_PLACEMENT_3D('',#8912,#7263,#7264);
#6184=AXIS2_PLACEMENT_3D('',#8914,#7265,#7266);
#6185=AXIS2_PLACEMENT_3D('',#8917,#7268,#7269);
#6186=AXIS2_PLACEMENT_3D('',#8918,#7270,#7271);
#6187=AXIS2_PLACEMENT_3D('',#8920,#7272,#7273);
#6188=AXIS2_PLACEMENT_3D('',#8923,#7275,#7276);
#6189=AXIS2_PLACEMENT_3D('',#8924,#7277,#7278);
#6190=AXIS2_PLACEMENT_3D('',#8926,#7279,#7280);
#6191=AXIS2_PLACEMENT_3D('',#8929,#7282,#7283);
#6192=AXIS2_PLACEMENT_3D('',#8930,#7284,#7285);
#6193=AXIS2_PLACEMENT_3D('',#8932,#7286,#7287);
#6194=AXIS2_PLACEMENT_3D('',#8935,#7289,#7290);
#6195=AXIS2_PLACEMENT_3D('',#8936,#7291,#7292);
#6196=AXIS2_PLACEMENT_3D('',#8938,#7293,#7294);
#6197=AXIS2_PLACEMENT_3D('',#8941,#7296,#7297);
#6198=AXIS2_PLACEMENT_3D('',#8942,#7298,#7299);
#6199=AXIS2_PLACEMENT_3D('',#8944,#7300,#7301);
#6200=AXIS2_PLACEMENT_3D('',#8947,#7303,#7304);
#6201=AXIS2_PLACEMENT_3D('',#8948,#7305,#7306);
#6202=AXIS2_PLACEMENT_3D('',#8950,#7307,#7308);
#6203=AXIS2_PLACEMENT_3D('',#8953,#7310,#7311);
#6204=AXIS2_PLACEMENT_3D('',#8954,#7312,#7313);
#6205=AXIS2_PLACEMENT_3D('',#8963,#7318,#7319);
#6206=AXIS2_PLACEMENT_3D('',#8969,#7323,#7324);
#6207=AXIS2_PLACEMENT_3D('',#8975,#7328,#7329);
#6208=AXIS2_PLACEMENT_3D('',#8981,#7333,#7334);
#6209=AXIS2_PLACEMENT_3D('',#8987,#7338,#7339);
#6210=AXIS2_PLACEMENT_3D('',#8993,#7343,#7344);
#6211=AXIS2_PLACEMENT_3D('',#8999,#7348,#7349);
#6212=AXIS2_PLACEMENT_3D('',#9002,#7352,#7353);
#6213=AXIS2_PLACEMENT_3D('',#9003,#7354,#7355);
#6214=AXIS2_PLACEMENT_3D('',#9004,#7356,#7357);
#6215=AXIS2_PLACEMENT_3D('',#9005,#7358,#7359);
#6216=AXIS2_PLACEMENT_3D('',#9007,#7360,#7361);
#6217=AXIS2_PLACEMENT_3D('',#9010,#7363,#7364);
#6218=AXIS2_PLACEMENT_3D('',#9011,#7365,#7366);
#6219=AXIS2_PLACEMENT_3D('',#9013,#7367,#7368);
#6220=AXIS2_PLACEMENT_3D('',#9016,#7370,#7371);
#6221=AXIS2_PLACEMENT_3D('',#9017,#7372,#7373);
#6222=AXIS2_PLACEMENT_3D('',#9019,#7374,#7375);
#6223=AXIS2_PLACEMENT_3D('',#9022,#7377,#7378);
#6224=AXIS2_PLACEMENT_3D('',#9023,#7379,#7380);
#6225=AXIS2_PLACEMENT_3D('',#9032,#7385,#7386);
#6226=AXIS2_PLACEMENT_3D('',#9038,#7390,#7391);
#6227=AXIS2_PLACEMENT_3D('',#9044,#7395,#7396);
#6228=AXIS2_PLACEMENT_3D('',#9047,#7399,#7400);
#6229=AXIS2_PLACEMENT_3D('',#9049,#7401,#7402);
#6230=AXIS2_PLACEMENT_3D('',#9052,#7404,#7405);
#6231=AXIS2_PLACEMENT_3D('',#9053,#7406,#7407);
#6232=AXIS2_PLACEMENT_3D('',#9055,#7408,#7409);
#6233=AXIS2_PLACEMENT_3D('',#9058,#7411,#7412);
#6234=AXIS2_PLACEMENT_3D('',#9059,#7413,#7414);
#6235=AXIS2_PLACEMENT_3D('',#9068,#7419,#7420);
#6236=AXIS2_PLACEMENT_3D('',#9074,#7424,#7425);
#6237=AXIS2_PLACEMENT_3D('',#9080,#7429,#7430);
#6238=AXIS2_PLACEMENT_3D('',#9083,#7433,#7434);
#6239=AXIS2_PLACEMENT_3D('',#9085,#7435,#7436);
#6240=AXIS2_PLACEMENT_3D('',#9088,#7438,#7439);
#6241=AXIS2_PLACEMENT_3D('',#9089,#7440,#7441);
#6242=AXIS2_PLACEMENT_3D('',#9091,#7442,#7443);
#6243=AXIS2_PLACEMENT_3D('',#9094,#7445,#7446);
#6244=AXIS2_PLACEMENT_3D('',#9095,#7447,#7448);
#6245=AXIS2_PLACEMENT_3D('',#9097,#7449,#7450);
#6246=AXIS2_PLACEMENT_3D('',#9100,#7452,#7453);
#6247=AXIS2_PLACEMENT_3D('',#9101,#7454,#7455);
#6248=AXIS2_PLACEMENT_3D('',#9104,#7456,#7457);
#6249=AXIS2_PLACEMENT_3D('',#9108,#7459,#7460);
#6250=AXIS2_PLACEMENT_3D('',#9110,#7462,#7463);
#6251=AXIS2_PLACEMENT_3D('',#9112,#7464,#7465);
#6252=AXIS2_PLACEMENT_3D('',#9114,#7466,#7467);
#6253=AXIS2_PLACEMENT_3D('',#9116,#7469,#7470);
#6254=AXIS2_PLACEMENT_3D('',#9122,#7474,#7475);
#6255=AXIS2_PLACEMENT_3D('',#9128,#7479,#7480);
#6256=AXIS2_PLACEMENT_3D('',#9134,#7484,#7485);
#6257=AXIS2_PLACEMENT_3D('',#9140,#7489,#7490);
#6258=AXIS2_PLACEMENT_3D('',#9146,#7494,#7495);
#6259=AXIS2_PLACEMENT_3D('',#9152,#7499,#7500);
#6260=AXIS2_PLACEMENT_3D('',#9158,#7504,#7505);
#6261=AXIS2_PLACEMENT_3D('',#9159,#7506,#7507);
#6262=AXIS2_PLACEMENT_3D('',#9160,#7508,#7509);
#6263=AXIS2_PLACEMENT_3D('',#9161,#7510,#7511);
#6264=AXIS2_PLACEMENT_3D('',#9162,#7512,#7513);
#6265=AXIS2_PLACEMENT_3D('',#9163,#7514,#7515);
#6266=AXIS2_PLACEMENT_3D('',#9164,#7516,#7517);
#6267=AXIS2_PLACEMENT_3D('',#9167,#7518,#7519);
#6268=AXIS2_PLACEMENT_3D('',#9168,#7520,#7521);
#6269=AXIS2_PLACEMENT_3D('',#9169,#7522,#7523);
#6270=AXIS2_PLACEMENT_3D('',#9170,#7524,#7525);
#6271=AXIS2_PLACEMENT_3D('',#9172,#7526,#7527);
#6272=AXIS2_PLACEMENT_3D('',#9175,#7529,#7530);
#6273=AXIS2_PLACEMENT_3D('',#9176,#7531,#7532);
#6274=AXIS2_PLACEMENT_3D('',#9178,#7533,#7534);
#6275=AXIS2_PLACEMENT_3D('',#9180,#7536,#7537);
#6276=AXIS2_PLACEMENT_3D('',#9182,#7538,#7539);
#6277=AXIS2_PLACEMENT_3D('',#9184,#7540,#7541);
#6278=AXIS2_PLACEMENT_3D('',#9186,#7542,#7543);
#6279=AXIS2_PLACEMENT_3D('',#9188,#7544,#7545);
#6280=AXIS2_PLACEMENT_3D('',#9189,#7546,#7547);
#6281=AXIS2_PLACEMENT_3D('',#9192,#7549,#7550);
#6282=AXIS2_PLACEMENT_3D('',#9193,#7551,#7552);
#6283=AXIS2_PLACEMENT_3D('',#9195,#7553,#7554);
#6284=AXIS2_PLACEMENT_3D('',#9196,#7555,#7556);
#6285=AXIS2_PLACEMENT_3D('',#9198,#7557,#7558);
#6286=AXIS2_PLACEMENT_3D('',#9200,#7560,#7561);
#6287=AXIS2_PLACEMENT_3D('',#9202,#7562,#7563);
#6288=AXIS2_PLACEMENT_3D('',#9203,#7564,#7565);
#6289=AXIS2_PLACEMENT_3D('',#9205,#7566,#7567);
#6290=AXIS2_PLACEMENT_3D('',#9207,#7569,#7570);
#6291=AXIS2_PLACEMENT_3D('',#9208,#7571,#7572);
#6292=AXIS2_PLACEMENT_3D('',#9211,#7574,#7575);
#6293=AXIS2_PLACEMENT_3D('',#9212,#7576,#7577);
#6294=AXIS2_PLACEMENT_3D('',#9213,#7578,#7579);
#6295=AXIS2_PLACEMENT_3D('',#9216,#7581,#7582);
#6296=AXIS2_PLACEMENT_3D('',#9217,#7583,#7584);
#6297=AXIS2_PLACEMENT_3D('',#9218,#7585,#7586);
#6298=AXIS2_PLACEMENT_3D('',#9221,#7588,#7589);
#6299=AXIS2_PLACEMENT_3D('',#9222,#7590,#7591);
#6300=AXIS2_PLACEMENT_3D('',#9223,#7592,#7593);
#6301=AXIS2_PLACEMENT_3D('',#9226,#7595,#7596);
#6302=AXIS2_PLACEMENT_3D('',#9227,#7597,#7598);
#6303=AXIS2_PLACEMENT_3D('',#9228,#7599,#7600);
#6304=AXIS2_PLACEMENT_3D('',#9229,#7601,#7602);
#6305=AXIS2_PLACEMENT_3D('',#9231,#7603,#7604);
#6306=AXIS2_PLACEMENT_3D('',#9234,#7606,#7607);
#6307=AXIS2_PLACEMENT_3D('',#9235,#7608,#7609);
#6308=AXIS2_PLACEMENT_3D('',#9237,#7610,#7611);
#6309=AXIS2_PLACEMENT_3D('',#9240,#7613,#7614);
#6310=AXIS2_PLACEMENT_3D('',#9241,#7615,#7616);
#6311=AXIS2_PLACEMENT_3D('',#9243,#7617,#7618);
#6312=AXIS2_PLACEMENT_3D('',#9246,#7620,#7621);
#6313=AXIS2_PLACEMENT_3D('',#9247,#7622,#7623);
#6314=AXIS2_PLACEMENT_3D('',#9249,#7624,#7625);
#6315=AXIS2_PLACEMENT_3D('',#9252,#7627,#7628);
#6316=AXIS2_PLACEMENT_3D('',#9253,#7629,#7630);
#6317=AXIS2_PLACEMENT_3D('',#9255,#7631,#7632);
#6318=AXIS2_PLACEMENT_3D('',#9258,#7634,#7635);
#6319=AXIS2_PLACEMENT_3D('',#9259,#7636,#7637);
#6320=AXIS2_PLACEMENT_3D('',#9261,#7638,#7639);
#6321=AXIS2_PLACEMENT_3D('',#9264,#7641,#7642);
#6322=AXIS2_PLACEMENT_3D('',#9265,#7643,#7644);
#6323=AXIS2_PLACEMENT_3D('',#9267,#7645,#7646);
#6324=AXIS2_PLACEMENT_3D('',#9270,#7648,#7649);
#6325=AXIS2_PLACEMENT_3D('',#9271,#7650,#7651);
#6326=AXIS2_PLACEMENT_3D('',#9273,#7652,#7653);
#6327=AXIS2_PLACEMENT_3D('',#9276,#7655,#7656);
#6328=AXIS2_PLACEMENT_3D('',#9277,#7657,#7658);
#6329=AXIS2_PLACEMENT_3D('',#9286,#7663,#7664);
#6330=AXIS2_PLACEMENT_3D('',#9288,#7665,#7666);
#6331=AXIS2_PLACEMENT_3D('',#9290,#7667,#7668);
#6332=AXIS2_PLACEMENT_3D('',#9292,#7670,#7671);
#6333=AXIS2_PLACEMENT_3D('',#9298,#7675,#7676);
#6334=AXIS2_PLACEMENT_3D('',#9300,#7677,#7678);
#6335=AXIS2_PLACEMENT_3D('',#9302,#7679,#7680);
#6336=AXIS2_PLACEMENT_3D('',#9304,#7682,#7683);
#6337=AXIS2_PLACEMENT_3D('',#9310,#7687,#7688);
#6338=AXIS2_PLACEMENT_3D('',#9312,#7689,#7690);
#6339=AXIS2_PLACEMENT_3D('',#9314,#7691,#7692);
#6340=AXIS2_PLACEMENT_3D('',#9316,#7694,#7695);
#6341=AXIS2_PLACEMENT_3D('',#9322,#7699,#7700);
#6342=AXIS2_PLACEMENT_3D('',#9324,#7701,#7702);
#6343=AXIS2_PLACEMENT_3D('',#9326,#7703,#7704);
#6344=AXIS2_PLACEMENT_3D('',#9328,#7706,#7707);
#6345=AXIS2_PLACEMENT_3D('',#9334,#7711,#7712);
#6346=AXIS2_PLACEMENT_3D('',#9336,#7713,#7714);
#6347=AXIS2_PLACEMENT_3D('',#9338,#7715,#7716);
#6348=AXIS2_PLACEMENT_3D('',#9340,#7718,#7719);
#6349=AXIS2_PLACEMENT_3D('',#9346,#7723,#7724);
#6350=AXIS2_PLACEMENT_3D('',#9348,#7725,#7726);
#6351=AXIS2_PLACEMENT_3D('',#9350,#7727,#7728);
#6352=AXIS2_PLACEMENT_3D('',#9352,#7730,#7731);
#6353=AXIS2_PLACEMENT_3D('',#9358,#7735,#7736);
#6354=AXIS2_PLACEMENT_3D('',#9360,#7737,#7738);
#6355=AXIS2_PLACEMENT_3D('',#9362,#7739,#7740);
#6356=AXIS2_PLACEMENT_3D('',#9364,#7742,#7743);
#6357=AXIS2_PLACEMENT_3D('',#9370,#7747,#7748);
#6358=AXIS2_PLACEMENT_3D('',#9372,#7749,#7750);
#6359=AXIS2_PLACEMENT_3D('',#9374,#7751,#7752);
#6360=AXIS2_PLACEMENT_3D('',#9376,#7754,#7755);
#6361=AXIS2_PLACEMENT_3D('',#9382,#7759,#7760);
#6362=AXIS2_PLACEMENT_3D('',#9384,#7761,#7762);
#6363=AXIS2_PLACEMENT_3D('',#9386,#7763,#7764);
#6364=AXIS2_PLACEMENT_3D('',#9388,#7766,#7767);
#6365=AXIS2_PLACEMENT_3D('',#9394,#7771,#7772);
#6366=AXIS2_PLACEMENT_3D('',#9396,#7773,#7774);
#6367=AXIS2_PLACEMENT_3D('',#9398,#7775,#7776);
#6368=AXIS2_PLACEMENT_3D('',#9400,#7778,#7779);
#6369=AXIS2_PLACEMENT_3D('',#9406,#7783,#7784);
#6370=AXIS2_PLACEMENT_3D('',#9408,#7785,#7786);
#6371=AXIS2_PLACEMENT_3D('',#9410,#7787,#7788);
#6372=AXIS2_PLACEMENT_3D('',#9412,#7790,#7791);
#6373=AXIS2_PLACEMENT_3D('',#9418,#7795,#7796);
#6374=AXIS2_PLACEMENT_3D('',#9419,#7797,#7798);
#6375=AXIS2_PLACEMENT_3D('',#9420,#7799,#7800);
#6376=AXIS2_PLACEMENT_3D('',#9421,#7801,#7802);
#6377=AXIS2_PLACEMENT_3D('',#9422,#7803,#7804);
#6378=AXIS2_PLACEMENT_3D('',#9423,#7805,#7806);
#6379=AXIS2_PLACEMENT_3D('',#9424,#7807,#7808);
#6380=AXIS2_PLACEMENT_3D('',#9426,#7809,#7810);
#6381=AXIS2_PLACEMENT_3D('',#9429,#7812,#7813);
#6382=AXIS2_PLACEMENT_3D('',#9430,#7814,#7815);
#6383=AXIS2_PLACEMENT_3D('',#9432,#7816,#7817);
#6384=AXIS2_PLACEMENT_3D('',#9435,#7819,#7820);
#6385=AXIS2_PLACEMENT_3D('',#9436,#7821,#7822);
#6386=AXIS2_PLACEMENT_3D('',#9438,#7823,#7824);
#6387=AXIS2_PLACEMENT_3D('',#9441,#7826,#7827);
#6388=AXIS2_PLACEMENT_3D('',#9442,#7828,#7829);
#6389=AXIS2_PLACEMENT_3D('',#9444,#7830,#7831);
#6390=AXIS2_PLACEMENT_3D('',#9447,#7833,#7834);
#6391=AXIS2_PLACEMENT_3D('',#9448,#7835,#7836);
#6392=AXIS2_PLACEMENT_3D('',#9450,#7837,#7838);
#6393=AXIS2_PLACEMENT_3D('',#9453,#7840,#7841);
#6394=AXIS2_PLACEMENT_3D('',#9454,#7842,#7843);
#6395=AXIS2_PLACEMENT_3D('',#9456,#7844,#7845);
#6396=AXIS2_PLACEMENT_3D('',#9459,#7847,#7848);
#6397=AXIS2_PLACEMENT_3D('',#9460,#7849,#7850);
#6398=AXIS2_PLACEMENT_3D('',#9462,#7851,#7852);
#6399=AXIS2_PLACEMENT_3D('',#9465,#7854,#7855);
#6400=AXIS2_PLACEMENT_3D('',#9466,#7856,#7857);
#6401=AXIS2_PLACEMENT_3D('',#9475,#7862,#7863);
#6402=AXIS2_PLACEMENT_3D('',#9481,#7867,#7868);
#6403=AXIS2_PLACEMENT_3D('',#9487,#7872,#7873);
#6404=AXIS2_PLACEMENT_3D('',#9493,#7877,#7878);
#6405=AXIS2_PLACEMENT_3D('',#9499,#7882,#7883);
#6406=AXIS2_PLACEMENT_3D('',#9505,#7887,#7888);
#6407=AXIS2_PLACEMENT_3D('',#9511,#7892,#7893);
#6408=AXIS2_PLACEMENT_3D('',#9514,#7896,#7897);
#6409=AXIS2_PLACEMENT_3D('',#9515,#7898,#7899);
#6410=AXIS2_PLACEMENT_3D('',#9516,#7900,#7901);
#6411=AXIS2_PLACEMENT_3D('',#9517,#7902,#7903);
#6412=AXIS2_PLACEMENT_3D('',#9519,#7904,#7905);
#6413=AXIS2_PLACEMENT_3D('',#9520,#7906,#7907);
#6414=AXIS2_PLACEMENT_3D('',#9522,#7908,#7909);
#6415=AXIS2_PLACEMENT_3D('',#9524,#7910,#7911);
#6416=AXIS2_PLACEMENT_3D('',#9525,#7912,#7913);
#6417=AXIS2_PLACEMENT_3D('',#9528,#7915,#7916);
#6418=AXIS2_PLACEMENT_3D('',#9529,#7917,#7918);
#6419=AXIS2_PLACEMENT_3D('',#9530,#7919,#7920);
#6420=AXIS2_PLACEMENT_3D('',#9533,#7922,#7923);
#6421=AXIS2_PLACEMENT_3D('',#9534,#7924,#7925);
#6422=AXIS2_PLACEMENT_3D('',#9537,#7927,#7928);
#6423=AXIS2_PLACEMENT_3D('',#9538,#7929,#7930);
#6424=AXIS2_PLACEMENT_3D('',#9540,#7931,#7932);
#6425=AXIS2_PLACEMENT_3D('',#9541,#7933,#7934);
#6426=AXIS2_PLACEMENT_3D('',#9543,#7935,#7936);
#6427=AXIS2_PLACEMENT_3D('',#9545,#7938,#7939);
#6428=AXIS2_PLACEMENT_3D('',#9546,#7940,#7941);
#6429=AXIS2_PLACEMENT_3D('',#9547,#7942,#7943);
#6430=AXIS2_PLACEMENT_3D('',#9550,#7944,#7945);
#6431=AXIS2_PLACEMENT_3D('',#9554,#7947,#7948);
#6432=AXIS2_PLACEMENT_3D('',#9558,#7950,#7951);
#6433=AXIS2_PLACEMENT_3D('',#9561,#7953,#7954);
#6434=AXIS2_PLACEMENT_3D('',#9562,#7955,#7956);
#6435=AXIS2_PLACEMENT_3D('',#9566,#7958,#7959);
#6436=AXIS2_PLACEMENT_3D('',#9568,#7961,#7962);
#6437=AXIS2_PLACEMENT_3D('',#9572,#7965,#7966);
#6438=AXIS2_PLACEMENT_3D('',#9575,#7968,#7969);
#6439=AXIS2_PLACEMENT_3D('',#9576,#7970,#7971);
#6440=AXIS2_PLACEMENT_3D('',#9579,#7972,#7973);
#6441=AXIS2_PLACEMENT_3D('',#9583,#7975,#7976);
#6442=AXIS2_PLACEMENT_3D('',#9587,#7978,#7979);
#6443=AXIS2_PLACEMENT_3D('',#9590,#7981,#7982);
#6444=AXIS2_PLACEMENT_3D('',#9591,#7983,#7984);
#6445=AXIS2_PLACEMENT_3D('',#9597,#7988,#7989);
#6446=AXIS2_PLACEMENT_3D('',#9600,#7991,#7992);
#6447=AXIS2_PLACEMENT_3D('',#9601,#7993,#7994);
#6448=AXIS2_PLACEMENT_3D('',#9605,#7997,#7998);
#6449=AXIS2_PLACEMENT_3D('',#9608,#7999,#8000);
#6450=AXIS2_PLACEMENT_3D('',#9612,#8002,#8003);
#6451=AXIS2_PLACEMENT_3D('',#9614,#8005,#8006);
#6452=AXIS2_PLACEMENT_3D('',#9620,#8010,#8011);
#6453=AXIS2_PLACEMENT_3D('',#9623,#8013,#8014);
#6454=AXIS2_PLACEMENT_3D('',#9624,#8015,#8016);
#6455=AXIS2_PLACEMENT_3D('',#9627,#8017,#8018);
#6456=AXIS2_PLACEMENT_3D('',#9631,#8020,#8021);
#6457=AXIS2_PLACEMENT_3D('',#9633,#8023,#8024);
#6458=AXIS2_PLACEMENT_3D('',#9639,#8028,#8029);
#6459=AXIS2_PLACEMENT_3D('',#9641,#8030,#8031);
#6460=AXIS2_PLACEMENT_3D('',#9643,#8033,#8034);
#6461=AXIS2_PLACEMENT_3D('',#9647,#8036,#8037);
#6462=AXIS2_PLACEMENT_3D('',#9649,#8039,#8040);
#6463=AXIS2_PLACEMENT_3D('',#9651,#8042,#8043);
#6464=AXIS2_PLACEMENT_3D('',#9654,#8044,#8045);
#6465=AXIS2_PLACEMENT_3D('',#9658,#8047,#8048);
#6466=AXIS2_PLACEMENT_3D('',#9660,#8050,#8051);
#6467=AXIS2_PLACEMENT_3D('',#9666,#8055,#8056);
#6468=AXIS2_PLACEMENT_3D('',#9669,#8057,#8058);
#6469=AXIS2_PLACEMENT_3D('',#9673,#8060,#8061);
#6470=AXIS2_PLACEMENT_3D('',#9675,#8063,#8064);
#6471=AXIS2_PLACEMENT_3D('',#9681,#8068,#8069);
#6472=AXIS2_PLACEMENT_3D('',#9682,#8070,#8071);
#6473=AXIS2_PLACEMENT_3D('',#9685,#8073,#8074);
#6474=AXIS2_PLACEMENT_3D('',#9686,#8075,#8076);
#6475=AXIS2_PLACEMENT_3D('',#9687,#8077,#8078);
#6476=AXIS2_PLACEMENT_3D('',#9688,#8079,#8080);
#6477=AXIS2_PLACEMENT_3D('',#9689,#8081,#8082);
#6478=AXIS2_PLACEMENT_3D('',#9692,#8084,#8085);
#6479=AXIS2_PLACEMENT_3D('',#9693,#8086,#8087);
#6480=AXIS2_PLACEMENT_3D('',#9694,#8088,#8089);
#6481=AXIS2_PLACEMENT_3D('',#9695,#8090,#8091);
#6482=AXIS2_PLACEMENT_3D('',#9698,#8093,#8094);
#6483=AXIS2_PLACEMENT_3D('',#9699,#8095,#8096);
#6484=AXIS2_PLACEMENT_3D('',#9702,#8098,#8099);
#6485=AXIS2_PLACEMENT_3D('',#9703,#8100,#8101);
#6486=AXIS2_PLACEMENT_3D('',#9706,#8103,#8104);
#6487=AXIS2_PLACEMENT_3D('',#9707,#8105,#8106);
#6488=AXIS2_PLACEMENT_3D('',#9709,#8108,#8109);
#6489=AXIS2_PLACEMENT_3D('',#9712,#8111,#8112);
#6490=AXIS2_PLACEMENT_3D('',#9713,#8113,#8114);
#6491=AXIS2_PLACEMENT_3D('',#9715,#8116,#8117);
#6492=AXIS2_PLACEMENT_3D('',#9717,#8119,#8120);
#6493=AXIS2_PLACEMENT_3D('',#9719,#8122,#8123);
#6494=AXIS2_PLACEMENT_3D('',#9728,#8128,#8129);
#6495=AXIS2_PLACEMENT_3D('',#9734,#8133,#8134);
#6496=AXIS2_PLACEMENT_3D('',#9740,#8138,#8139);
#6497=AXIS2_PLACEMENT_3D('',#9743,#8142,#8143);
#6498=AXIS2_PLACEMENT_3D('',#9744,#8144,#8145);
#6499=AXIS2_PLACEMENT_3D('',#9753,#8150,#8151);
#6500=AXIS2_PLACEMENT_3D('',#9759,#8155,#8156);
#6501=AXIS2_PLACEMENT_3D('',#9765,#8160,#8161);
#6502=AXIS2_PLACEMENT_3D('',#9768,#8164,#8165);
#6503=AXIS2_PLACEMENT_3D('',#9769,#8166,#8167);
#6504=AXIS2_PLACEMENT_3D('',#9771,#8168,#8169);
#6505=AXIS2_PLACEMENT_3D('',#9774,#8171,#8172);
#6506=AXIS2_PLACEMENT_3D('',#9775,#8173,#8174);
#6507=AXIS2_PLACEMENT_3D('',#9777,#8175,#8176);
#6508=AXIS2_PLACEMENT_3D('',#9780,#8178,#8179);
#6509=AXIS2_PLACEMENT_3D('',#9781,#8180,#8181);
#6510=AXIS2_PLACEMENT_3D('',#9783,#8182,#8183);
#6511=AXIS2_PLACEMENT_3D('',#9786,#8185,#8186);
#6512=AXIS2_PLACEMENT_3D('',#9787,#8187,#8188);
#6513=AXIS2_PLACEMENT_3D('',#9789,#8189,#8190);
#6514=AXIS2_PLACEMENT_3D('',#9792,#8192,#8193);
#6515=AXIS2_PLACEMENT_3D('',#9793,#8194,#8195);
#6516=AXIS2_PLACEMENT_3D('',#9802,#8200,#8201);
#6517=AXIS2_PLACEMENT_3D('',#9804,#8202,#8203);
#6518=AXIS2_PLACEMENT_3D('',#9806,#8204,#8205);
#6519=AXIS2_PLACEMENT_3D('',#9808,#8207,#8208);
#6520=AXIS2_PLACEMENT_3D('',#9814,#8212,#8213);
#6521=AXIS2_PLACEMENT_3D('',#9820,#8217,#8218);
#6522=AXIS2_PLACEMENT_3D('',#9826,#8222,#8223);
#6523=AXIS2_PLACEMENT_3D('',#9829,#8226,#8227);
#6524=AXIS2_PLACEMENT_3D('',#9830,#8228,#8229);
#6525=AXIS2_PLACEMENT_3D('',#9831,#8230,#8231);
#6526=AXIS2_PLACEMENT_3D('',#9832,#8232,#8233);
#6527=AXIS2_PLACEMENT_3D('',#9833,#8234,#8235);
#6528=AXIS2_PLACEMENT_3D('',#9834,#8236,#8237);
#6529=AXIS2_PLACEMENT_3D('',#9835,#8238,#8239);
#6530=AXIS2_PLACEMENT_3D('',#9836,#8240,#8241);
#6531=AXIS2_PLACEMENT_3D('',#9837,#8242,#8243);
#6532=AXIS2_PLACEMENT_3D('',#9838,#8244,#8245);
#6533=AXIS2_PLACEMENT_3D('',#9839,#8246,#8247);
#6534=AXIS2_PLACEMENT_3D('',#9840,#8248,#8249);
#6535=AXIS2_PLACEMENT_3D('',#9841,#8250,#8251);
#6536=AXIS2_PLACEMENT_3D('',#9842,#8252,#8253);
#6537=AXIS2_PLACEMENT_3D('',#9843,#8254,#8255);
#6538=AXIS2_PLACEMENT_3D('',#9844,#8256,#8257);
#6539=DIRECTION('axis',(0.,0.,1.));
#6540=DIRECTION('refdir',(1.,0.,0.));
#6541=DIRECTION('axis',(0.,0.,1.));
#6542=DIRECTION('refdir',(1.,0.,0.));
#6543=DIRECTION('center_axis',(0.,0.,1.));
#6544=DIRECTION('ref_axis',(1.,0.,0.));
#6545=DIRECTION('center_axis',(0.,0.,-1.));
#6546=DIRECTION('ref_axis',(1.,0.,0.));
#6547=DIRECTION('',(0.,0.,-1.));
#6548=DIRECTION('center_axis',(0.,0.,-1.));
#6549=DIRECTION('ref_axis',(1.,0.,0.));
#6550=DIRECTION('center_axis',(0.,0.,1.));
#6551=DIRECTION('ref_axis',(1.,0.,0.));
#6552=DIRECTION('center_axis',(0.,0.,-1.));
#6553=DIRECTION('ref_axis',(1.,0.,0.));
#6554=DIRECTION('',(0.,0.,-1.));
#6555=DIRECTION('center_axis',(0.,0.,-1.));
#6556=DIRECTION('ref_axis',(1.,0.,0.));
#6557=DIRECTION('center_axis',(0.,0.,1.));
#6558=DIRECTION('ref_axis',(1.,0.,0.));
#6559=DIRECTION('center_axis',(0.,0.,-1.));
#6560=DIRECTION('ref_axis',(1.,0.,0.));
#6561=DIRECTION('',(0.,0.,-1.));
#6562=DIRECTION('center_axis',(0.,0.,-1.));
#6563=DIRECTION('ref_axis',(1.,0.,0.));
#6564=DIRECTION('center_axis',(0.,0.,1.));
#6565=DIRECTION('ref_axis',(1.,0.,0.));
#6566=DIRECTION('center_axis',(0.,0.,-1.));
#6567=DIRECTION('ref_axis',(1.,0.,0.));
#6568=DIRECTION('',(0.,0.,-1.));
#6569=DIRECTION('center_axis',(0.,0.,-1.));
#6570=DIRECTION('ref_axis',(1.,0.,0.));
#6571=DIRECTION('center_axis',(0.,0.,1.));
#6572=DIRECTION('ref_axis',(1.,0.,0.));
#6573=DIRECTION('center_axis',(0.,0.,-1.));
#6574=DIRECTION('ref_axis',(1.,0.,0.));
#6575=DIRECTION('',(0.,0.,-1.));
#6576=DIRECTION('center_axis',(0.,0.,-1.));
#6577=DIRECTION('ref_axis',(1.,0.,0.));
#6578=DIRECTION('center_axis',(0.,0.,1.));
#6579=DIRECTION('ref_axis',(1.,0.,0.));
#6580=DIRECTION('center_axis',(0.,0.,-1.));
#6581=DIRECTION('ref_axis',(1.,0.,0.));
#6582=DIRECTION('',(0.,0.,-1.));
#6583=DIRECTION('center_axis',(0.,0.,-1.));
#6584=DIRECTION('ref_axis',(1.,0.,0.));
#6585=DIRECTION('center_axis',(0.,0.,1.));
#6586=DIRECTION('ref_axis',(1.,0.,0.));
#6587=DIRECTION('center_axis',(0.,0.,-1.));
#6588=DIRECTION('ref_axis',(1.,0.,0.));
#6589=DIRECTION('',(0.,0.,-1.));
#6590=DIRECTION('center_axis',(0.,0.,-1.));
#6591=DIRECTION('ref_axis',(1.,0.,0.));
#6592=DIRECTION('center_axis',(0.,0.,1.));
#6593=DIRECTION('ref_axis',(1.,0.,0.));
#6594=DIRECTION('center_axis',(0.,0.,-1.));
#6595=DIRECTION('ref_axis',(1.,0.,0.));
#6596=DIRECTION('',(0.,0.,-1.));
#6597=DIRECTION('center_axis',(0.,0.,-1.));
#6598=DIRECTION('ref_axis',(1.,0.,0.));
#6599=DIRECTION('center_axis',(0.,0.,1.));
#6600=DIRECTION('ref_axis',(1.,0.,0.));
#6601=DIRECTION('center_axis',(0.,0.,-1.));
#6602=DIRECTION('ref_axis',(1.,0.,0.));
#6603=DIRECTION('',(0.,0.,-1.));
#6604=DIRECTION('center_axis',(0.,0.,-1.));
#6605=DIRECTION('ref_axis',(1.,0.,0.));
#6606=DIRECTION('center_axis',(0.,0.,1.));
#6607=DIRECTION('ref_axis',(1.,0.,0.));
#6608=DIRECTION('center_axis',(0.,0.,-1.));
#6609=DIRECTION('ref_axis',(1.,0.,0.));
#6610=DIRECTION('',(0.,0.,-1.));
#6611=DIRECTION('center_axis',(0.,0.,-1.));
#6612=DIRECTION('ref_axis',(1.,0.,0.));
#6613=DIRECTION('center_axis',(0.,0.,1.));
#6614=DIRECTION('ref_axis',(1.,0.,0.));
#6615=DIRECTION('center_axis',(0.,0.,-1.));
#6616=DIRECTION('ref_axis',(1.,0.,0.));
#6617=DIRECTION('',(0.,0.,-1.));
#6618=DIRECTION('center_axis',(0.,0.,-1.));
#6619=DIRECTION('ref_axis',(1.,0.,0.));
#6620=DIRECTION('center_axis',(0.,0.,1.));
#6621=DIRECTION('ref_axis',(1.,0.,0.));
#6622=DIRECTION('center_axis',(0.,0.,-1.));
#6623=DIRECTION('ref_axis',(1.,0.,0.));
#6624=DIRECTION('',(0.,0.,-1.));
#6625=DIRECTION('center_axis',(0.,0.,-1.));
#6626=DIRECTION('ref_axis',(1.,0.,0.));
#6627=DIRECTION('center_axis',(0.,0.,1.));
#6628=DIRECTION('ref_axis',(1.,0.,0.));
#6629=DIRECTION('center_axis',(0.,0.,-1.));
#6630=DIRECTION('ref_axis',(1.,0.,0.));
#6631=DIRECTION('',(0.,0.,-1.));
#6632=DIRECTION('center_axis',(0.,0.,-1.));
#6633=DIRECTION('ref_axis',(1.,0.,0.));
#6634=DIRECTION('center_axis',(0.,0.,1.));
#6635=DIRECTION('ref_axis',(1.,0.,0.));
#6636=DIRECTION('center_axis',(0.,0.,-1.));
#6637=DIRECTION('ref_axis',(1.,0.,0.));
#6638=DIRECTION('',(0.,0.,-1.));
#6639=DIRECTION('center_axis',(0.,0.,-1.));
#6640=DIRECTION('ref_axis',(1.,0.,0.));
#6641=DIRECTION('center_axis',(0.,0.,1.));
#6642=DIRECTION('ref_axis',(1.,0.,0.));
#6643=DIRECTION('center_axis',(0.,0.,-1.));
#6644=DIRECTION('ref_axis',(1.,0.,0.));
#6645=DIRECTION('',(0.,0.,-1.));
#6646=DIRECTION('center_axis',(0.,0.,-1.));
#6647=DIRECTION('ref_axis',(1.,0.,0.));
#6648=DIRECTION('center_axis',(0.,0.,1.));
#6649=DIRECTION('ref_axis',(1.,0.,0.));
#6650=DIRECTION('center_axis',(0.,0.,-1.));
#6651=DIRECTION('ref_axis',(1.,0.,0.));
#6652=DIRECTION('',(0.,0.,-1.));
#6653=DIRECTION('center_axis',(0.,0.,-1.));
#6654=DIRECTION('ref_axis',(1.,0.,0.));
#6655=DIRECTION('center_axis',(0.,0.,1.));
#6656=DIRECTION('ref_axis',(1.,0.,0.));
#6657=DIRECTION('center_axis',(0.,0.,-1.));
#6658=DIRECTION('ref_axis',(1.,0.,0.));
#6659=DIRECTION('',(0.,0.,-1.));
#6660=DIRECTION('center_axis',(0.,0.,-1.));
#6661=DIRECTION('ref_axis',(1.,0.,0.));
#6662=DIRECTION('center_axis',(0.,0.,1.));
#6663=DIRECTION('ref_axis',(1.,0.,0.));
#6664=DIRECTION('center_axis',(0.,0.,-1.));
#6665=DIRECTION('ref_axis',(1.,0.,0.));
#6666=DIRECTION('',(0.,0.,-1.));
#6667=DIRECTION('center_axis',(0.,0.,-1.));
#6668=DIRECTION('ref_axis',(1.,0.,0.));
#6669=DIRECTION('center_axis',(0.,0.,1.));
#6670=DIRECTION('ref_axis',(1.,0.,0.));
#6671=DIRECTION('center_axis',(0.,0.,-1.));
#6672=DIRECTION('ref_axis',(1.,0.,0.));
#6673=DIRECTION('',(0.,0.,-1.));
#6674=DIRECTION('center_axis',(0.,0.,-1.));
#6675=DIRECTION('ref_axis',(1.,0.,0.));
#6676=DIRECTION('center_axis',(-1.,0.,0.));
#6677=DIRECTION('ref_axis',(0.,-1.,0.));
#6678=DIRECTION('',(0.,1.,0.));
#6679=DIRECTION('',(0.,0.,1.));
#6680=DIRECTION('',(0.,-1.,0.));
#6681=DIRECTION('',(0.,0.,1.));
#6682=DIRECTION('center_axis',(-1.84126502185921E-16,-1.,0.));
#6683=DIRECTION('ref_axis',(1.,-1.84126502185921E-16,0.));
#6684=DIRECTION('',(-1.,1.84126502185921E-16,0.));
#6685=DIRECTION('',(1.,-1.84126502185921E-16,0.));
#6686=DIRECTION('',(0.,0.,1.));
#6687=DIRECTION('center_axis',(1.,0.,0.));
#6688=DIRECTION('ref_axis',(0.,1.,0.));
#6689=DIRECTION('',(0.,-1.,0.));
#6690=DIRECTION('',(0.,1.,0.));
#6691=DIRECTION('',(0.,0.,1.));
#6692=DIRECTION('center_axis',(-0.866025403784439,-0.5,0.));
#6693=DIRECTION('ref_axis',(0.5,-0.866025403784439,0.));
#6694=DIRECTION('',(0.5,-0.866025403784439,0.));
#6695=DIRECTION('',(0.5,-0.866025403784439,0.));
#6696=DIRECTION('',(0.,0.,1.));
#6697=DIRECTION('center_axis',(0.5,-0.866025403784439,0.));
#6698=DIRECTION('ref_axis',(0.866025403784439,0.5,0.));
#6699=DIRECTION('',(0.866025403784439,0.5,0.));
#6700=DIRECTION('',(0.866025403784439,0.5,0.));
#6701=DIRECTION('',(0.,0.,1.));
#6702=DIRECTION('center_axis',(0.,0.,1.));
#6703=DIRECTION('ref_axis',(-0.866025403784438,0.5,0.));
#6704=DIRECTION('center_axis',(0.,0.,1.));
#6705=DIRECTION('ref_axis',(1.,0.,0.));
#6706=DIRECTION('center_axis',(0.,0.,1.));
#6707=DIRECTION('ref_axis',(1.,0.,0.));
#6708=DIRECTION('',(0.,0.,1.));
#6709=DIRECTION('center_axis',(1.,0.,0.));
#6710=DIRECTION('ref_axis',(0.,1.,0.));
#6711=DIRECTION('',(0.,1.,0.));
#6712=DIRECTION('',(0.,1.,0.));
#6713=DIRECTION('',(0.,0.,1.));
#6714=DIRECTION('center_axis',(0.,1.,0.));
#6715=DIRECTION('ref_axis',(-1.,0.,0.));
#6716=DIRECTION('',(-1.,0.,0.));
#6717=DIRECTION('',(-1.,0.,0.));
#6718=DIRECTION('',(0.,0.,1.));
#6719=DIRECTION('center_axis',(-1.,0.,0.));
#6720=DIRECTION('ref_axis',(0.,-1.,0.));
#6721=DIRECTION('',(0.,-1.,0.));
#6722=DIRECTION('',(0.,-1.,0.));
#6723=DIRECTION('',(0.,0.,1.));
#6724=DIRECTION('center_axis',(0.,0.,1.));
#6725=DIRECTION('ref_axis',(1.,0.,0.));
#6726=DIRECTION('center_axis',(0.,0.,1.));
#6727=DIRECTION('ref_axis',(1.,0.,0.));
#6728=DIRECTION('center_axis',(0.,0.,1.));
#6729=DIRECTION('ref_axis',(1.,0.,0.));
#6730=DIRECTION('',(0.,0.,1.));
#6731=DIRECTION('center_axis',(-0.5,-0.866025403784439,0.));
#6732=DIRECTION('ref_axis',(0.866025403784439,-0.5,0.));
#6733=DIRECTION('',(0.866025403784439,-0.5,0.));
#6734=DIRECTION('',(0.866025403784439,-0.5,0.));
#6735=DIRECTION('',(0.,0.,1.));
#6736=DIRECTION('center_axis',(0.866025403784438,-0.5,0.));
#6737=DIRECTION('ref_axis',(0.5,0.866025403784438,0.));
#6738=DIRECTION('',(0.5,0.866025403784438,0.));
#6739=DIRECTION('',(0.5,0.866025403784438,0.));
#6740=DIRECTION('center_axis',(0.,0.,1.));
#6741=DIRECTION('ref_axis',(1.,0.,0.));
#6742=DIRECTION('center_axis',(0.,0.,1.));
#6743=DIRECTION('ref_axis',(1.,0.,0.));
#6744=DIRECTION('axis',(0.,0.,1.));
#6745=DIRECTION('refdir',(1.,0.,0.));
#6746=DIRECTION('center_axis',(0.,0.,1.));
#6747=DIRECTION('ref_axis',(1.,0.,0.));
#6748=DIRECTION('center_axis',(0.,0.,-1.));
#6749=DIRECTION('ref_axis',(1.,0.,0.));
#6750=DIRECTION('',(0.,0.,-1.));
#6751=DIRECTION('center_axis',(0.,0.,-1.));
#6752=DIRECTION('ref_axis',(1.,0.,0.));
#6753=DIRECTION('center_axis',(0.,0.,1.));
#6754=DIRECTION('ref_axis',(1.,0.,0.));
#6755=DIRECTION('center_axis',(0.,0.,-1.));
#6756=DIRECTION('ref_axis',(1.,0.,0.));
#6757=DIRECTION('',(0.,0.,-1.));
#6758=DIRECTION('center_axis',(0.,0.,-1.));
#6759=DIRECTION('ref_axis',(1.,0.,0.));
#6760=DIRECTION('center_axis',(0.,0.,1.));
#6761=DIRECTION('ref_axis',(1.,0.,0.));
#6762=DIRECTION('center_axis',(0.,0.,-1.));
#6763=DIRECTION('ref_axis',(1.,0.,0.));
#6764=DIRECTION('',(0.,0.,-1.));
#6765=DIRECTION('center_axis',(0.,0.,-1.));
#6766=DIRECTION('ref_axis',(1.,0.,0.));
#6767=DIRECTION('center_axis',(0.,0.,1.));
#6768=DIRECTION('ref_axis',(1.,0.,0.));
#6769=DIRECTION('center_axis',(0.,0.,-1.));
#6770=DIRECTION('ref_axis',(1.,0.,0.));
#6771=DIRECTION('',(0.,0.,-1.));
#6772=DIRECTION('center_axis',(0.,0.,-1.));
#6773=DIRECTION('ref_axis',(1.,0.,0.));
#6774=DIRECTION('center_axis',(0.,0.,1.));
#6775=DIRECTION('ref_axis',(1.,0.,0.));
#6776=DIRECTION('center_axis',(0.,0.,-1.));
#6777=DIRECTION('ref_axis',(1.,0.,0.));
#6778=DIRECTION('',(0.,0.,-1.));
#6779=DIRECTION('center_axis',(0.,0.,-1.));
#6780=DIRECTION('ref_axis',(1.,0.,0.));
#6781=DIRECTION('center_axis',(0.,0.,1.));
#6782=DIRECTION('ref_axis',(1.,0.,0.));
#6783=DIRECTION('center_axis',(0.,0.,-1.));
#6784=DIRECTION('ref_axis',(1.,0.,0.));
#6785=DIRECTION('',(0.,0.,-1.));
#6786=DIRECTION('center_axis',(0.,0.,-1.));
#6787=DIRECTION('ref_axis',(1.,0.,0.));
#6788=DIRECTION('center_axis',(0.,0.,1.));
#6789=DIRECTION('ref_axis',(1.,0.,0.));
#6790=DIRECTION('center_axis',(0.,0.,-1.));
#6791=DIRECTION('ref_axis',(1.,0.,0.));
#6792=DIRECTION('',(0.,0.,-1.));
#6793=DIRECTION('center_axis',(0.,0.,-1.));
#6794=DIRECTION('ref_axis',(1.,0.,0.));
#6795=DIRECTION('center_axis',(0.,0.,1.));
#6796=DIRECTION('ref_axis',(1.,0.,0.));
#6797=DIRECTION('center_axis',(0.,0.,-1.));
#6798=DIRECTION('ref_axis',(1.,0.,0.));
#6799=DIRECTION('',(0.,0.,-1.));
#6800=DIRECTION('center_axis',(0.,0.,-1.));
#6801=DIRECTION('ref_axis',(1.,0.,0.));
#6802=DIRECTION('center_axis',(0.,0.,1.));
#6803=DIRECTION('ref_axis',(1.,0.,0.));
#6804=DIRECTION('center_axis',(0.,0.,-1.));
#6805=DIRECTION('ref_axis',(1.,0.,0.));
#6806=DIRECTION('',(0.,0.,-1.));
#6807=DIRECTION('center_axis',(0.,0.,-1.));
#6808=DIRECTION('ref_axis',(1.,0.,0.));
#6809=DIRECTION('center_axis',(0.,0.,1.));
#6810=DIRECTION('ref_axis',(1.,0.,0.));
#6811=DIRECTION('center_axis',(0.,0.,-1.));
#6812=DIRECTION('ref_axis',(1.,0.,0.));
#6813=DIRECTION('',(0.,0.,-1.));
#6814=DIRECTION('center_axis',(0.,0.,-1.));
#6815=DIRECTION('ref_axis',(1.,0.,0.));
#6816=DIRECTION('center_axis',(0.,0.,1.));
#6817=DIRECTION('ref_axis',(1.,0.,0.));
#6818=DIRECTION('center_axis',(0.,0.,-1.));
#6819=DIRECTION('ref_axis',(1.,0.,0.));
#6820=DIRECTION('',(0.,0.,-1.));
#6821=DIRECTION('center_axis',(0.,0.,-1.));
#6822=DIRECTION('ref_axis',(1.,0.,0.));
#6823=DIRECTION('center_axis',(0.,0.,1.));
#6824=DIRECTION('ref_axis',(1.,0.,0.));
#6825=DIRECTION('center_axis',(0.,0.,-1.));
#6826=DIRECTION('ref_axis',(1.,0.,0.));
#6827=DIRECTION('',(0.,0.,-1.));
#6828=DIRECTION('center_axis',(0.,0.,-1.));
#6829=DIRECTION('ref_axis',(1.,0.,0.));
#6830=DIRECTION('center_axis',(0.,0.,1.));
#6831=DIRECTION('ref_axis',(1.,0.,0.));
#6832=DIRECTION('center_axis',(0.,0.,-1.));
#6833=DIRECTION('ref_axis',(1.,0.,0.));
#6834=DIRECTION('',(0.,0.,-1.));
#6835=DIRECTION('center_axis',(0.,0.,-1.));
#6836=DIRECTION('ref_axis',(1.,0.,0.));
#6837=DIRECTION('center_axis',(0.,0.,1.));
#6838=DIRECTION('ref_axis',(1.,0.,0.));
#6839=DIRECTION('center_axis',(0.,0.,-1.));
#6840=DIRECTION('ref_axis',(1.,0.,0.));
#6841=DIRECTION('',(0.,0.,-1.));
#6842=DIRECTION('center_axis',(0.,0.,-1.));
#6843=DIRECTION('ref_axis',(1.,0.,0.));
#6844=DIRECTION('center_axis',(0.,0.,1.));
#6845=DIRECTION('ref_axis',(1.,0.,0.));
#6846=DIRECTION('center_axis',(0.,0.,-1.));
#6847=DIRECTION('ref_axis',(1.,0.,0.));
#6848=DIRECTION('',(0.,0.,-1.));
#6849=DIRECTION('center_axis',(0.,0.,-1.));
#6850=DIRECTION('ref_axis',(1.,0.,0.));
#6851=DIRECTION('center_axis',(0.,0.,1.));
#6852=DIRECTION('ref_axis',(1.,0.,0.));
#6853=DIRECTION('center_axis',(0.,0.,-1.));
#6854=DIRECTION('ref_axis',(1.,0.,0.));
#6855=DIRECTION('',(0.,0.,-1.));
#6856=DIRECTION('center_axis',(0.,0.,-1.));
#6857=DIRECTION('ref_axis',(1.,0.,0.));
#6858=DIRECTION('center_axis',(0.,0.,1.));
#6859=DIRECTION('ref_axis',(1.,0.,0.));
#6860=DIRECTION('center_axis',(0.,0.,-1.));
#6861=DIRECTION('ref_axis',(1.,0.,0.));
#6862=DIRECTION('',(0.,0.,-1.));
#6863=DIRECTION('center_axis',(0.,0.,-1.));
#6864=DIRECTION('ref_axis',(1.,0.,0.));
#6865=DIRECTION('center_axis',(0.,0.,1.));
#6866=DIRECTION('ref_axis',(1.,0.,0.));
#6867=DIRECTION('center_axis',(0.,0.,-1.));
#6868=DIRECTION('ref_axis',(1.,0.,0.));
#6869=DIRECTION('',(0.,0.,-1.));
#6870=DIRECTION('center_axis',(0.,0.,-1.));
#6871=DIRECTION('ref_axis',(1.,0.,0.));
#6872=DIRECTION('center_axis',(0.,0.,1.));
#6873=DIRECTION('ref_axis',(1.,0.,0.));
#6874=DIRECTION('center_axis',(0.,0.,-1.));
#6875=DIRECTION('ref_axis',(1.,0.,0.));
#6876=DIRECTION('',(0.,0.,-1.));
#6877=DIRECTION('center_axis',(0.,0.,-1.));
#6878=DIRECTION('ref_axis',(1.,0.,0.));
#6879=DIRECTION('center_axis',(0.,0.,1.));
#6880=DIRECTION('ref_axis',(1.,0.,0.));
#6881=DIRECTION('center_axis',(0.,0.,-1.));
#6882=DIRECTION('ref_axis',(1.,0.,0.));
#6883=DIRECTION('',(0.,0.,-1.));
#6884=DIRECTION('center_axis',(0.,0.,-1.));
#6885=DIRECTION('ref_axis',(1.,0.,0.));
#6886=DIRECTION('center_axis',(0.,0.,1.));
#6887=DIRECTION('ref_axis',(1.,0.,0.));
#6888=DIRECTION('center_axis',(0.,0.,-1.));
#6889=DIRECTION('ref_axis',(1.,0.,0.));
#6890=DIRECTION('',(0.,0.,-1.));
#6891=DIRECTION('center_axis',(0.,0.,-1.));
#6892=DIRECTION('ref_axis',(1.,0.,0.));
#6893=DIRECTION('center_axis',(0.,0.,1.));
#6894=DIRECTION('ref_axis',(1.,0.,0.));
#6895=DIRECTION('center_axis',(0.,0.,-1.));
#6896=DIRECTION('ref_axis',(1.,0.,0.));
#6897=DIRECTION('',(0.,0.,-1.));
#6898=DIRECTION('center_axis',(0.,0.,-1.));
#6899=DIRECTION('ref_axis',(1.,0.,0.));
#6900=DIRECTION('center_axis',(0.,0.,1.));
#6901=DIRECTION('ref_axis',(1.,0.,0.));
#6902=DIRECTION('center_axis',(0.,0.,-1.));
#6903=DIRECTION('ref_axis',(1.,0.,0.));
#6904=DIRECTION('',(0.,0.,-1.));
#6905=DIRECTION('center_axis',(0.,0.,-1.));
#6906=DIRECTION('ref_axis',(1.,0.,0.));
#6907=DIRECTION('center_axis',(0.,0.,1.));
#6908=DIRECTION('ref_axis',(1.,0.,0.));
#6909=DIRECTION('center_axis',(0.,0.,-1.));
#6910=DIRECTION('ref_axis',(1.,0.,0.));
#6911=DIRECTION('',(0.,0.,-1.));
#6912=DIRECTION('center_axis',(0.,0.,-1.));
#6913=DIRECTION('ref_axis',(1.,0.,0.));
#6914=DIRECTION('center_axis',(0.,0.,1.));
#6915=DIRECTION('ref_axis',(1.,0.,0.));
#6916=DIRECTION('center_axis',(0.,0.,-1.));
#6917=DIRECTION('ref_axis',(1.,0.,0.));
#6918=DIRECTION('',(0.,0.,-1.));
#6919=DIRECTION('center_axis',(0.,0.,-1.));
#6920=DIRECTION('ref_axis',(1.,0.,0.));
#6921=DIRECTION('center_axis',(0.,0.,1.));
#6922=DIRECTION('ref_axis',(1.,0.,0.));
#6923=DIRECTION('center_axis',(0.,0.,-1.));
#6924=DIRECTION('ref_axis',(1.,0.,0.));
#6925=DIRECTION('',(0.,0.,-1.));
#6926=DIRECTION('center_axis',(0.,0.,-1.));
#6927=DIRECTION('ref_axis',(1.,0.,0.));
#6928=DIRECTION('center_axis',(0.,0.,1.));
#6929=DIRECTION('ref_axis',(1.,0.,0.));
#6930=DIRECTION('center_axis',(0.,0.,-1.));
#6931=DIRECTION('ref_axis',(1.,0.,0.));
#6932=DIRECTION('',(0.,0.,-1.));
#6933=DIRECTION('center_axis',(0.,0.,-1.));
#6934=DIRECTION('ref_axis',(1.,0.,0.));
#6935=DIRECTION('center_axis',(0.,0.,1.));
#6936=DIRECTION('ref_axis',(1.,0.,0.));
#6937=DIRECTION('center_axis',(0.,0.,-1.));
#6938=DIRECTION('ref_axis',(1.,0.,0.));
#6939=DIRECTION('',(0.,0.,-1.));
#6940=DIRECTION('center_axis',(0.,0.,-1.));
#6941=DIRECTION('ref_axis',(1.,0.,0.));
#6942=DIRECTION('center_axis',(0.,0.,1.));
#6943=DIRECTION('ref_axis',(1.,0.,0.));
#6944=DIRECTION('center_axis',(0.,0.,1.));
#6945=DIRECTION('ref_axis',(1.,0.,0.));
#6946=DIRECTION('',(0.,0.,1.));
#6947=DIRECTION('center_axis',(0.,0.,-1.));
#6948=DIRECTION('ref_axis',(1.,0.,0.));
#6949=DIRECTION('',(0.,0.,1.));
#6950=DIRECTION('center_axis',(0.,0.,1.));
#6951=DIRECTION('ref_axis',(1.,0.,0.));
#6952=DIRECTION('center_axis',(0.,0.,1.));
#6953=DIRECTION('ref_axis',(1.,0.,0.));
#6954=DIRECTION('center_axis',(0.,0.,1.));
#6955=DIRECTION('ref_axis',(1.,0.,0.));
#6956=DIRECTION('',(0.,0.,1.));
#6957=DIRECTION('center_axis',(-0.5,0.866025403784439,0.));
#6958=DIRECTION('ref_axis',(-0.866025403784439,-0.5,0.));
#6959=DIRECTION('',(-0.866025403784439,-0.5,0.));
#6960=DIRECTION('',(-0.866025403784439,-0.5,0.));
#6961=DIRECTION('',(0.,0.,1.));
#6962=DIRECTION('center_axis',(-0.866025403784439,-0.5,0.));
#6963=DIRECTION('ref_axis',(0.5,-0.866025403784439,0.));
#6964=DIRECTION('',(0.5,-0.866025403784439,0.));
#6965=DIRECTION('',(0.5,-0.866025403784439,0.));
#6966=DIRECTION('',(0.,0.,1.));
#6967=DIRECTION('center_axis',(0.5,-0.866025403784439,0.));
#6968=DIRECTION('ref_axis',(0.866025403784439,0.5,0.));
#6969=DIRECTION('',(0.866025403784439,0.5,0.));
#6970=DIRECTION('',(0.866025403784439,0.5,0.));
#6971=DIRECTION('',(0.,0.,1.));
#6972=DIRECTION('center_axis',(0.,0.,1.));
#6973=DIRECTION('ref_axis',(-0.866025403784438,0.5,0.));
#6974=DIRECTION('center_axis',(0.,0.,1.));
#6975=DIRECTION('ref_axis',(1.,0.,0.));
#6976=DIRECTION('center_axis',(0.,0.,1.));
#6977=DIRECTION('ref_axis',(1.,0.,0.));
#6978=DIRECTION('',(0.,0.,1.));
#6979=DIRECTION('center_axis',(1.,0.,0.));
#6980=DIRECTION('ref_axis',(0.,1.,0.));
#6981=DIRECTION('',(0.,1.,0.));
#6982=DIRECTION('',(0.,1.,0.));
#6983=DIRECTION('',(0.,0.,1.));
#6984=DIRECTION('center_axis',(0.,1.,0.));
#6985=DIRECTION('ref_axis',(-1.,0.,0.));
#6986=DIRECTION('',(-1.,0.,0.));
#6987=DIRECTION('',(-1.,0.,0.));
#6988=DIRECTION('',(0.,0.,1.));
#6989=DIRECTION('center_axis',(-1.,0.,0.));
#6990=DIRECTION('ref_axis',(0.,-1.,0.));
#6991=DIRECTION('',(0.,-1.,0.));
#6992=DIRECTION('',(0.,-1.,0.));
#6993=DIRECTION('',(0.,0.,1.));
#6994=DIRECTION('center_axis',(0.,0.,1.));
#6995=DIRECTION('ref_axis',(1.,0.,0.));
#6996=DIRECTION('center_axis',(0.,0.,1.));
#6997=DIRECTION('ref_axis',(1.,0.,0.));
#6998=DIRECTION('center_axis',(0.,0.,1.));
#6999=DIRECTION('ref_axis',(1.,0.,0.));
#7000=DIRECTION('',(0.,0.,1.));
#7001=DIRECTION('center_axis',(-0.5,-0.866025403784439,0.));
#7002=DIRECTION('ref_axis',(0.866025403784439,-0.5,0.));
#7003=DIRECTION('',(0.866025403784439,-0.5,0.));
#7004=DIRECTION('',(0.866025403784439,-0.5,0.));
#7005=DIRECTION('',(0.,0.,1.));
#7006=DIRECTION('center_axis',(0.866025403784438,-0.5,0.));
#7007=DIRECTION('ref_axis',(0.5,0.866025403784438,0.));
#7008=DIRECTION('',(0.5,0.866025403784438,0.));
#7009=DIRECTION('',(0.5,0.866025403784438,0.));
#7010=DIRECTION('',(0.,0.,1.));
#7011=DIRECTION('center_axis',(0.5,0.866025403784438,0.));
#7012=DIRECTION('ref_axis',(-0.866025403784438,0.5,0.));
#7013=DIRECTION('',(-0.866025403784438,0.5,0.));
#7014=DIRECTION('',(-0.866025403784438,0.5,0.));
#7015=DIRECTION('',(0.,0.,1.));
#7016=DIRECTION('center_axis',(0.,0.,1.));
#7017=DIRECTION('ref_axis',(1.,0.,0.));
#7018=DIRECTION('center_axis',(0.,0.,1.));
#7019=DIRECTION('ref_axis',(1.,0.,0.));
#7020=DIRECTION('center_axis',(0.,0.,1.));
#7021=DIRECTION('ref_axis',(1.,0.,0.));
#7022=DIRECTION('center_axis',(0.,0.,1.));
#7023=DIRECTION('ref_axis',(1.,0.,0.));
#7024=DIRECTION('center_axis',(0.,0.,1.));
#7025=DIRECTION('ref_axis',(1.,0.,0.));
#7026=DIRECTION('axis',(0.,0.,1.));
#7027=DIRECTION('refdir',(1.,0.,0.));
#7028=DIRECTION('center_axis',(0.,0.,1.));
#7029=DIRECTION('ref_axis',(1.,0.,0.));
#7030=DIRECTION('center_axis',(0.,0.,-1.));
#7031=DIRECTION('ref_axis',(1.,0.,0.));
#7032=DIRECTION('',(0.,0.,-1.));
#7033=DIRECTION('center_axis',(0.,0.,-1.));
#7034=DIRECTION('ref_axis',(1.,0.,0.));
#7035=DIRECTION('center_axis',(0.,0.,1.));
#7036=DIRECTION('ref_axis',(1.,0.,0.));
#7037=DIRECTION('center_axis',(0.,0.,-1.));
#7038=DIRECTION('ref_axis',(1.,0.,0.));
#7039=DIRECTION('',(0.,0.,-1.));
#7040=DIRECTION('center_axis',(0.,0.,-1.));
#7041=DIRECTION('ref_axis',(1.,0.,0.));
#7042=DIRECTION('center_axis',(0.,0.,1.));
#7043=DIRECTION('ref_axis',(1.,0.,0.));
#7044=DIRECTION('center_axis',(0.,0.,-1.));
#7045=DIRECTION('ref_axis',(1.,0.,0.));
#7046=DIRECTION('',(0.,0.,-1.));
#7047=DIRECTION('center_axis',(0.,0.,-1.));
#7048=DIRECTION('ref_axis',(1.,0.,0.));
#7049=DIRECTION('center_axis',(0.,0.,1.));
#7050=DIRECTION('ref_axis',(1.,0.,0.));
#7051=DIRECTION('center_axis',(0.,0.,-1.));
#7052=DIRECTION('ref_axis',(1.,0.,0.));
#7053=DIRECTION('',(0.,0.,-1.));
#7054=DIRECTION('center_axis',(0.,0.,-1.));
#7055=DIRECTION('ref_axis',(1.,0.,0.));
#7056=DIRECTION('center_axis',(0.,0.,1.));
#7057=DIRECTION('ref_axis',(1.,0.,0.));
#7058=DIRECTION('center_axis',(0.,0.,-1.));
#7059=DIRECTION('ref_axis',(1.,0.,0.));
#7060=DIRECTION('',(0.,0.,-1.));
#7061=DIRECTION('center_axis',(0.,0.,-1.));
#7062=DIRECTION('ref_axis',(1.,0.,0.));
#7063=DIRECTION('center_axis',(0.,0.,1.));
#7064=DIRECTION('ref_axis',(1.,0.,0.));
#7065=DIRECTION('center_axis',(0.,0.,-1.));
#7066=DIRECTION('ref_axis',(1.,0.,0.));
#7067=DIRECTION('',(0.,0.,-1.));
#7068=DIRECTION('center_axis',(0.,0.,-1.));
#7069=DIRECTION('ref_axis',(1.,0.,0.));
#7070=DIRECTION('center_axis',(0.,0.,1.));
#7071=DIRECTION('ref_axis',(1.,0.,0.));
#7072=DIRECTION('center_axis',(0.,0.,-1.));
#7073=DIRECTION('ref_axis',(1.,0.,0.));
#7074=DIRECTION('',(0.,0.,-1.));
#7075=DIRECTION('center_axis',(0.,0.,-1.));
#7076=DIRECTION('ref_axis',(1.,0.,0.));
#7077=DIRECTION('center_axis',(0.,0.,1.));
#7078=DIRECTION('ref_axis',(1.,0.,0.));
#7079=DIRECTION('center_axis',(0.,0.,-1.));
#7080=DIRECTION('ref_axis',(1.,0.,0.));
#7081=DIRECTION('',(0.,0.,-1.));
#7082=DIRECTION('center_axis',(0.,0.,-1.));
#7083=DIRECTION('ref_axis',(1.,0.,0.));
#7084=DIRECTION('center_axis',(0.,0.,1.));
#7085=DIRECTION('ref_axis',(1.,0.,0.));
#7086=DIRECTION('center_axis',(0.,0.,-1.));
#7087=DIRECTION('ref_axis',(1.,0.,0.));
#7088=DIRECTION('',(0.,0.,-1.));
#7089=DIRECTION('center_axis',(0.,0.,-1.));
#7090=DIRECTION('ref_axis',(1.,0.,0.));
#7091=DIRECTION('center_axis',(0.,0.,1.));
#7092=DIRECTION('ref_axis',(1.,0.,0.));
#7093=DIRECTION('center_axis',(0.,0.,1.));
#7094=DIRECTION('ref_axis',(1.,0.,0.));
#7095=DIRECTION('',(0.,0.,-1.));
#7096=DIRECTION('center_axis',(0.,0.,1.));
#7097=DIRECTION('ref_axis',(1.,0.,0.));
#7098=DIRECTION('center_axis',(0.,0.,1.));
#7099=DIRECTION('ref_axis',(1.,0.,0.));
#7100=DIRECTION('center_axis',(0.,0.,1.));
#7101=DIRECTION('ref_axis',(1.,0.,0.));
#7102=DIRECTION('axis',(0.,0.,1.));
#7103=DIRECTION('refdir',(1.,0.,0.));
#7104=DIRECTION('center_axis',(0.,0.,1.));
#7105=DIRECTION('ref_axis',(1.,0.,0.));
#7106=DIRECTION('center_axis',(0.,0.,-1.));
#7107=DIRECTION('ref_axis',(1.,0.,0.));
#7108=DIRECTION('',(0.,0.,-1.));
#7109=DIRECTION('center_axis',(0.,0.,-1.));
#7110=DIRECTION('ref_axis',(1.,0.,0.));
#7111=DIRECTION('center_axis',(0.,0.,1.));
#7112=DIRECTION('ref_axis',(1.,0.,0.));
#7113=DIRECTION('center_axis',(0.,0.,-1.));
#7114=DIRECTION('ref_axis',(1.,0.,0.));
#7115=DIRECTION('',(0.,0.,-1.));
#7116=DIRECTION('center_axis',(0.,0.,-1.));
#7117=DIRECTION('ref_axis',(1.,0.,0.));
#7118=DIRECTION('center_axis',(-1.,0.,0.));
#7119=DIRECTION('ref_axis',(0.,-1.,0.));
#7120=DIRECTION('',(0.,1.,0.));
#7121=DIRECTION('',(0.,0.,1.));
#7122=DIRECTION('',(0.,-1.,0.));
#7123=DIRECTION('',(0.,0.,1.));
#7124=DIRECTION('center_axis',(0.,1.,0.));
#7125=DIRECTION('ref_axis',(-1.,0.,0.));
#7126=DIRECTION('',(1.,0.,0.));
#7127=DIRECTION('',(-1.,0.,0.));
#7128=DIRECTION('',(0.,0.,1.));
#7129=DIRECTION('center_axis',(1.,0.,0.));
#7130=DIRECTION('ref_axis',(0.,1.,0.));
#7131=DIRECTION('',(0.,-1.,0.));
#7132=DIRECTION('',(0.,1.,0.));
#7133=DIRECTION('',(0.,0.,1.));
#7134=DIRECTION('center_axis',(0.,-1.,0.));
#7135=DIRECTION('ref_axis',(1.,0.,0.));
#7136=DIRECTION('',(-1.,0.,0.));
#7137=DIRECTION('',(1.,0.,0.));
#7138=DIRECTION('center_axis',(0.,0.,1.));
#7139=DIRECTION('ref_axis',(1.,0.,0.));
#7140=DIRECTION('center_axis',(0.,0.,1.));
#7141=DIRECTION('ref_axis',(1.,0.,0.));
#7142=DIRECTION('center_axis',(0.,-1.,0.));
#7143=DIRECTION('ref_axis',(1.,0.,0.));
#7144=DIRECTION('',(1.,0.,0.));
#7145=DIRECTION('',(0.,0.,1.));
#7146=DIRECTION('',(1.,0.,0.));
#7147=DIRECTION('',(0.,0.,1.));
#7148=DIRECTION('center_axis',(-1.,0.,0.));
#7149=DIRECTION('ref_axis',(0.,-1.,0.));
#7150=DIRECTION('',(0.,-1.,0.));
#7151=DIRECTION('',(0.,-1.,0.));
#7152=DIRECTION('',(0.,0.,1.));
#7153=DIRECTION('center_axis',(0.,1.,0.));
#7154=DIRECTION('ref_axis',(-1.,0.,0.));
#7155=DIRECTION('',(-1.,0.,0.));
#7156=DIRECTION('',(-1.,0.,0.));
#7157=DIRECTION('',(0.,0.,1.));
#7158=DIRECTION('center_axis',(1.,0.,0.));
#7159=DIRECTION('ref_axis',(0.,1.,0.));
#7160=DIRECTION('',(0.,1.,0.));
#7161=DIRECTION('',(0.,1.,0.));
#7162=DIRECTION('center_axis',(0.,0.,1.));
#7163=DIRECTION('ref_axis',(1.,0.,0.));
#7164=DIRECTION('center_axis',(0.,0.,1.));
#7165=DIRECTION('ref_axis',(1.,0.,0.));
#7166=DIRECTION('center_axis',(0.,0.,1.));
#7167=DIRECTION('ref_axis',(1.,0.,0.));
#7168=DIRECTION('center_axis',(0.,0.,1.));
#7169=DIRECTION('ref_axis',(1.,0.,0.));
#7170=DIRECTION('',(0.,0.,-1.));
#7171=DIRECTION('center_axis',(0.,0.,1.));
#7172=DIRECTION('ref_axis',(1.,0.,0.));
#7173=DIRECTION('center_axis',(0.,0.,1.));
#7174=DIRECTION('ref_axis',(1.,0.,0.));
#7175=DIRECTION('center_axis',(0.,0.,1.));
#7176=DIRECTION('ref_axis',(1.,0.,0.));
#7177=DIRECTION('axis',(0.,0.,1.));
#7178=DIRECTION('refdir',(1.,0.,0.));
#7179=DIRECTION('center_axis',(0.,0.,1.));
#7180=DIRECTION('ref_axis',(1.,0.,0.));
#7181=DIRECTION('center_axis',(0.,0.,-1.));
#7182=DIRECTION('ref_axis',(1.,0.,0.));
#7183=DIRECTION('',(0.,0.,-1.));
#7184=DIRECTION('center_axis',(0.,0.,-1.));
#7185=DIRECTION('ref_axis',(1.,0.,0.));
#7186=DIRECTION('center_axis',(0.,0.,1.));
#7187=DIRECTION('ref_axis',(1.,0.,0.));
#7188=DIRECTION('center_axis',(0.,0.,-1.));
#7189=DIRECTION('ref_axis',(1.,0.,0.));
#7190=DIRECTION('',(0.,0.,-1.));
#7191=DIRECTION('center_axis',(0.,0.,-1.));
#7192=DIRECTION('ref_axis',(1.,0.,0.));
#7193=DIRECTION('center_axis',(0.,0.,1.));
#7194=DIRECTION('ref_axis',(1.,0.,0.));
#7195=DIRECTION('center_axis',(0.,0.,-1.));
#7196=DIRECTION('ref_axis',(1.,0.,0.));
#7197=DIRECTION('',(0.,0.,-1.));
#7198=DIRECTION('center_axis',(0.,0.,-1.));
#7199=DIRECTION('ref_axis',(1.,0.,0.));
#7200=DIRECTION('center_axis',(0.,0.,1.));
#7201=DIRECTION('ref_axis',(1.,0.,0.));
#7202=DIRECTION('center_axis',(0.,0.,-1.));
#7203=DIRECTION('ref_axis',(1.,0.,0.));
#7204=DIRECTION('',(0.,0.,-1.));
#7205=DIRECTION('center_axis',(0.,0.,-1.));
#7206=DIRECTION('ref_axis',(1.,0.,0.));
#7207=DIRECTION('center_axis',(0.,0.,1.));
#7208=DIRECTION('ref_axis',(1.,0.,0.));
#7209=DIRECTION('center_axis',(0.,0.,-1.));
#7210=DIRECTION('ref_axis',(1.,0.,0.));
#7211=DIRECTION('',(0.,0.,-1.));
#7212=DIRECTION('center_axis',(0.,0.,-1.));
#7213=DIRECTION('ref_axis',(1.,0.,0.));
#7214=DIRECTION('center_axis',(0.,0.,1.));
#7215=DIRECTION('ref_axis',(1.,0.,0.));
#7216=DIRECTION('center_axis',(0.,0.,-1.));
#7217=DIRECTION('ref_axis',(1.,0.,0.));
#7218=DIRECTION('',(0.,0.,-1.));
#7219=DIRECTION('center_axis',(0.,0.,-1.));
#7220=DIRECTION('ref_axis',(1.,0.,0.));
#7221=DIRECTION('center_axis',(0.,0.,1.));
#7222=DIRECTION('ref_axis',(1.,0.,0.));
#7223=DIRECTION('center_axis',(0.,0.,-1.));
#7224=DIRECTION('ref_axis',(1.,0.,0.));
#7225=DIRECTION('',(0.,0.,-1.));
#7226=DIRECTION('center_axis',(0.,0.,-1.));
#7227=DIRECTION('ref_axis',(1.,0.,0.));
#7228=DIRECTION('center_axis',(0.,0.,1.));
#7229=DIRECTION('ref_axis',(1.,0.,0.));
#7230=DIRECTION('center_axis',(0.,0.,-1.));
#7231=DIRECTION('ref_axis',(1.,0.,0.));
#7232=DIRECTION('',(0.,0.,-1.));
#7233=DIRECTION('center_axis',(0.,0.,-1.));
#7234=DIRECTION('ref_axis',(1.,0.,0.));
#7235=DIRECTION('center_axis',(0.,0.,1.));
#7236=DIRECTION('ref_axis',(1.,0.,0.));
#7237=DIRECTION('center_axis',(0.,0.,-1.));
#7238=DIRECTION('ref_axis',(1.,0.,0.));
#7239=DIRECTION('',(0.,0.,-1.));
#7240=DIRECTION('center_axis',(0.,0.,-1.));
#7241=DIRECTION('ref_axis',(1.,0.,0.));
#7242=DIRECTION('center_axis',(0.,0.,1.));
#7243=DIRECTION('ref_axis',(1.,0.,0.));
#7244=DIRECTION('center_axis',(0.,0.,-1.));
#7245=DIRECTION('ref_axis',(1.,0.,0.));
#7246=DIRECTION('',(0.,0.,-1.));
#7247=DIRECTION('center_axis',(0.,0.,-1.));
#7248=DIRECTION('ref_axis',(1.,0.,0.));
#7249=DIRECTION('center_axis',(0.,0.,1.));
#7250=DIRECTION('ref_axis',(1.,0.,0.));
#7251=DIRECTION('center_axis',(0.,0.,-1.));
#7252=DIRECTION('ref_axis',(1.,0.,0.));
#7253=DIRECTION('',(0.,0.,-1.));
#7254=DIRECTION('center_axis',(0.,0.,-1.));
#7255=DIRECTION('ref_axis',(1.,0.,0.));
#7256=DIRECTION('center_axis',(0.,0.,1.));
#7257=DIRECTION('ref_axis',(1.,0.,0.));
#7258=DIRECTION('center_axis',(0.,0.,-1.));
#7259=DIRECTION('ref_axis',(1.,0.,0.));
#7260=DIRECTION('',(0.,0.,-1.));
#7261=DIRECTION('center_axis',(0.,0.,-1.));
#7262=DIRECTION('ref_axis',(1.,0.,0.));
#7263=DIRECTION('center_axis',(0.,0.,1.));
#7264=DIRECTION('ref_axis',(1.,0.,0.));
#7265=DIRECTION('center_axis',(0.,0.,-1.));
#7266=DIRECTION('ref_axis',(1.,0.,0.));
#7267=DIRECTION('',(0.,0.,-1.));
#7268=DIRECTION('center_axis',(0.,0.,-1.));
#7269=DIRECTION('ref_axis',(1.,0.,0.));
#7270=DIRECTION('center_axis',(0.,0.,1.));
#7271=DIRECTION('ref_axis',(1.,0.,0.));
#7272=DIRECTION('center_axis',(0.,0.,-1.));
#7273=DIRECTION('ref_axis',(1.,0.,0.));
#7274=DIRECTION('',(0.,0.,-1.));
#7275=DIRECTION('center_axis',(0.,0.,-1.));
#7276=DIRECTION('ref_axis',(1.,0.,0.));
#7277=DIRECTION('center_axis',(0.,0.,1.));
#7278=DIRECTION('ref_axis',(1.,0.,0.));
#7279=DIRECTION('center_axis',(0.,0.,-1.));
#7280=DIRECTION('ref_axis',(1.,0.,0.));
#7281=DIRECTION('',(0.,0.,-1.));
#7282=DIRECTION('center_axis',(0.,0.,-1.));
#7283=DIRECTION('ref_axis',(1.,0.,0.));
#7284=DIRECTION('center_axis',(0.,0.,1.));
#7285=DIRECTION('ref_axis',(1.,0.,0.));
#7286=DIRECTION('center_axis',(0.,0.,-1.));
#7287=DIRECTION('ref_axis',(1.,0.,0.));
#7288=DIRECTION('',(0.,0.,-1.));
#7289=DIRECTION('center_axis',(0.,0.,-1.));
#7290=DIRECTION('ref_axis',(1.,0.,0.));
#7291=DIRECTION('center_axis',(0.,0.,1.));
#7292=DIRECTION('ref_axis',(1.,0.,0.));
#7293=DIRECTION('center_axis',(0.,0.,-1.));
#7294=DIRECTION('ref_axis',(1.,0.,0.));
#7295=DIRECTION('',(0.,0.,-1.));
#7296=DIRECTION('center_axis',(0.,0.,-1.));
#7297=DIRECTION('ref_axis',(1.,0.,0.));
#7298=DIRECTION('center_axis',(0.,0.,1.));
#7299=DIRECTION('ref_axis',(1.,0.,0.));
#7300=DIRECTION('center_axis',(0.,0.,-1.));
#7301=DIRECTION('ref_axis',(1.,0.,0.));
#7302=DIRECTION('',(0.,0.,-1.));
#7303=DIRECTION('center_axis',(0.,0.,-1.));
#7304=DIRECTION('ref_axis',(1.,0.,0.));
#7305=DIRECTION('center_axis',(0.,0.,1.));
#7306=DIRECTION('ref_axis',(1.,0.,0.));
#7307=DIRECTION('center_axis',(0.,0.,-1.));
#7308=DIRECTION('ref_axis',(1.,0.,0.));
#7309=DIRECTION('',(0.,0.,-1.));
#7310=DIRECTION('center_axis',(0.,0.,-1.));
#7311=DIRECTION('ref_axis',(1.,0.,0.));
#7312=DIRECTION('center_axis',(0.707106781186546,-0.707106781186549,0.));
#7313=DIRECTION('ref_axis',(0.707106781186549,0.707106781186546,0.));
#7314=DIRECTION('',(-0.707106781186549,-0.707106781186546,0.));
#7315=DIRECTION('',(0.,0.,1.));
#7316=DIRECTION('',(0.707106781186549,0.707106781186546,0.));
#7317=DIRECTION('',(0.,0.,1.));
#7318=DIRECTION('center_axis',(-8.88178419700125E-17,-1.,0.));
#7319=DIRECTION('ref_axis',(1.,-8.88178419700125E-17,0.));
#7320=DIRECTION('',(1.,-8.88178419700125E-17,0.));
#7321=DIRECTION('',(1.,-8.88178419700125E-17,0.));
#7322=DIRECTION('',(0.,0.,1.));
#7323=DIRECTION('center_axis',(-0.707106781186548,-0.707106781186547,0.));
#7324=DIRECTION('ref_axis',(0.707106781186547,-0.707106781186548,0.));
#7325=DIRECTION('',(-0.707106781186547,0.707106781186548,0.));
#7326=DIRECTION('',(0.707106781186547,-0.707106781186548,0.));
#7327=DIRECTION('',(0.,0.,1.));
#7328=DIRECTION('center_axis',(-1.,9.34924652315921E-17,0.));
#7329=DIRECTION('ref_axis',(-9.34924652315921E-17,-1.,0.));
#7330=DIRECTION('',(-9.34924652315921E-17,-1.,0.));
#7331=DIRECTION('',(-9.34924652315921E-17,-1.,0.));
#7332=DIRECTION('',(0.,0.,1.));
#7333=DIRECTION('center_axis',(-0.707106781186548,0.707106781186548,0.));
#7334=DIRECTION('ref_axis',(-0.707106781186548,-0.707106781186548,0.));
#7335=DIRECTION('',(0.707106781186548,0.707106781186548,0.));
#7336=DIRECTION('',(-0.707106781186548,-0.707106781186548,0.));
#7337=DIRECTION('',(0.,0.,1.));
#7338=DIRECTION('center_axis',(-9.34924652315921E-17,1.,0.));
#7339=DIRECTION('ref_axis',(-1.,-9.34924652315921E-17,0.));
#7340=DIRECTION('',(-1.,-9.34924652315921E-17,0.));
#7341=DIRECTION('',(-1.,-9.34924652315921E-17,0.));
#7342=DIRECTION('',(0.,0.,1.));
#7343=DIRECTION('center_axis',(0.707106781186549,0.707106781186546,0.));
#7344=DIRECTION('ref_axis',(-0.707106781186546,0.707106781186549,0.));
#7345=DIRECTION('',(0.707106781186546,-0.707106781186549,0.));
#7346=DIRECTION('',(-0.707106781186546,0.707106781186549,0.));
#7347=DIRECTION('',(0.,0.,1.));
#7348=DIRECTION('center_axis',(1.,-8.88178419700125E-17,0.));
#7349=DIRECTION('ref_axis',(8.88178419700125E-17,1.,0.));
#7350=DIRECTION('',(8.88178419700125E-17,1.,0.));
#7351=DIRECTION('',(8.88178419700125E-17,1.,0.));
#7352=DIRECTION('center_axis',(0.,0.,1.));
#7353=DIRECTION('ref_axis',(1.,0.,0.));
#7354=DIRECTION('center_axis',(0.,0.,1.));
#7355=DIRECTION('ref_axis',(1.,0.,0.));
#7356=DIRECTION('axis',(0.,0.,1.));
#7357=DIRECTION('refdir',(1.,0.,0.));
#7358=DIRECTION('center_axis',(0.,0.,1.));
#7359=DIRECTION('ref_axis',(1.,0.,0.));
#7360=DIRECTION('center_axis',(0.,0.,-1.));
#7361=DIRECTION('ref_axis',(1.,0.,0.));
#7362=DIRECTION('',(0.,0.,-1.));
#7363=DIRECTION('center_axis',(0.,0.,-1.));
#7364=DIRECTION('ref_axis',(1.,0.,0.));
#7365=DIRECTION('center_axis',(0.,0.,1.));
#7366=DIRECTION('ref_axis',(1.,0.,0.));
#7367=DIRECTION('center_axis',(0.,0.,-1.));
#7368=DIRECTION('ref_axis',(1.,0.,0.));
#7369=DIRECTION('',(0.,0.,-1.));
#7370=DIRECTION('center_axis',(0.,0.,-1.));
#7371=DIRECTION('ref_axis',(1.,0.,0.));
#7372=DIRECTION('center_axis',(0.,0.,1.));
#7373=DIRECTION('ref_axis',(1.,0.,0.));
#7374=DIRECTION('center_axis',(0.,0.,-1.));
#7375=DIRECTION('ref_axis',(1.,0.,0.));
#7376=DIRECTION('',(0.,0.,-1.));
#7377=DIRECTION('center_axis',(0.,0.,-1.));
#7378=DIRECTION('ref_axis',(1.,0.,0.));
#7379=DIRECTION('center_axis',(0.,-1.,0.));
#7380=DIRECTION('ref_axis',(1.,0.,0.));
#7381=DIRECTION('',(1.,0.,0.));
#7382=DIRECTION('',(0.,0.,1.));
#7383=DIRECTION('',(1.,0.,0.));
#7384=DIRECTION('',(0.,0.,1.));
#7385=DIRECTION('center_axis',(1.,0.,0.));
#7386=DIRECTION('ref_axis',(0.,1.,0.));
#7387=DIRECTION('',(0.,1.,0.));
#7388=DIRECTION('',(0.,1.,0.));
#7389=DIRECTION('',(0.,0.,1.));
#7390=DIRECTION('center_axis',(0.,1.,0.));
#7391=DIRECTION('ref_axis',(-1.,0.,0.));
#7392=DIRECTION('',(-1.,0.,0.));
#7393=DIRECTION('',(-1.,0.,0.));
#7394=DIRECTION('',(0.,0.,1.));
#7395=DIRECTION('center_axis',(-1.,0.,0.));
#7396=DIRECTION('ref_axis',(0.,-1.,0.));
#7397=DIRECTION('',(0.,-1.,0.));
#7398=DIRECTION('',(0.,-1.,0.));
#7399=DIRECTION('center_axis',(0.,0.,1.));
#7400=DIRECTION('ref_axis',(1.,0.,0.));
#7401=DIRECTION('center_axis',(0.,0.,-1.));
#7402=DIRECTION('ref_axis',(1.,0.,0.));
#7403=DIRECTION('',(0.,0.,-1.));
#7404=DIRECTION('center_axis',(0.,0.,-1.));
#7405=DIRECTION('ref_axis',(1.,0.,0.));
#7406=DIRECTION('center_axis',(0.,0.,1.));
#7407=DIRECTION('ref_axis',(1.,0.,0.));
#7408=DIRECTION('center_axis',(0.,0.,-1.));
#7409=DIRECTION('ref_axis',(1.,0.,0.));
#7410=DIRECTION('',(0.,0.,-1.));
#7411=DIRECTION('center_axis',(0.,0.,-1.));
#7412=DIRECTION('ref_axis',(1.,0.,0.));
#7413=DIRECTION('center_axis',(1.,0.,0.));
#7414=DIRECTION('ref_axis',(0.,1.,0.));
#7415=DIRECTION('',(0.,1.,0.));
#7416=DIRECTION('',(0.,0.,1.));
#7417=DIRECTION('',(0.,1.,0.));
#7418=DIRECTION('',(0.,0.,1.));
#7419=DIRECTION('center_axis',(0.,1.,0.));
#7420=DIRECTION('ref_axis',(-1.,0.,0.));
#7421=DIRECTION('',(-1.,0.,0.));
#7422=DIRECTION('',(-1.,0.,0.));
#7423=DIRECTION('',(0.,0.,1.));
#7424=DIRECTION('center_axis',(-1.,0.,0.));
#7425=DIRECTION('ref_axis',(0.,-1.,0.));
#7426=DIRECTION('',(0.,-1.,0.));
#7427=DIRECTION('',(0.,-1.,0.));
#7428=DIRECTION('',(0.,0.,1.));
#7429=DIRECTION('center_axis',(0.,-1.,0.));
#7430=DIRECTION('ref_axis',(1.,0.,0.));
#7431=DIRECTION('',(1.,0.,0.));
#7432=DIRECTION('',(1.,0.,0.));
#7433=DIRECTION('center_axis',(0.,0.,1.));
#7434=DIRECTION('ref_axis',(1.,0.,0.));
#7435=DIRECTION('center_axis',(0.,0.,-1.));
#7436=DIRECTION('ref_axis',(1.,0.,0.));
#7437=DIRECTION('',(0.,0.,-1.));
#7438=DIRECTION('center_axis',(0.,0.,-1.));
#7439=DIRECTION('ref_axis',(1.,0.,0.));
#7440=DIRECTION('center_axis',(0.,0.,1.));
#7441=DIRECTION('ref_axis',(1.,0.,0.));
#7442=DIRECTION('center_axis',(0.,0.,-1.));
#7443=DIRECTION('ref_axis',(1.,0.,0.));
#7444=DIRECTION('',(0.,0.,-1.));
#7445=DIRECTION('center_axis',(0.,0.,-1.));
#7446=DIRECTION('ref_axis',(1.,0.,0.));
#7447=DIRECTION('center_axis',(0.,0.,1.));
#7448=DIRECTION('ref_axis',(1.,0.,0.));
#7449=DIRECTION('center_axis',(0.,0.,-1.));
#7450=DIRECTION('ref_axis',(1.,0.,0.));
#7451=DIRECTION('',(0.,0.,-1.));
#7452=DIRECTION('center_axis',(0.,0.,-1.));
#7453=DIRECTION('ref_axis',(1.,0.,0.));
#7454=DIRECTION('center_axis',(0.,0.,1.));
#7455=DIRECTION('ref_axis',(-0.445293600372321,-0.895384615384615,0.));
#7456=DIRECTION('center_axis',(0.,0.,1.));
#7457=DIRECTION('ref_axis',(-0.445293600372321,-0.895384615384615,0.));
#7458=DIRECTION('',(0.,0.,1.));
#7459=DIRECTION('center_axis',(0.,0.,-1.));
#7460=DIRECTION('ref_axis',(-0.445293600372321,-0.895384615384615,0.));
#7461=DIRECTION('',(0.,0.,1.));
#7462=DIRECTION('center_axis',(0.,0.,1.));
#7463=DIRECTION('ref_axis',(0.706241591885981,0.707970913166886,0.));
#7464=DIRECTION('center_axis',(0.,0.,1.));
#7465=DIRECTION('ref_axis',(0.706241591885981,0.707970913166886,0.));
#7466=DIRECTION('center_axis',(0.,0.,1.));
#7467=DIRECTION('ref_axis',(0.706241591885981,0.707970913166886,0.));
#7468=DIRECTION('',(0.,0.,1.));
#7469=DIRECTION('center_axis',(0.5,-0.866025403784439,0.));
#7470=DIRECTION('ref_axis',(0.866025403784439,0.5,0.));
#7471=DIRECTION('',(0.866025403784439,0.5,0.));
#7472=DIRECTION('',(0.866025403784439,0.5,0.));
#7473=DIRECTION('',(0.,0.,1.));
#7474=DIRECTION('center_axis',(1.,0.,0.));
#7475=DIRECTION('ref_axis',(0.,1.,0.));
#7476=DIRECTION('',(0.,1.,0.));
#7477=DIRECTION('',(0.,1.,0.));
#7478=DIRECTION('',(0.,0.,1.));
#7479=DIRECTION('center_axis',(0.866025403784439,-0.5,0.));
#7480=DIRECTION('ref_axis',(0.5,0.866025403784439,0.));
#7481=DIRECTION('',(0.5,0.866025403784439,0.));
#7482=DIRECTION('',(0.5,0.866025403784439,0.));
#7483=DIRECTION('',(0.,0.,1.));
#7484=DIRECTION('center_axis',(-2.67074473012665E-16,-1.,0.));
#7485=DIRECTION('ref_axis',(1.,-2.67074473012665E-16,0.));
#7486=DIRECTION('',(1.,-2.67074473012665E-16,0.));
#7487=DIRECTION('',(1.,-2.67074473012665E-16,0.));
#7488=DIRECTION('',(0.,0.,1.));
#7489=DIRECTION('center_axis',(-0.867088856558177,-0.498153505289918,0.));
#7490=DIRECTION('ref_axis',(0.498153505289918,-0.867088856558177,0.));
#7491=DIRECTION('',(0.498153505289918,-0.867088856558177,0.));
#7492=DIRECTION('',(0.498153505289918,-0.867088856558177,0.));
#7493=DIRECTION('',(0.,0.,1.));
#7494=DIRECTION('center_axis',(-0.999986210860763,-0.00525148439330891,
0.));
#7495=DIRECTION('ref_axis',(0.00525148439330891,-0.999986210860763,0.));
#7496=DIRECTION('',(0.00525148439330891,-0.999986210860763,0.));
#7497=DIRECTION('',(0.00525148439330891,-0.999986210860763,0.));
#7498=DIRECTION('',(0.,0.,1.));
#7499=DIRECTION('center_axis',(-0.500000000000002,-0.866025403784437,0.));
#7500=DIRECTION('ref_axis',(0.866025403784437,-0.500000000000002,0.));
#7501=DIRECTION('',(0.866025403784437,-0.500000000000002,0.));
#7502=DIRECTION('',(0.866025403784437,-0.500000000000002,0.));
#7503=DIRECTION('',(0.,0.,1.));
#7504=DIRECTION('center_axis',(0.,0.,1.));
#7505=DIRECTION('ref_axis',(-0.556617000465401,0.830769230769231,0.));
#7506=DIRECTION('center_axis',(0.,0.,1.));
#7507=DIRECTION('ref_axis',(-0.556617000465401,0.830769230769231,0.));
#7508=DIRECTION('center_axis',(0.,0.,1.));
#7509=DIRECTION('ref_axis',(-0.556617000465401,0.830769230769231,0.));
#7510=DIRECTION('center_axis',(0.,0.,1.));
#7511=DIRECTION('ref_axis',(1.,0.,0.));
#7512=DIRECTION('center_axis',(0.,0.,1.));
#7513=DIRECTION('ref_axis',(1.,0.,0.));
#7514=DIRECTION('axis',(0.,0.,1.));
#7515=DIRECTION('refdir',(1.,0.,0.));
#7516=DIRECTION('center_axis',(6.12323399573677E-17,0.,1.));
#7517=DIRECTION('ref_axis',(1.,0.,0.));
#7518=DIRECTION('center_axis',(1.22464679914735E-16,-1.,0.));
#7519=DIRECTION('ref_axis',(-1.,-1.22464679914735E-16,0.));
#7520=DIRECTION('axis',(0.,0.,1.));
#7521=DIRECTION('refdir',(1.,0.,0.));
#7522=DIRECTION('axis',(0.,0.,1.));
#7523=DIRECTION('refdir',(1.,0.,0.));
#7524=DIRECTION('center_axis',(0.,0.,1.));
#7525=DIRECTION('ref_axis',(1.,0.,0.));
#7526=DIRECTION('center_axis',(0.,0.,-1.));
#7527=DIRECTION('ref_axis',(1.,0.,0.));
#7528=DIRECTION('',(0.707106781186547,8.65956056235493E-17,-0.707106781186548));
#7529=DIRECTION('center_axis',(0.,0.,1.));
#7530=DIRECTION('ref_axis',(1.,0.,0.));
#7531=DIRECTION('center_axis',(0.,0.,1.));
#7532=DIRECTION('ref_axis',(1.,0.,0.));
#7533=DIRECTION('center_axis',(0.,0.,1.));
#7534=DIRECTION('ref_axis',(1.,0.,0.));
#7535=DIRECTION('',(0.,0.,-1.));
#7536=DIRECTION('center_axis',(0.,0.,1.));
#7537=DIRECTION('ref_axis',(1.,0.,0.));
#7538=DIRECTION('center_axis',(0.,0.,1.));
#7539=DIRECTION('ref_axis',(1.,0.,0.));
#7540=DIRECTION('center_axis',(0.,0.,1.));
#7541=DIRECTION('ref_axis',(1.,0.,0.));
#7542=DIRECTION('center_axis',(0.,0.,1.));
#7543=DIRECTION('ref_axis',(1.,0.,0.));
#7544=DIRECTION('center_axis',(0.,0.,1.));
#7545=DIRECTION('ref_axis',(1.,0.,0.));
#7546=DIRECTION('center_axis',(0.,0.,-1.));
#7547=DIRECTION('ref_axis',(1.,0.,0.));
#7548=DIRECTION('',(0.707106781186548,-8.65956056235493E-17,0.707106781186548));
#7549=DIRECTION('center_axis',(0.,0.,-1.));
#7550=DIRECTION('ref_axis',(1.,0.,0.));
#7551=DIRECTION('center_axis',(0.,0.,1.));
#7552=DIRECTION('ref_axis',(1.,0.,0.));
#7553=DIRECTION('center_axis',(0.,0.,-1.));
#7554=DIRECTION('ref_axis',(-1.,0.,0.));
#7555=DIRECTION('center_axis',(0.,0.,1.));
#7556=DIRECTION('ref_axis',(-1.,0.,0.));
#7557=DIRECTION('center_axis',(0.,0.,1.));
#7558=DIRECTION('ref_axis',(-1.,0.,0.));
#7559=DIRECTION('',(0.,0.,-1.));
#7560=DIRECTION('center_axis',(0.,0.,1.));
#7561=DIRECTION('ref_axis',(-1.,0.,0.));
#7562=DIRECTION('center_axis',(0.,0.,1.));
#7563=DIRECTION('ref_axis',(-1.,0.,0.));
#7564=DIRECTION('center_axis',(0.,0.,1.));
#7565=DIRECTION('ref_axis',(-1.,0.,0.));
#7566=DIRECTION('center_axis',(0.,0.,1.));
#7567=DIRECTION('ref_axis',(-1.,0.,0.));
#7568=DIRECTION('',(0.,0.,-1.));
#7569=DIRECTION('center_axis',(0.,0.,1.));
#7570=DIRECTION('ref_axis',(-1.,0.,0.));
#7571=DIRECTION('center_axis',(0.,0.,1.));
#7572=DIRECTION('ref_axis',(1.,0.,0.));
#7573=DIRECTION('',(0.,0.,1.));
#7574=DIRECTION('center_axis',(0.,0.,1.));
#7575=DIRECTION('ref_axis',(1.,0.,0.));
#7576=DIRECTION('center_axis',(0.,0.,1.));
#7577=DIRECTION('ref_axis',(1.,0.,0.));
#7578=DIRECTION('center_axis',(0.,0.,1.));
#7579=DIRECTION('ref_axis',(1.,0.,0.));
#7580=DIRECTION('',(0.,0.,1.));
#7581=DIRECTION('center_axis',(0.,0.,1.));
#7582=DIRECTION('ref_axis',(1.,0.,0.));
#7583=DIRECTION('center_axis',(0.,0.,1.));
#7584=DIRECTION('ref_axis',(1.,0.,0.));
#7585=DIRECTION('center_axis',(0.,0.,1.));
#7586=DIRECTION('ref_axis',(1.,0.,0.));
#7587=DIRECTION('',(0.,0.,1.));
#7588=DIRECTION('center_axis',(0.,0.,1.));
#7589=DIRECTION('ref_axis',(1.,0.,0.));
#7590=DIRECTION('center_axis',(0.,0.,1.));
#7591=DIRECTION('ref_axis',(1.,0.,0.));
#7592=DIRECTION('center_axis',(0.,0.,1.));
#7593=DIRECTION('ref_axis',(1.,0.,0.));
#7594=DIRECTION('',(0.,0.,1.));
#7595=DIRECTION('center_axis',(0.,0.,1.));
#7596=DIRECTION('ref_axis',(1.,0.,0.));
#7597=DIRECTION('center_axis',(0.,0.,1.));
#7598=DIRECTION('ref_axis',(1.,0.,0.));
#7599=DIRECTION('axis',(0.,0.,1.));
#7600=DIRECTION('refdir',(1.,0.,0.));
#7601=DIRECTION('center_axis',(0.,0.,1.));
#7602=DIRECTION('ref_axis',(1.,0.,0.));
#7603=DIRECTION('center_axis',(0.,0.,-1.));
#7604=DIRECTION('ref_axis',(1.,0.,0.));
#7605=DIRECTION('',(0.,0.,-1.));
#7606=DIRECTION('center_axis',(0.,0.,-1.));
#7607=DIRECTION('ref_axis',(1.,0.,0.));
#7608=DIRECTION('center_axis',(0.,0.,1.));
#7609=DIRECTION('ref_axis',(1.,0.,0.));
#7610=DIRECTION('center_axis',(0.,0.,-1.));
#7611=DIRECTION('ref_axis',(1.,0.,0.));
#7612=DIRECTION('',(0.,0.,-1.));
#7613=DIRECTION('center_axis',(0.,0.,-1.));
#7614=DIRECTION('ref_axis',(1.,0.,0.));
#7615=DIRECTION('center_axis',(0.,0.,1.));
#7616=DIRECTION('ref_axis',(1.,0.,0.));
#7617=DIRECTION('center_axis',(0.,0.,-1.));
#7618=DIRECTION('ref_axis',(1.,0.,0.));
#7619=DIRECTION('',(0.,0.,-1.));
#7620=DIRECTION('center_axis',(0.,0.,-1.));
#7621=DIRECTION('ref_axis',(1.,0.,0.));
#7622=DIRECTION('center_axis',(0.,0.,1.));
#7623=DIRECTION('ref_axis',(1.,0.,0.));
#7624=DIRECTION('center_axis',(0.,0.,-1.));
#7625=DIRECTION('ref_axis',(1.,0.,0.));
#7626=DIRECTION('',(0.,0.,-1.));
#7627=DIRECTION('center_axis',(0.,0.,-1.));
#7628=DIRECTION('ref_axis',(1.,0.,0.));
#7629=DIRECTION('center_axis',(0.,0.,1.));
#7630=DIRECTION('ref_axis',(1.,0.,0.));
#7631=DIRECTION('center_axis',(0.,0.,-1.));
#7632=DIRECTION('ref_axis',(1.,0.,0.));
#7633=DIRECTION('',(0.,0.,-1.));
#7634=DIRECTION('center_axis',(0.,0.,-1.));
#7635=DIRECTION('ref_axis',(1.,0.,0.));
#7636=DIRECTION('center_axis',(0.,0.,1.));
#7637=DIRECTION('ref_axis',(1.,0.,0.));
#7638=DIRECTION('center_axis',(0.,0.,-1.));
#7639=DIRECTION('ref_axis',(1.,0.,0.));
#7640=DIRECTION('',(0.,0.,-1.));
#7641=DIRECTION('center_axis',(0.,0.,-1.));
#7642=DIRECTION('ref_axis',(1.,0.,0.));
#7643=DIRECTION('center_axis',(0.,0.,1.));
#7644=DIRECTION('ref_axis',(1.,0.,0.));
#7645=DIRECTION('center_axis',(0.,0.,-1.));
#7646=DIRECTION('ref_axis',(1.,0.,0.));
#7647=DIRECTION('',(0.,0.,-1.));
#7648=DIRECTION('center_axis',(0.,0.,-1.));
#7649=DIRECTION('ref_axis',(1.,0.,0.));
#7650=DIRECTION('center_axis',(0.,0.,1.));
#7651=DIRECTION('ref_axis',(1.,0.,0.));
#7652=DIRECTION('center_axis',(0.,0.,-1.));
#7653=DIRECTION('ref_axis',(1.,0.,0.));
#7654=DIRECTION('',(0.,0.,-1.));
#7655=DIRECTION('center_axis',(0.,0.,-1.));
#7656=DIRECTION('ref_axis',(1.,0.,0.));
#7657=DIRECTION('center_axis',(5.58793543949237E-9,-1.,0.));
#7658=DIRECTION('ref_axis',(1.,5.58793543949237E-9,0.));
#7659=DIRECTION('',(1.,5.58793543949237E-9,0.));
#7660=DIRECTION('',(0.,0.,1.));
#7661=DIRECTION('',(1.,5.58793543949237E-9,0.));
#7662=DIRECTION('',(0.,0.,1.));
#7663=DIRECTION('center_axis',(0.,0.,1.));
#7664=DIRECTION('ref_axis',(-5.58793633587129E-9,1.,0.));
#7665=DIRECTION('center_axis',(0.,0.,1.));
#7666=DIRECTION('ref_axis',(-5.58793633587129E-9,1.,0.));
#7667=DIRECTION('center_axis',(0.,0.,-1.));
#7668=DIRECTION('ref_axis',(-5.58793633587129E-9,1.,0.));
#7669=DIRECTION('',(0.,0.,1.));
#7670=DIRECTION('center_axis',(1.,-8.07434928230637E-16,0.));
#7671=DIRECTION('ref_axis',(8.07434928230637E-16,1.,0.));
#7672=DIRECTION('',(8.07434928230637E-16,1.,0.));
#7673=DIRECTION('',(8.07434928230637E-16,1.,0.));
#7674=DIRECTION('',(0.,0.,1.));
#7675=DIRECTION('center_axis',(0.,0.,1.));
#7676=DIRECTION('ref_axis',(-6.93889390390722E-17,-1.,0.));
#7677=DIRECTION('center_axis',(0.,0.,1.));
#7678=DIRECTION('ref_axis',(-6.93889390390722E-17,-1.,0.));
#7679=DIRECTION('center_axis',(0.,0.,1.));
#7680=DIRECTION('ref_axis',(-6.93889390390722E-17,-1.,0.));
#7681=DIRECTION('',(0.,0.,1.));
#7682=DIRECTION('center_axis',(0.,-1.,0.));
#7683=DIRECTION('ref_axis',(1.,0.,0.));
#7684=DIRECTION('',(1.,0.,0.));
#7685=DIRECTION('',(1.,0.,0.));
#7686=DIRECTION('',(0.,0.,1.));
#7687=DIRECTION('center_axis',(0.,0.,1.));
#7688=DIRECTION('ref_axis',(-1.,4.44089209850063E-15,0.));
#7689=DIRECTION('center_axis',(0.,0.,1.));
#7690=DIRECTION('ref_axis',(-1.,4.44089209850063E-15,0.));
#7691=DIRECTION('center_axis',(0.,0.,1.));
#7692=DIRECTION('ref_axis',(-1.,4.44089209850063E-15,0.));
#7693=DIRECTION('',(0.,0.,1.));
#7694=DIRECTION('center_axis',(-1.,2.0185873175003E-15,0.));
#7695=DIRECTION('ref_axis',(-2.0185873175003E-15,-1.,0.));
#7696=DIRECTION('',(2.0185873175003E-15,1.,0.));
#7697=DIRECTION('',(-2.0185873175003E-15,-1.,0.));
#7698=DIRECTION('',(0.,0.,1.));
#7699=DIRECTION('center_axis',(0.,0.,1.));
#7700=DIRECTION('ref_axis',(1.,0.,0.));
#7701=DIRECTION('center_axis',(0.,0.,1.));
#7702=DIRECTION('ref_axis',(1.,0.,0.));
#7703=DIRECTION('center_axis',(0.,0.,-1.));
#7704=DIRECTION('ref_axis',(1.,0.,0.));
#7705=DIRECTION('',(0.,0.,1.));
#7706=DIRECTION('center_axis',(1.00929365875014E-16,-1.,0.));
#7707=DIRECTION('ref_axis',(1.,1.00929365875014E-16,0.));
#7708=DIRECTION('',(-1.,-1.00929365875014E-16,0.));
#7709=DIRECTION('',(1.,1.00929365875014E-16,0.));
#7710=DIRECTION('',(0.,0.,1.));
#7711=DIRECTION('center_axis',(0.,0.,1.));
#7712=DIRECTION('ref_axis',(-1.,-2.7755575615629E-16,0.));
#7713=DIRECTION('center_axis',(0.,0.,1.));
#7714=DIRECTION('ref_axis',(-1.,-2.7755575615629E-16,0.));
#7715=DIRECTION('center_axis',(0.,0.,1.));
#7716=DIRECTION('ref_axis',(-1.,-2.7755575615629E-16,0.));
#7717=DIRECTION('',(0.,0.,1.));
#7718=DIRECTION('center_axis',(-1.,0.,0.));
#7719=DIRECTION('ref_axis',(0.,-1.,0.));
#7720=DIRECTION('',(0.,1.,0.));
#7721=DIRECTION('',(0.,-1.,0.));
#7722=DIRECTION('',(0.,0.,1.));
#7723=DIRECTION('center_axis',(0.,0.,1.));
#7724=DIRECTION('ref_axis',(0.,1.,0.));
#7725=DIRECTION('center_axis',(0.,0.,1.));
#7726=DIRECTION('ref_axis',(0.,1.,0.));
#7727=DIRECTION('center_axis',(0.,0.,1.));
#7728=DIRECTION('ref_axis',(0.,1.,0.));
#7729=DIRECTION('',(0.,0.,1.));
#7730=DIRECTION('center_axis',(-1.00929365875014E-16,1.,0.));
#7731=DIRECTION('ref_axis',(-1.,-1.00929365875014E-16,0.));
#7732=DIRECTION('',(1.,1.00929365875014E-16,0.));
#7733=DIRECTION('',(-1.,-1.00929365875014E-16,0.));
#7734=DIRECTION('',(0.,0.,1.));
#7735=DIRECTION('center_axis',(0.,0.,1.));
#7736=DIRECTION('ref_axis',(-4.44089209850063E-16,-1.,0.));
#7737=DIRECTION('center_axis',(0.,0.,1.));
#7738=DIRECTION('ref_axis',(-4.44089209850063E-16,-1.,0.));
#7739=DIRECTION('center_axis',(0.,0.,-1.));
#7740=DIRECTION('ref_axis',(-4.44089209850063E-16,-1.,0.));
#7741=DIRECTION('',(0.,0.,1.));
#7742=DIRECTION('center_axis',(-1.,-1.96812263456276E-15,0.));
#7743=DIRECTION('ref_axis',(1.96812263456276E-15,-1.,0.));
#7744=DIRECTION('',(1.96812263456276E-15,-1.,0.));
#7745=DIRECTION('',(1.96812263456276E-15,-1.,0.));
#7746=DIRECTION('',(0.,0.,1.));
#7747=DIRECTION('center_axis',(0.,0.,1.));
#7748=DIRECTION('ref_axis',(6.93889390390723E-17,1.,0.));
#7749=DIRECTION('center_axis',(0.,0.,1.));
#7750=DIRECTION('ref_axis',(6.93889390390723E-17,1.,0.));
#7751=DIRECTION('center_axis',(0.,0.,1.));
#7752=DIRECTION('ref_axis',(6.93889390390723E-17,1.,0.));
#7753=DIRECTION('',(0.,0.,1.));
#7754=DIRECTION('center_axis',(0.,1.,0.));
#7755=DIRECTION('ref_axis',(-1.,0.,0.));
#7756=DIRECTION('',(-1.,0.,0.));
#7757=DIRECTION('',(-1.,0.,0.));
#7758=DIRECTION('',(0.,0.,1.));
#7759=DIRECTION('center_axis',(0.,0.,1.));
#7760=DIRECTION('ref_axis',(1.,0.,0.));
#7761=DIRECTION('center_axis',(0.,0.,1.));
#7762=DIRECTION('ref_axis',(1.,0.,0.));
#7763=DIRECTION('center_axis',(0.,0.,1.));
#7764=DIRECTION('ref_axis',(1.,0.,0.));
#7765=DIRECTION('',(0.,0.,1.));
#7766=DIRECTION('center_axis',(1.,4.03717463500053E-16,0.));
#7767=DIRECTION('ref_axis',(-4.03717463500053E-16,1.,0.));
#7768=DIRECTION('',(-4.03717463500053E-16,1.,0.));
#7769=DIRECTION('',(-4.03717463500053E-16,1.,0.));
#7770=DIRECTION('',(0.,0.,1.));
#7771=DIRECTION('center_axis',(0.,0.,1.));
#7772=DIRECTION('ref_axis',(-1.,0.,0.));
#7773=DIRECTION('center_axis',(0.,0.,1.));
#7774=DIRECTION('ref_axis',(-1.,0.,0.));
#7775=DIRECTION('center_axis',(0.,0.,-1.));
#7776=DIRECTION('ref_axis',(-1.,0.,0.));
#7777=DIRECTION('',(0.,0.,1.));
#7778=DIRECTION('center_axis',(0.,1.,0.));
#7779=DIRECTION('ref_axis',(-1.,0.,0.));
#7780=DIRECTION('',(-1.,0.,0.));
#7781=DIRECTION('',(-1.,0.,0.));
#7782=DIRECTION('',(0.,0.,1.));
#7783=DIRECTION('center_axis',(0.,0.,1.));
#7784=DIRECTION('ref_axis',(1.,2.08166817117217E-16,0.));
#7785=DIRECTION('center_axis',(0.,0.,1.));
#7786=DIRECTION('ref_axis',(1.,2.08166817117217E-16,0.));
#7787=DIRECTION('center_axis',(0.,0.,1.));
#7788=DIRECTION('ref_axis',(1.,2.08166817117217E-16,0.));
#7789=DIRECTION('',(0.,0.,1.));
#7790=DIRECTION('center_axis',(1.,-2.22044601823104E-15,0.));
#7791=DIRECTION('ref_axis',(2.22044601823104E-15,1.,0.));
#7792=DIRECTION('',(-2.22044601823104E-15,-1.,0.));
#7793=DIRECTION('',(2.22044601823104E-15,1.,0.));
#7794=DIRECTION('',(0.,0.,1.));
#7795=DIRECTION('center_axis',(0.,0.,1.));
#7796=DIRECTION('ref_axis',(0.,-1.,0.));
#7797=DIRECTION('center_axis',(0.,0.,1.));
#7798=DIRECTION('ref_axis',(0.,-1.,0.));
#7799=DIRECTION('center_axis',(0.,0.,1.));
#7800=DIRECTION('ref_axis',(0.,-1.,0.));
#7801=DIRECTION('center_axis',(0.,0.,1.));
#7802=DIRECTION('ref_axis',(1.,0.,0.));
#7803=DIRECTION('center_axis',(0.,0.,1.));
#7804=DIRECTION('ref_axis',(1.,0.,0.));
#7805=DIRECTION('axis',(0.,0.,1.));
#7806=DIRECTION('refdir',(1.,0.,0.));
#7807=DIRECTION('center_axis',(0.,0.,1.));
#7808=DIRECTION('ref_axis',(1.,0.,0.));
#7809=DIRECTION('center_axis',(0.,0.,-1.));
#7810=DIRECTION('ref_axis',(1.,0.,0.));
#7811=DIRECTION('',(0.,0.,-1.));
#7812=DIRECTION('center_axis',(0.,0.,-1.));
#7813=DIRECTION('ref_axis',(1.,0.,0.));
#7814=DIRECTION('center_axis',(0.,0.,1.));
#7815=DIRECTION('ref_axis',(1.,0.,0.));
#7816=DIRECTION('center_axis',(0.,0.,-1.));
#7817=DIRECTION('ref_axis',(1.,0.,0.));
#7818=DIRECTION('',(0.,0.,-1.));
#7819=DIRECTION('center_axis',(0.,0.,-1.));
#7820=DIRECTION('ref_axis',(1.,0.,0.));
#7821=DIRECTION('center_axis',(0.,0.,1.));
#7822=DIRECTION('ref_axis',(1.,0.,0.));
#7823=DIRECTION('center_axis',(0.,0.,-1.));
#7824=DIRECTION('ref_axis',(1.,0.,0.));
#7825=DIRECTION('',(0.,0.,-1.));
#7826=DIRECTION('center_axis',(0.,0.,-1.));
#7827=DIRECTION('ref_axis',(1.,0.,0.));
#7828=DIRECTION('center_axis',(0.,0.,1.));
#7829=DIRECTION('ref_axis',(1.,0.,0.));
#7830=DIRECTION('center_axis',(0.,0.,-1.));
#7831=DIRECTION('ref_axis',(1.,0.,0.));
#7832=DIRECTION('',(0.,0.,-1.));
#7833=DIRECTION('center_axis',(0.,0.,-1.));
#7834=DIRECTION('ref_axis',(1.,0.,0.));
#7835=DIRECTION('center_axis',(0.,0.,1.));
#7836=DIRECTION('ref_axis',(1.,0.,0.));
#7837=DIRECTION('center_axis',(0.,0.,-1.));
#7838=DIRECTION('ref_axis',(1.,0.,0.));
#7839=DIRECTION('',(0.,0.,-1.));
#7840=DIRECTION('center_axis',(0.,0.,-1.));
#7841=DIRECTION('ref_axis',(1.,0.,0.));
#7842=DIRECTION('center_axis',(0.,0.,1.));
#7843=DIRECTION('ref_axis',(1.,0.,0.));
#7844=DIRECTION('center_axis',(0.,0.,-1.));
#7845=DIRECTION('ref_axis',(1.,0.,0.));
#7846=DIRECTION('',(0.,0.,-1.));
#7847=DIRECTION('center_axis',(0.,0.,-1.));
#7848=DIRECTION('ref_axis',(1.,0.,0.));
#7849=DIRECTION('center_axis',(0.,0.,1.));
#7850=DIRECTION('ref_axis',(1.,0.,0.));
#7851=DIRECTION('center_axis',(0.,0.,-1.));
#7852=DIRECTION('ref_axis',(1.,0.,0.));
#7853=DIRECTION('',(0.,0.,-1.));
#7854=DIRECTION('center_axis',(0.,0.,-1.));
#7855=DIRECTION('ref_axis',(1.,0.,0.));
#7856=DIRECTION('center_axis',(0.,-1.,0.));
#7857=DIRECTION('ref_axis',(1.,0.,0.));
#7858=DIRECTION('',(-1.,0.,0.));
#7859=DIRECTION('',(0.,0.,1.));
#7860=DIRECTION('',(1.,0.,0.));
#7861=DIRECTION('',(0.,0.,1.));
#7862=DIRECTION('center_axis',(-0.52999894000318,-0.847998304005088,0.));
#7863=DIRECTION('ref_axis',(0.847998304005088,-0.52999894000318,0.));
#7864=DIRECTION('',(-0.847998304005088,0.52999894000318,0.));
#7865=DIRECTION('',(0.847998304005088,-0.52999894000318,0.));
#7866=DIRECTION('',(0.,0.,1.));
#7867=DIRECTION('center_axis',(-1.,0.,0.));
#7868=DIRECTION('ref_axis',(0.,-1.,0.));
#7869=DIRECTION('',(0.,1.,0.));
#7870=DIRECTION('',(0.,-1.,0.));
#7871=DIRECTION('',(0.,0.,1.));
#7872=DIRECTION('center_axis',(-0.447213595499958,0.894427190999916,0.));
#7873=DIRECTION('ref_axis',(-0.894427190999916,-0.447213595499958,0.));
#7874=DIRECTION('',(0.894427190999916,0.447213595499958,0.));
#7875=DIRECTION('',(-0.894427190999916,-0.447213595499958,0.));
#7876=DIRECTION('',(0.,0.,1.));
#7877=DIRECTION('center_axis',(0.,1.,0.));
#7878=DIRECTION('ref_axis',(-1.,0.,0.));
#7879=DIRECTION('',(1.,0.,0.));
#7880=DIRECTION('',(-1.,0.,0.));
#7881=DIRECTION('',(0.,0.,1.));
#7882=DIRECTION('center_axis',(0.707106781186548,0.707106781186547,0.));
#7883=DIRECTION('ref_axis',(-0.707106781186547,0.707106781186548,0.));
#7884=DIRECTION('',(0.707106781186547,-0.707106781186548,0.));
#7885=DIRECTION('',(-0.707106781186547,0.707106781186548,0.));
#7886=DIRECTION('',(0.,0.,1.));
#7887=DIRECTION('center_axis',(1.,0.,0.));
#7888=DIRECTION('ref_axis',(0.,1.,0.));
#7889=DIRECTION('',(0.,-1.,0.));
#7890=DIRECTION('',(0.,1.,0.));
#7891=DIRECTION('',(0.,0.,1.));
#7892=DIRECTION('center_axis',(0.707106781186548,-0.707106781186547,0.));
#7893=DIRECTION('ref_axis',(0.707106781186547,0.707106781186548,0.));
#7894=DIRECTION('',(0.707106781186547,0.707106781186548,0.));
#7895=DIRECTION('',(0.707106781186547,0.707106781186548,0.));
#7896=DIRECTION('center_axis',(0.,0.,1.));
#7897=DIRECTION('ref_axis',(1.,0.,0.));
#7898=DIRECTION('center_axis',(0.,0.,1.));
#7899=DIRECTION('ref_axis',(1.,0.,0.));
#7900=DIRECTION('axis',(0.,0.,1.));
#7901=DIRECTION('refdir',(1.,0.,0.));
#7902=DIRECTION('center_axis',(0.,0.,1.));
#7903=DIRECTION('ref_axis',(1.,0.,0.));
#7904=DIRECTION('center_axis',(0.,0.,-1.));
#7905=DIRECTION('ref_axis',(1.,0.,0.));
#7906=DIRECTION('center_axis',(0.,0.,1.));
#7907=DIRECTION('ref_axis',(1.,0.,0.));
#7908=DIRECTION('center_axis',(0.,0.,-1.));
#7909=DIRECTION('ref_axis',(1.,0.,0.));
#7910=DIRECTION('center_axis',(0.,0.,1.));
#7911=DIRECTION('ref_axis',(-1.,0.,0.));
#7912=DIRECTION('center_axis',(0.,0.,-1.));
#7913=DIRECTION('ref_axis',(-1.,0.,0.));
#7914=DIRECTION('',(0.,0.,-1.));
#7915=DIRECTION('center_axis',(0.,0.,-1.));
#7916=DIRECTION('ref_axis',(-1.,0.,0.));
#7917=DIRECTION('center_axis',(0.,0.,1.));
#7918=DIRECTION('ref_axis',(-1.,0.,0.));
#7919=DIRECTION('center_axis',(0.,0.,1.));
#7920=DIRECTION('ref_axis',(1.,0.,0.));
#7921=DIRECTION('',(0.,0.,-1.));
#7922=DIRECTION('center_axis',(0.,0.,-1.));
#7923=DIRECTION('ref_axis',(1.,0.,0.));
#7924=DIRECTION('center_axis',(0.,0.,1.));
#7925=DIRECTION('ref_axis',(1.,0.,0.));
#7926=DIRECTION('',(0.,0.,1.));
#7927=DIRECTION('center_axis',(0.,0.,-1.));
#7928=DIRECTION('ref_axis',(1.,0.,0.));
#7929=DIRECTION('center_axis',(0.,0.,1.));
#7930=DIRECTION('ref_axis',(1.,0.,0.));
#7931=DIRECTION('center_axis',(0.,0.,1.));
#7932=DIRECTION('ref_axis',(1.,0.,0.));
#7933=DIRECTION('center_axis',(0.,0.,1.));
#7934=DIRECTION('ref_axis',(1.,0.,0.));
#7935=DIRECTION('center_axis',(0.,0.,1.));
#7936=DIRECTION('ref_axis',(1.,0.,0.));
#7937=DIRECTION('',(0.,0.,-1.));
#7938=DIRECTION('center_axis',(0.,0.,1.));
#7939=DIRECTION('ref_axis',(1.,0.,0.));
#7940=DIRECTION('axis',(0.,0.,1.));
#7941=DIRECTION('refdir',(1.,0.,0.));
#7942=DIRECTION('center_axis',(-1.,0.,0.));
#7943=DIRECTION('ref_axis',(0.,-1.,0.));
#7944=DIRECTION('center_axis',(1.,0.,0.));
#7945=DIRECTION('ref_axis',(0.,-0.707106781186547,0.707106781186548));
#7946=DIRECTION('',(0.,0.,1.));
#7947=DIRECTION('center_axis',(-1.,0.,0.));
#7948=DIRECTION('ref_axis',(0.,-0.707106781186548,-0.707106781186548));
#7949=DIRECTION('',(0.,1.,0.));
#7950=DIRECTION('center_axis',(-1.,0.,0.));
#7951=DIRECTION('ref_axis',(0.,0.707106781186548,-0.707106781186547));
#7952=DIRECTION('',(0.,0.,-1.));
#7953=DIRECTION('center_axis',(-1.,0.,0.));
#7954=DIRECTION('ref_axis',(0.,1.,0.));
#7955=DIRECTION('center_axis',(1.,0.,0.));
#7956=DIRECTION('ref_axis',(0.,-0.707106781186548,-0.707106781186548));
#7957=DIRECTION('',(1.,0.,0.));
#7958=DIRECTION('center_axis',(1.,0.,0.));
#7959=DIRECTION('ref_axis',(0.,-0.707106781186548,-0.707106781186548));
#7960=DIRECTION('',(-1.,0.,0.));
#7961=DIRECTION('center_axis',(0.,1.,0.));
#7962=DIRECTION('ref_axis',(-1.,0.,0.));
#7963=DIRECTION('',(-1.,0.,0.));
#7964=DIRECTION('',(0.,0.,1.));
#7965=DIRECTION('center_axis',(1.,0.,0.));
#7966=DIRECTION('ref_axis',(0.,-0.707106781186547,0.707106781186548));
#7967=DIRECTION('',(1.,0.,0.));
#7968=DIRECTION('center_axis',(-1.,0.,0.));
#7969=DIRECTION('ref_axis',(0.,0.707106781186547,0.707106781186548));
#7970=DIRECTION('center_axis',(1.,0.,0.));
#7971=DIRECTION('ref_axis',(0.,1.,0.));
#7972=DIRECTION('center_axis',(-1.,0.,0.));
#7973=DIRECTION('ref_axis',(0.,-0.707106781186547,0.707106781186548));
#7974=DIRECTION('',(0.,0.,1.));
#7975=DIRECTION('center_axis',(1.,0.,0.));
#7976=DIRECTION('ref_axis',(0.,0.707106781186548,-0.707106781186547));
#7977=DIRECTION('',(0.,-1.,0.));
#7978=DIRECTION('center_axis',(1.,0.,0.));
#7979=DIRECTION('ref_axis',(0.,-0.707106781186548,-0.707106781186548));
#7980=DIRECTION('',(0.,0.,-1.));
#7981=DIRECTION('center_axis',(1.,0.,0.));
#7982=DIRECTION('ref_axis',(0.,1.,0.));
#7983=DIRECTION('center_axis',(0.,-1.,0.));
#7984=DIRECTION('ref_axis',(1.,0.,0.));
#7985=DIRECTION('',(1.,0.,0.));
#7986=DIRECTION('',(0.,0.,1.));
#7987=DIRECTION('',(-1.,0.,0.));
#7988=DIRECTION('center_axis',(1.,0.,0.));
#7989=DIRECTION('ref_axis',(0.,-0.707106781186547,0.707106781186548));
#7990=DIRECTION('',(-1.,0.,0.));
#7991=DIRECTION('center_axis',(1.,0.,0.));
#7992=DIRECTION('ref_axis',(0.,-0.707106781186547,0.707106781186548));
#7993=DIRECTION('center_axis',(0.,1.,0.));
#7994=DIRECTION('ref_axis',(-1.,0.,0.));
#7995=DIRECTION('',(1.,0.,0.));
#7996=DIRECTION('',(0.,0.,1.));
#7997=DIRECTION('center_axis',(1.,0.,0.));
#7998=DIRECTION('ref_axis',(0.,-0.707106781186548,-0.707106781186548));
#7999=DIRECTION('center_axis',(-1.,0.,0.));
#8000=DIRECTION('ref_axis',(0.,-0.707106781186548,-0.707106781186548));
#8001=DIRECTION('',(1.,0.,0.));
#8002=DIRECTION('center_axis',(1.,0.,0.));
#8003=DIRECTION('ref_axis',(0.,-0.707106781186548,-0.707106781186548));
#8004=DIRECTION('',(-1.,0.,0.));
#8005=DIRECTION('center_axis',(0.,1.,0.));
#8006=DIRECTION('ref_axis',(-1.,0.,0.));
#8007=DIRECTION('',(0.,0.,1.));
#8008=DIRECTION('',(-1.,0.,0.));
#8009=DIRECTION('',(0.,0.,1.));
#8010=DIRECTION('center_axis',(1.,0.,0.));
#8011=DIRECTION('ref_axis',(0.,-0.707106781186548,-0.707106781186548));
#8012=DIRECTION('',(-1.,0.,0.));
#8013=DIRECTION('center_axis',(-1.,0.,0.));
#8014=DIRECTION('ref_axis',(0.,-0.707106781186548,-0.707106781186548));
#8015=DIRECTION('center_axis',(-1.,0.,0.));
#8016=DIRECTION('ref_axis',(0.,0.707106781186548,-0.707106781186547));
#8017=DIRECTION('center_axis',(1.,0.,0.));
#8018=DIRECTION('ref_axis',(0.,0.707106781186548,-0.707106781186547));
#8019=DIRECTION('',(-1.,0.,0.));
#8020=DIRECTION('center_axis',(-1.,0.,0.));
#8021=DIRECTION('ref_axis',(0.,0.707106781186548,-0.707106781186547));
#8022=DIRECTION('',(1.,0.,0.));
#8023=DIRECTION('center_axis',(0.,-1.,0.));
#8024=DIRECTION('ref_axis',(1.,0.,0.));
#8025=DIRECTION('',(0.,0.,1.));
#8026=DIRECTION('',(1.,0.,0.));
#8027=DIRECTION('',(0.,0.,1.));
#8028=DIRECTION('center_axis',(-1.,0.,0.));
#8029=DIRECTION('ref_axis',(0.,0.707106781186548,-0.707106781186547));
#8030=DIRECTION('center_axis',(-1.,0.,0.));
#8031=DIRECTION('ref_axis',(0.,0.707106781186548,-0.707106781186547));
#8032=DIRECTION('',(1.,0.,0.));
#8033=DIRECTION('center_axis',(-1.,0.,0.));
#8034=DIRECTION('ref_axis',(0.,0.707106781186548,-0.707106781186547));
#8035=DIRECTION('',(1.,0.,0.));
#8036=DIRECTION('center_axis',(1.,0.,0.));
#8037=DIRECTION('ref_axis',(0.,0.707106781186548,-0.707106781186547));
#8038=DIRECTION('',(-1.,0.,0.));
#8039=DIRECTION('center_axis',(0.,-1.,0.));
#8040=DIRECTION('ref_axis',(1.,0.,0.));
#8041=DIRECTION('',(0.,0.,1.));
#8042=DIRECTION('center_axis',(-1.,0.,0.));
#8043=DIRECTION('ref_axis',(0.,0.707106781186548,-0.707106781186547));
#8044=DIRECTION('center_axis',(1.,0.,0.));
#8045=DIRECTION('ref_axis',(0.,0.707106781186548,-0.707106781186547));
#8046=DIRECTION('',(-1.,0.,0.));
#8047=DIRECTION('center_axis',(-1.,0.,0.));
#8048=DIRECTION('ref_axis',(0.,0.707106781186548,-0.707106781186547));
#8049=DIRECTION('',(1.,0.,0.));
#8050=DIRECTION('center_axis',(0.,-1.,0.));
#8051=DIRECTION('ref_axis',(1.,0.,0.));
#8052=DIRECTION('',(0.,0.,1.));
#8053=DIRECTION('',(1.,0.,0.));
#8054=DIRECTION('',(0.,0.,1.));
#8055=DIRECTION('center_axis',(1.,0.,0.));
#8056=DIRECTION('ref_axis',(0.,-0.707106781186548,-0.707106781186548));
#8057=DIRECTION('center_axis',(-1.,0.,0.));
#8058=DIRECTION('ref_axis',(0.,-0.707106781186548,-0.707106781186548));
#8059=DIRECTION('',(1.,0.,0.));
#8060=DIRECTION('center_axis',(1.,0.,0.));
#8061=DIRECTION('ref_axis',(0.,-0.707106781186548,-0.707106781186548));
#8062=DIRECTION('',(-1.,0.,0.));
#8063=DIRECTION('center_axis',(0.,1.,0.));
#8064=DIRECTION('ref_axis',(-1.,0.,0.));
#8065=DIRECTION('',(0.,0.,1.));
#8066=DIRECTION('',(-1.,0.,0.));
#8067=DIRECTION('',(0.,0.,1.));
#8068=DIRECTION('center_axis',(1.,0.,0.));
#8069=DIRECTION('ref_axis',(0.,1.,0.));
#8070=DIRECTION('center_axis',(-1.,0.,0.));
#8071=DIRECTION('ref_axis',(0.,0.707106781186547,0.707106781186548));
#8072=DIRECTION('',(0.,-1.,0.));
#8073=DIRECTION('center_axis',(-1.,0.,0.));
#8074=DIRECTION('ref_axis',(0.,1.,0.));
#8075=DIRECTION('center_axis',(1.,0.,0.));
#8076=DIRECTION('ref_axis',(0.,-0.707106781186547,0.707106781186548));
#8077=DIRECTION('center_axis',(1.,0.,0.));
#8078=DIRECTION('ref_axis',(0.,-0.707106781186547,0.707106781186548));
#8079=DIRECTION('center_axis',(1.,0.,0.));
#8080=DIRECTION('ref_axis',(0.,1.,0.));
#8081=DIRECTION('center_axis',(-1.,0.,0.));
#8082=DIRECTION('ref_axis',(0.,0.707106781186547,0.707106781186548));
#8083=DIRECTION('',(0.,-1.,0.));
#8084=DIRECTION('center_axis',(-1.,0.,0.));
#8085=DIRECTION('ref_axis',(0.,1.,0.));
#8086=DIRECTION('center_axis',(1.,0.,0.));
#8087=DIRECTION('ref_axis',(0.,-0.707106781186547,0.707106781186548));
#8088=DIRECTION('center_axis',(1.,0.,0.));
#8089=DIRECTION('ref_axis',(0.,-0.707106781186547,0.707106781186548));
#8090=DIRECTION('center_axis',(1.,0.,0.));
#8091=DIRECTION('ref_axis',(0.,1.,0.));
#8092=DIRECTION('',(0.,-1.,0.));
#8093=DIRECTION('center_axis',(-1.,0.,0.));
#8094=DIRECTION('ref_axis',(0.,1.,0.));
#8095=DIRECTION('center_axis',(-1.,0.,0.));
#8096=DIRECTION('ref_axis',(0.,1.,0.));
#8097=DIRECTION('',(-1.,0.,0.));
#8098=DIRECTION('center_axis',(1.,0.,0.));
#8099=DIRECTION('ref_axis',(0.,1.,0.));
#8100=DIRECTION('center_axis',(-1.,0.,0.));
#8101=DIRECTION('ref_axis',(0.,1.,0.));
#8102=DIRECTION('',(-1.,0.,0.));
#8103=DIRECTION('center_axis',(1.,0.,0.));
#8104=DIRECTION('ref_axis',(0.,1.,0.));
#8105=DIRECTION('center_axis',(-1.,0.,0.));
#8106=DIRECTION('ref_axis',(0.,1.,0.));
#8107=DIRECTION('',(-1.,0.,0.));
#8108=DIRECTION('center_axis',(-1.,0.,0.));
#8109=DIRECTION('ref_axis',(0.,1.,0.));
#8110=DIRECTION('',(-1.,0.,0.));
#8111=DIRECTION('center_axis',(1.,0.,0.));
#8112=DIRECTION('ref_axis',(0.,1.,0.));
#8113=DIRECTION('center_axis',(-1.,0.,0.));
#8114=DIRECTION('ref_axis',(0.,-1.,0.));
#8115=DIRECTION('',(0.,1.,0.));
#8116=DIRECTION('center_axis',(-1.,0.,0.));
#8117=DIRECTION('ref_axis',(0.,-1.,0.));
#8118=DIRECTION('',(0.,1.,0.));
#8119=DIRECTION('center_axis',(-1.,0.,0.));
#8120=DIRECTION('ref_axis',(0.,-1.,0.));
#8121=DIRECTION('',(0.,1.,0.));
#8122=DIRECTION('center_axis',(0.,1.,0.));
#8123=DIRECTION('ref_axis',(1.,0.,0.));
#8124=DIRECTION('',(-1.,0.,0.));
#8125=DIRECTION('',(0.,0.,-1.));
#8126=DIRECTION('',(1.,0.,0.));
#8127=DIRECTION('',(0.,0.,-1.));
#8128=DIRECTION('center_axis',(-1.,0.,0.));
#8129=DIRECTION('ref_axis',(0.,1.,0.));
#8130=DIRECTION('',(0.,-1.,0.));
#8131=DIRECTION('',(0.,1.,0.));
#8132=DIRECTION('',(0.,0.,-1.));
#8133=DIRECTION('center_axis',(0.,-1.,0.));
#8134=DIRECTION('ref_axis',(-1.,0.,0.));
#8135=DIRECTION('',(1.,0.,0.));
#8136=DIRECTION('',(-1.,0.,0.));
#8137=DIRECTION('',(0.,0.,-1.));
#8138=DIRECTION('center_axis',(1.,0.,0.));
#8139=DIRECTION('ref_axis',(0.,-1.,0.));
#8140=DIRECTION('',(0.,1.,0.));
#8141=DIRECTION('',(0.,-1.,0.));
#8142=DIRECTION('center_axis',(0.,0.,-1.));
#8143=DIRECTION('ref_axis',(-1.,0.,0.));
#8144=DIRECTION('center_axis',(-1.,0.,0.));
#8145=DIRECTION('ref_axis',(0.,1.,0.));
#8146=DIRECTION('',(0.,-1.,0.));
#8147=DIRECTION('',(0.,0.,-1.));
#8148=DIRECTION('',(0.,1.,0.));
#8149=DIRECTION('',(0.,0.,-1.));
#8150=DIRECTION('center_axis',(0.,-1.,0.));
#8151=DIRECTION('ref_axis',(-1.,0.,0.));
#8152=DIRECTION('',(1.,0.,0.));
#8153=DIRECTION('',(-1.,0.,0.));
#8154=DIRECTION('',(0.,0.,-1.));
#8155=DIRECTION('center_axis',(1.,0.,0.));
#8156=DIRECTION('ref_axis',(0.,-1.,0.));
#8157=DIRECTION('',(0.,1.,0.));
#8158=DIRECTION('',(0.,-1.,0.));
#8159=DIRECTION('',(0.,0.,-1.));
#8160=DIRECTION('center_axis',(0.,1.,0.));
#8161=DIRECTION('ref_axis',(1.,0.,0.));
#8162=DIRECTION('',(-1.,0.,0.));
#8163=DIRECTION('',(1.,0.,0.));
#8164=DIRECTION('center_axis',(0.,0.,-1.));
#8165=DIRECTION('ref_axis',(-1.,0.,0.));
#8166=DIRECTION('center_axis',(0.,0.,1.));
#8167=DIRECTION('ref_axis',(1.,0.,0.));
#8168=DIRECTION('center_axis',(0.,0.,-1.));
#8169=DIRECTION('ref_axis',(1.,0.,0.));
#8170=DIRECTION('',(0.,0.,-1.));
#8171=DIRECTION('center_axis',(0.,0.,-1.));
#8172=DIRECTION('ref_axis',(1.,0.,0.));
#8173=DIRECTION('center_axis',(0.,0.,1.));
#8174=DIRECTION('ref_axis',(1.,0.,0.));
#8175=DIRECTION('center_axis',(0.,0.,-1.));
#8176=DIRECTION('ref_axis',(1.,0.,0.));
#8177=DIRECTION('',(0.,0.,-1.));
#8178=DIRECTION('center_axis',(0.,0.,-1.));
#8179=DIRECTION('ref_axis',(1.,0.,0.));
#8180=DIRECTION('center_axis',(0.,0.,1.));
#8181=DIRECTION('ref_axis',(1.,0.,0.));
#8182=DIRECTION('center_axis',(0.,0.,-1.));
#8183=DIRECTION('ref_axis',(1.,0.,0.));
#8184=DIRECTION('',(0.,0.,-1.));
#8185=DIRECTION('center_axis',(0.,0.,-1.));
#8186=DIRECTION('ref_axis',(1.,0.,0.));
#8187=DIRECTION('center_axis',(0.,0.,1.));
#8188=DIRECTION('ref_axis',(1.,0.,0.));
#8189=DIRECTION('center_axis',(0.,0.,-1.));
#8190=DIRECTION('ref_axis',(1.,0.,0.));
#8191=DIRECTION('',(0.,0.,-1.));
#8192=DIRECTION('center_axis',(0.,0.,-1.));
#8193=DIRECTION('ref_axis',(1.,0.,0.));
#8194=DIRECTION('center_axis',(-0.999986210860763,-0.00525148439330637,
0.));
#8195=DIRECTION('ref_axis',(0.00525148439330637,-0.999986210860763,0.));
#8196=DIRECTION('',(-0.00525148439330637,0.999986210860763,0.));
#8197=DIRECTION('',(0.,0.,1.));
#8198=DIRECTION('',(0.00525148439330637,-0.999986210860763,0.));
#8199=DIRECTION('',(0.,0.,1.));
#8200=DIRECTION('center_axis',(0.,0.,1.));
#8201=DIRECTION('ref_axis',(-0.445293600372321,-0.895384615384615,0.));
#8202=DIRECTION('center_axis',(0.,0.,1.));
#8203=DIRECTION('ref_axis',(-0.445293600372321,-0.895384615384615,0.));
#8204=DIRECTION('center_axis',(0.,0.,-1.));
#8205=DIRECTION('ref_axis',(-0.445293600372321,-0.895384615384615,0.));
#8206=DIRECTION('',(0.,0.,1.));
#8207=DIRECTION('center_axis',(1.,0.,0.));
#8208=DIRECTION('ref_axis',(0.,1.,0.));
#8209=DIRECTION('',(0.,1.,0.));
#8210=DIRECTION('',(0.,1.,0.));
#8211=DIRECTION('',(0.,0.,1.));
#8212=DIRECTION('center_axis',(0.866025403784439,-0.5,0.));
#8213=DIRECTION('ref_axis',(0.5,0.866025403784439,0.));
#8214=DIRECTION('',(0.5,0.866025403784439,0.));
#8215=DIRECTION('',(0.5,0.866025403784439,0.));
#8216=DIRECTION('',(0.,0.,1.));
#8217=DIRECTION('center_axis',(1.63518971235954E-16,-1.,0.));
#8218=DIRECTION('ref_axis',(1.,1.63518971235954E-16,0.));
#8219=DIRECTION('',(1.,1.63518971235954E-16,0.));
#8220=DIRECTION('',(1.,1.63518971235954E-16,0.));
#8221=DIRECTION('',(0.,0.,1.));
#8222=DIRECTION('center_axis',(-0.867088856558177,-0.498153505289918,0.));
#8223=DIRECTION('ref_axis',(0.498153505289918,-0.867088856558177,0.));
#8224=DIRECTION('',(0.498153505289918,-0.867088856558177,0.));
#8225=DIRECTION('',(0.498153505289918,-0.867088856558177,0.));
#8226=DIRECTION('center_axis',(0.,0.,1.));
#8227=DIRECTION('ref_axis',(1.,0.,0.));
#8228=DIRECTION('center_axis',(0.,0.,1.));
#8229=DIRECTION('ref_axis',(1.,0.,0.));
#8230=DIRECTION('',(-1.57009245868377E-16,-1.,-6.50353590566541E-17));
#8231=DIRECTION('',(0.707106781186547,-1.57009245868378E-16,0.707106781186548));
#8232=DIRECTION('',(-1.57009245868377E-16,-1.,-6.50353590566538E-17));
#8233=DIRECTION('',(0.707106781186547,-1.57009245868377E-16,0.707106781186548));
#8234=DIRECTION('',(-1.57009245868376E-16,-1.,-6.50353590566533E-17));
#8235=DIRECTION('',(0.999999999999999,-1.57009245868378E-16,1.12410081243297E-15));
#8236=DIRECTION('',(-1.57009245868377E-16,-1.,-6.50353590566536E-17));
#8237=DIRECTION('',(1.,-1.57009245868377E-16,1.11022302462516E-15));
#8238=DIRECTION('',(1.57009245868378E-16,1.,6.50353590566538E-17));
#8239=DIRECTION('',(1.,-1.57009245868377E-16,1.12410081243297E-15));
#8240=DIRECTION('',(-1.01307850997045E-15,-1.62839103828553E-16,0.999999999999999));
#8241=DIRECTION('',(-7.73531226879247E-16,1.,1.62839103828553E-16));
#8242=DIRECTION('',(0.,0.,1.));
#8243=DIRECTION('',(1.,0.,0.));
#8244=DIRECTION('',(0.,0.,1.));
#8245=DIRECTION('',(1.,0.,0.));
#8246=DIRECTION('',(0.,0.,1.));
#8247=DIRECTION('',(1.,0.,0.));
#8248=DIRECTION('',(0.,0.,1.));
#8249=DIRECTION('',(1.,0.,0.));
#8250=DIRECTION('',(0.,0.,1.));
#8251=DIRECTION('',(1.,0.,0.));
#8252=DIRECTION('',(0.,0.,1.));
#8253=DIRECTION('',(-1.,-1.22464679914735E-16,0.));
#8254=DIRECTION('',(-2.6044603575869E-16,1.00475743442786E-16,1.));
#8255=DIRECTION('',(1.,-1.77635683940025E-15,4.44089209850063E-16));
#8256=DIRECTION('',(-9.78037447719E-17,1.01307850997046E-15,1.));
#8257=DIRECTION('',(6.51066546964511E-16,1.,-1.06858966120171E-15));
#8258=CARTESIAN_POINT('',(0.,0.,0.));
#8259=CARTESIAN_POINT('',(0.,0.,0.));
#8260=CARTESIAN_POINT('Origin',(43.84,57.68,0.));
#8261=CARTESIAN_POINT('',(42.34,57.68,6.));
#8262=CARTESIAN_POINT('Origin',(43.84,57.68,6.));
#8263=CARTESIAN_POINT('',(42.34,57.68,0.));
#8264=CARTESIAN_POINT('',(42.34,57.68,0.));
#8265=CARTESIAN_POINT('Origin',(43.84,57.68,0.));
#8266=CARTESIAN_POINT('Origin',(-15.,-30.,0.));
#8267=CARTESIAN_POINT('',(-16.5,-30.,6.));
#8268=CARTESIAN_POINT('Origin',(-15.,-30.,6.));
#8269=CARTESIAN_POINT('',(-16.5,-30.,0.));
#8270=CARTESIAN_POINT('',(-16.5,-30.,0.));
#8271=CARTESIAN_POINT('Origin',(-15.,-30.,0.));
#8272=CARTESIAN_POINT('Origin',(43.84,-30.,0.));
#8273=CARTESIAN_POINT('',(42.34,-30.,6.));
#8274=CARTESIAN_POINT('Origin',(43.84,-30.,6.));
#8275=CARTESIAN_POINT('',(42.34,-30.,0.));
#8276=CARTESIAN_POINT('',(42.34,-30.,0.));
#8277=CARTESIAN_POINT('Origin',(43.84,-30.,0.));
#8278=CARTESIAN_POINT('Origin',(72.0832851637604,50.,0.));
#8279=CARTESIAN_POINT('',(70.5832851637604,50.,6.));
#8280=CARTESIAN_POINT('Origin',(72.0832851637604,50.,6.));
#8281=CARTESIAN_POINT('',(70.5832851637604,50.,0.));
#8282=CARTESIAN_POINT('',(70.5832851637604,50.,0.));
#8283=CARTESIAN_POINT('Origin',(72.0832851637604,50.,0.));
#8284=CARTESIAN_POINT('Origin',(-43.84,57.68,0.));
#8285=CARTESIAN_POINT('',(-45.34,57.68,6.));
#8286=CARTESIAN_POINT('Origin',(-43.84,57.68,6.));
#8287=CARTESIAN_POINT('',(-45.34,57.68,0.));
#8288=CARTESIAN_POINT('',(-45.34,57.68,0.));
#8289=CARTESIAN_POINT('Origin',(-43.84,57.68,0.));
#8290=CARTESIAN_POINT('Origin',(-52.8772162656091,70.,0.));
#8291=CARTESIAN_POINT('',(-54.3772162656091,70.,6.));
#8292=CARTESIAN_POINT('Origin',(-52.8772162656091,70.,6.));
#8293=CARTESIAN_POINT('',(-54.3772162656091,70.,0.));
#8294=CARTESIAN_POINT('',(-54.3772162656091,70.,0.));
#8295=CARTESIAN_POINT('Origin',(-52.8772162656091,70.,0.));
#8296=CARTESIAN_POINT('Origin',(-84.0892383126402,25.,0.));
#8297=CARTESIAN_POINT('',(-85.5892383126402,25.,6.));
#8298=CARTESIAN_POINT('Origin',(-84.0892383126402,25.,6.));
#8299=CARTESIAN_POINT('',(-85.5892383126402,25.,0.));
#8300=CARTESIAN_POINT('',(-85.5892383126402,25.,0.));
#8301=CARTESIAN_POINT('Origin',(-84.0892383126402,25.,0.));
#8302=CARTESIAN_POINT('Origin',(36.,80.,0.));
#8303=CARTESIAN_POINT('',(34.5,80.,6.));
#8304=CARTESIAN_POINT('Origin',(36.,80.,6.));
#8305=CARTESIAN_POINT('',(34.5,80.,0.));
#8306=CARTESIAN_POINT('',(34.5,80.,0.));
#8307=CARTESIAN_POINT('Origin',(36.,80.,0.));
#8308=CARTESIAN_POINT('Origin',(84.0892383126402,25.,0.));
#8309=CARTESIAN_POINT('',(82.5892383126402,25.,6.));
#8310=CARTESIAN_POINT('Origin',(84.0892383126402,25.,6.));
#8311=CARTESIAN_POINT('',(82.5892383126402,25.,0.));
#8312=CARTESIAN_POINT('',(82.5892383126402,25.,0.));
#8313=CARTESIAN_POINT('Origin',(84.0892383126402,25.,0.));
#8314=CARTESIAN_POINT('Origin',(15.,-30.,0.));
#8315=CARTESIAN_POINT('',(13.5,-30.,6.));
#8316=CARTESIAN_POINT('Origin',(15.,-30.,6.));
#8317=CARTESIAN_POINT('',(13.5,-30.,0.));
#8318=CARTESIAN_POINT('',(13.5,-30.,0.));
#8319=CARTESIAN_POINT('Origin',(15.,-30.,0.));
#8320=CARTESIAN_POINT('Origin',(87.2820323027551,-8.82308546376024,0.));
#8321=CARTESIAN_POINT('',(85.7820323027551,-8.82308546376024,6.));
#8322=CARTESIAN_POINT('Origin',(87.2820323027551,-8.82308546376024,6.));
#8323=CARTESIAN_POINT('',(85.7820323027551,-8.82308546376024,0.));
#8324=CARTESIAN_POINT('',(85.7820323027551,-8.82308546376024,0.));
#8325=CARTESIAN_POINT('Origin',(87.2820323027551,-8.82308546376024,0.));
#8326=CARTESIAN_POINT('Origin',(52.8772162656091,70.,0.));
#8327=CARTESIAN_POINT('',(51.3772162656091,70.,6.));
#8328=CARTESIAN_POINT('Origin',(52.8772162656091,70.,6.));
#8329=CARTESIAN_POINT('',(51.3772162656091,70.,0.));
#8330=CARTESIAN_POINT('',(51.3772162656091,70.,0.));
#8331=CARTESIAN_POINT('Origin',(52.8772162656091,70.,0.));
#8332=CARTESIAN_POINT('Origin',(0.,35.7108616365865,0.));
#8333=CARTESIAN_POINT('',(-5.,35.7108616365865,6.));
#8334=CARTESIAN_POINT('Origin',(0.,35.7108616365865,6.));
#8335=CARTESIAN_POINT('',(-5.,35.7108616365865,0.));
#8336=CARTESIAN_POINT('',(-5.,35.7108616365865,0.));
#8337=CARTESIAN_POINT('Origin',(0.,35.7108616365865,0.));
#8338=CARTESIAN_POINT('Origin',(-72.0832851637604,50.,0.));
#8339=CARTESIAN_POINT('',(-73.5832851637604,50.,6.));
#8340=CARTESIAN_POINT('Origin',(-72.0832851637604,50.,6.));
#8341=CARTESIAN_POINT('',(-73.5832851637604,50.,0.));
#8342=CARTESIAN_POINT('',(-73.5832851637604,50.,0.));
#8343=CARTESIAN_POINT('Origin',(-72.0832851637604,50.,0.));
#8344=CARTESIAN_POINT('Origin',(-87.2820323027551,-8.82308546376018,0.));
#8345=CARTESIAN_POINT('',(-88.7820323027551,-8.82308546376018,6.));
#8346=CARTESIAN_POINT('Origin',(-87.2820323027551,-8.82308546376018,6.));
#8347=CARTESIAN_POINT('',(-88.7820323027551,-8.82308546376018,0.));
#8348=CARTESIAN_POINT('',(-88.7820323027551,-8.82308546376018,0.));
#8349=CARTESIAN_POINT('Origin',(-87.2820323027551,-8.82308546376018,0.));
#8350=CARTESIAN_POINT('Origin',(30.926513368315,-17.8554308182932,0.));
#8351=CARTESIAN_POINT('',(25.926513368315,-17.8554308182932,6.));
#8352=CARTESIAN_POINT('Origin',(30.926513368315,-17.8554308182932,6.));
#8353=CARTESIAN_POINT('',(25.926513368315,-17.8554308182932,0.));
#8354=CARTESIAN_POINT('',(25.926513368315,-17.8554308182932,0.));
#8355=CARTESIAN_POINT('Origin',(30.926513368315,-17.8554308182932,0.));
#8356=CARTESIAN_POINT('Origin',(-30.926513368315,-17.8554308182932,0.));
#8357=CARTESIAN_POINT('',(-35.926513368315,-17.8554308182932,6.));
#8358=CARTESIAN_POINT('Origin',(-30.926513368315,-17.8554308182932,6.));
#8359=CARTESIAN_POINT('',(-35.926513368315,-17.8554308182932,0.));
#8360=CARTESIAN_POINT('',(-35.926513368315,-17.8554308182932,0.));
#8361=CARTESIAN_POINT('Origin',(-30.926513368315,-17.8554308182932,0.));
#8362=CARTESIAN_POINT('Origin',(-36.,80.,0.));
#8363=CARTESIAN_POINT('',(-37.5,80.,6.));
#8364=CARTESIAN_POINT('Origin',(-36.,80.,6.));
#8365=CARTESIAN_POINT('',(-37.5,80.,0.));
#8366=CARTESIAN_POINT('',(-37.5,80.,0.));
#8367=CARTESIAN_POINT('Origin',(-36.,80.,0.));
#8368=CARTESIAN_POINT('Origin',(-43.84,-30.,0.));
#8369=CARTESIAN_POINT('',(-45.34,-30.,6.));
#8370=CARTESIAN_POINT('Origin',(-43.84,-30.,6.));
#8371=CARTESIAN_POINT('',(-45.34,-30.,0.));
#8372=CARTESIAN_POINT('',(-45.34,-30.,0.));
#8373=CARTESIAN_POINT('Origin',(-43.84,-30.,0.));
#8374=CARTESIAN_POINT('Origin',(48.2374025007703,-34.8720913166886,0.));
#8375=CARTESIAN_POINT('',(48.2374025007703,-57.8720913166887,0.));
#8376=CARTESIAN_POINT('',(48.2374025007703,-34.8720913166886,0.));
#8377=CARTESIAN_POINT('',(48.2374025007703,-57.8720913166887,0.));
#8378=CARTESIAN_POINT('',(48.2374025007704,-57.8720913166887,6.));
#8379=CARTESIAN_POINT('',(48.2374025007703,-57.8720913166887,0.));
#8380=CARTESIAN_POINT('',(48.2374025007704,-34.8720913166886,6.));
#8381=CARTESIAN_POINT('',(48.2374025007703,-57.8720913166887,6.));
#8382=CARTESIAN_POINT('',(48.2374025007703,-34.8720913166886,0.));
#8383=CARTESIAN_POINT('Origin',(-48.2374025007704,-34.8720913166886,0.));
#8384=CARTESIAN_POINT('',(-48.2374025007704,-34.8720913166886,0.));
#8385=CARTESIAN_POINT('',(48.2374025007703,-34.8720913166886,0.));
#8386=CARTESIAN_POINT('',(-48.2374025007704,-34.8720913166886,6.));
#8387=CARTESIAN_POINT('',(48.2374025007703,-34.8720913166886,6.));
#8388=CARTESIAN_POINT('',(-48.2374025007704,-34.8720913166886,0.));
#8389=CARTESIAN_POINT('Origin',(-48.2374025007704,-57.8720913166886,0.));
#8390=CARTESIAN_POINT('',(-48.2374025007704,-57.8720913166886,0.));
#8391=CARTESIAN_POINT('',(-48.2374025007704,-34.8720913166886,0.));
#8392=CARTESIAN_POINT('',(-48.2374025007704,-57.8720913166886,6.));
#8393=CARTESIAN_POINT('',(-48.2374025007704,-34.8720913166886,6.));
#8394=CARTESIAN_POINT('',(-48.2374025007704,-57.8720913166886,0.));
#8395=CARTESIAN_POINT('Origin',(-74.2374025007704,-12.8387703198978,0.));
#8396=CARTESIAN_POINT('',(-74.2374025007704,-12.8387703198978,0.));
#8397=CARTESIAN_POINT('',(-74.2374025007704,-12.8387703198978,0.));
#8398=CARTESIAN_POINT('',(-74.2374025007704,-12.8387703198978,6.));
#8399=CARTESIAN_POINT('',(-74.2374025007704,-12.8387703198978,6.));
#8400=CARTESIAN_POINT('',(-74.2374025007704,-12.8387703198978,0.));
#8401=CARTESIAN_POINT('Origin',(-96.6241591885981,-25.7637703198978,0.));
#8402=CARTESIAN_POINT('',(-96.6241591885981,-25.7637703198978,0.));
#8403=CARTESIAN_POINT('',(-96.6241591885981,-25.7637703198978,0.));
#8404=CARTESIAN_POINT('',(-96.6241591885981,-25.7637703198978,6.));
#8405=CARTESIAN_POINT('',(-96.6241591885981,-25.7637703198978,6.));
#8406=CARTESIAN_POINT('',(-96.6241591885981,-25.7637703198978,0.));
#8407=CARTESIAN_POINT('Origin',(0.,0.,0.));
#8408=CARTESIAN_POINT('',(-26.,96.5608616365865,0.));
#8409=CARTESIAN_POINT('Origin',(0.,0.,0.));
#8410=CARTESIAN_POINT('',(-26.,96.5608616365865,6.));
#8411=CARTESIAN_POINT('Origin',(0.,0.,6.));
#8412=CARTESIAN_POINT('',(-26.,96.5608616365865,0.));
#8413=CARTESIAN_POINT('Origin',(-26.,70.7108616365865,0.));
#8414=CARTESIAN_POINT('',(-26.,70.7108616365865,0.));
#8415=CARTESIAN_POINT('',(-26.,70.7108616365865,0.));
#8416=CARTESIAN_POINT('',(-26.,70.7108616365865,6.));
#8417=CARTESIAN_POINT('',(-26.,70.7108616365865,6.));
#8418=CARTESIAN_POINT('',(-26.,70.7108616365865,0.));
#8419=CARTESIAN_POINT('Origin',(26.,70.7108616365865,0.));
#8420=CARTESIAN_POINT('',(26.,70.7108616365865,0.));
#8421=CARTESIAN_POINT('',(26.,70.7108616365865,0.));
#8422=CARTESIAN_POINT('',(26.,70.7108616365865,6.));
#8423=CARTESIAN_POINT('',(26.,70.7108616365865,6.));
#8424=CARTESIAN_POINT('',(26.,70.7108616365865,0.));
#8425=CARTESIAN_POINT('Origin',(26.,96.5608616365865,0.));
#8426=CARTESIAN_POINT('',(26.,96.5608616365865,0.));
#8427=CARTESIAN_POINT('',(26.,96.5608616365865,0.));
#8428=CARTESIAN_POINT('',(26.,96.5608616365865,6.));
#8429=CARTESIAN_POINT('',(26.,96.5608616365865,6.));
#8430=CARTESIAN_POINT('',(26.,96.5608616365865,0.));
#8431=CARTESIAN_POINT('Origin',(0.,0.,0.));
#8432=CARTESIAN_POINT('',(96.6241591885981,-25.7637703198979,0.));
#8433=CARTESIAN_POINT('Origin',(0.,0.,0.));
#8434=CARTESIAN_POINT('',(96.6241591885981,-25.7637703198979,6.));
#8435=CARTESIAN_POINT('Origin',(0.,0.,6.));
#8436=CARTESIAN_POINT('',(96.6241591885981,-25.7637703198979,0.));
#8437=CARTESIAN_POINT('Origin',(74.2374025007704,-12.8387703198979,0.));
#8438=CARTESIAN_POINT('',(74.2374025007704,-12.8387703198979,0.));
#8439=CARTESIAN_POINT('',(74.2374025007704,-12.8387703198979,0.));
#8440=CARTESIAN_POINT('',(74.2374025007704,-12.8387703198979,6.));
#8441=CARTESIAN_POINT('',(74.2374025007704,-12.8387703198979,6.));
#8442=CARTESIAN_POINT('',(74.2374025007704,-12.8387703198979,0.));
#8443=CARTESIAN_POINT('Origin',(48.2374025007703,-57.8720913166887,0.));
#8444=CARTESIAN_POINT('',(48.2374025007703,-57.8720913166887,0.));
#8445=CARTESIAN_POINT('',(48.2374025007703,-57.8720913166887,6.));
#8446=CARTESIAN_POINT('Origin',(0.,19.3443851599489,6.));
#8447=CARTESIAN_POINT('Origin',(0.,19.3443851599489,0.));
#8448=CARTESIAN_POINT('',(0.,0.,0.));
#8449=CARTESIAN_POINT('Origin',(-36.7191860194595,-11.9622274748963,0.));
#8450=CARTESIAN_POINT('',(-38.2191860194595,-11.9622274748963,6.));
#8451=CARTESIAN_POINT('Origin',(-36.7191860194595,-11.9622274748963,6.));
#8452=CARTESIAN_POINT('',(-38.2191860194595,-11.9622274748963,0.));
#8453=CARTESIAN_POINT('',(-38.2191860194595,-11.9622274748963,0.));
#8454=CARTESIAN_POINT('Origin',(-36.7191860194595,-11.9622274748963,0.));
#8455=CARTESIAN_POINT('Origin',(8.,63.1808616365865,0.));
#8456=CARTESIAN_POINT('',(6.49999999999999,63.1808616365865,6.));
#8457=CARTESIAN_POINT('Origin',(8.,63.1808616365865,6.));
#8458=CARTESIAN_POINT('',(6.5,63.1808616365865,0.));
#8459=CARTESIAN_POINT('',(6.5,63.1808616365865,0.));
#8460=CARTESIAN_POINT('Origin',(8.,63.1808616365865,0.));
#8461=CARTESIAN_POINT('Origin',(36.,80.,0.));
#8462=CARTESIAN_POINT('',(34.5,80.,6.));
#8463=CARTESIAN_POINT('Origin',(36.,80.,6.));
#8464=CARTESIAN_POINT('',(34.5,80.,0.));
#8465=CARTESIAN_POINT('',(34.5,80.,0.));
#8466=CARTESIAN_POINT('Origin',(36.,80.,0.));
#8467=CARTESIAN_POINT('Origin',(-51.2820323027551,-71.1769145362398,0.));
#8468=CARTESIAN_POINT('',(-52.7820323027551,-71.1769145362398,6.));
#8469=CARTESIAN_POINT('Origin',(-51.2820323027551,-71.1769145362398,6.));
#8470=CARTESIAN_POINT('',(-52.7820323027551,-71.1769145362398,0.));
#8471=CARTESIAN_POINT('',(-52.7820323027551,-71.1769145362398,0.));
#8472=CARTESIAN_POINT('Origin',(-51.2820323027551,-71.1769145362398,0.));
#8473=CARTESIAN_POINT('Origin',(-52.8772162656091,70.,0.));
#8474=CARTESIAN_POINT('',(-54.3772162656091,70.,6.));
#8475=CARTESIAN_POINT('Origin',(-52.8772162656091,70.,6.));
#8476=CARTESIAN_POINT('',(-54.3772162656091,70.,0.));
#8477=CARTESIAN_POINT('',(-54.3772162656091,70.,0.));
#8478=CARTESIAN_POINT('Origin',(-52.8772162656091,70.,0.));
#8479=CARTESIAN_POINT('Origin',(-72.0832851637604,50.,0.));
#8480=CARTESIAN_POINT('',(-73.5832851637604,50.,6.));
#8481=CARTESIAN_POINT('Origin',(-72.0832851637604,50.,6.));
#8482=CARTESIAN_POINT('',(-73.5832851637604,50.,0.));
#8483=CARTESIAN_POINT('',(-73.5832851637604,50.,0.));
#8484=CARTESIAN_POINT('Origin',(-72.0832851637604,50.,0.));
#8485=CARTESIAN_POINT('Origin',(52.8772162656091,70.,0.));
#8486=CARTESIAN_POINT('',(51.3772162656091,70.,6.));
#8487=CARTESIAN_POINT('Origin',(52.8772162656091,70.,6.));
#8488=CARTESIAN_POINT('',(51.3772162656091,70.,0.));
#8489=CARTESIAN_POINT('',(51.3772162656091,70.,0.));
#8490=CARTESIAN_POINT('Origin',(52.8772162656091,70.,0.));
#8491=CARTESIAN_POINT('Origin',(-84.0892383126402,25.,0.));
#8492=CARTESIAN_POINT('',(-85.5892383126402,25.,6.));
#8493=CARTESIAN_POINT('Origin',(-84.0892383126402,25.,6.));
#8494=CARTESIAN_POINT('',(-85.5892383126402,25.,0.));
#8495=CARTESIAN_POINT('',(-85.5892383126402,25.,0.));
#8496=CARTESIAN_POINT('Origin',(-84.0892383126402,25.,0.));
#8497=CARTESIAN_POINT('Origin',(87.2820323027551,-8.82308546376024,0.));
#8498=CARTESIAN_POINT('',(85.7820323027551,-8.82308546376024,6.));
#8499=CARTESIAN_POINT('Origin',(87.2820323027551,-8.82308546376024,6.));
#8500=CARTESIAN_POINT('',(85.7820323027551,-8.82308546376024,0.));
#8501=CARTESIAN_POINT('',(85.7820323027551,-8.82308546376024,0.));
#8502=CARTESIAN_POINT('Origin',(87.2820323027551,-8.82308546376024,0.));
#8503=CARTESIAN_POINT('Origin',(51.2820323027551,-71.1769145362398,0.));
#8504=CARTESIAN_POINT('',(49.7820323027551,-71.1769145362398,6.));
#8505=CARTESIAN_POINT('Origin',(51.2820323027551,-71.1769145362398,6.));
#8506=CARTESIAN_POINT('',(49.7820323027551,-71.1769145362398,0.));
#8507=CARTESIAN_POINT('',(49.7820323027551,-71.1769145362398,0.));
#8508=CARTESIAN_POINT('Origin',(51.2820323027551,-71.1769145362398,0.));
#8509=CARTESIAN_POINT('Origin',(-15.,-60.,0.));
#8510=CARTESIAN_POINT('',(-16.5,-60.,6.));
#8511=CARTESIAN_POINT('Origin',(-15.,-60.,6.));
#8512=CARTESIAN_POINT('',(-16.5,-60.,0.));
#8513=CARTESIAN_POINT('',(-16.5,-60.,0.));
#8514=CARTESIAN_POINT('Origin',(-15.,-60.,0.));
#8515=CARTESIAN_POINT('Origin',(-28.7191858888381,-25.8186341616902,0.));
#8516=CARTESIAN_POINT('',(-30.2191858888381,-25.8186341616902,6.));
#8517=CARTESIAN_POINT('Origin',(-28.7191858888381,-25.8186341616902,6.));
#8518=CARTESIAN_POINT('',(-30.2191858888381,-25.8186341616902,0.));
#8519=CARTESIAN_POINT('',(-30.2191858888381,-25.8186341616902,0.));
#8520=CARTESIAN_POINT('Origin',(-28.7191858888381,-25.8186341616902,0.));
#8521=CARTESIAN_POINT('Origin',(-50.7162312102736,-38.5186340485687,0.));
#8522=CARTESIAN_POINT('',(-52.2162312102736,-38.5186340485687,6.));
#8523=CARTESIAN_POINT('Origin',(-50.7162312102736,-38.5186340485687,6.));
#8524=CARTESIAN_POINT('',(-52.2162312102736,-38.5186340485687,0.));
#8525=CARTESIAN_POINT('',(-52.2162312102736,-38.5186340485687,0.));
#8526=CARTESIAN_POINT('Origin',(-50.7162312102736,-38.5186340485687,0.));
#8527=CARTESIAN_POINT('Origin',(-15.,-30.,0.));
#8528=CARTESIAN_POINT('',(-16.5,-30.,6.));
#8529=CARTESIAN_POINT('Origin',(-15.,-30.,6.));
#8530=CARTESIAN_POINT('',(-16.5,-30.,0.));
#8531=CARTESIAN_POINT('',(-16.5,-30.,0.));
#8532=CARTESIAN_POINT('Origin',(-15.,-30.,0.));
#8533=CARTESIAN_POINT('Origin',(50.7162312102735,-38.5186340485688,0.));
#8534=CARTESIAN_POINT('',(49.2162312102735,-38.5186340485687,6.));
#8535=CARTESIAN_POINT('Origin',(50.7162312102735,-38.5186340485688,6.));
#8536=CARTESIAN_POINT('',(49.2162312102735,-38.5186340485688,0.));
#8537=CARTESIAN_POINT('',(49.2162312102735,-38.5186340485688,0.));
#8538=CARTESIAN_POINT('Origin',(50.7162312102735,-38.5186340485688,0.));
#8539=CARTESIAN_POINT('Origin',(-87.2820323027551,-8.82308546376018,0.));
#8540=CARTESIAN_POINT('',(-88.7820323027551,-8.82308546376018,6.));
#8541=CARTESIAN_POINT('Origin',(-87.2820323027551,-8.82308546376018,6.));
#8542=CARTESIAN_POINT('',(-88.7820323027551,-8.82308546376018,0.));
#8543=CARTESIAN_POINT('',(-88.7820323027551,-8.82308546376018,0.));
#8544=CARTESIAN_POINT('Origin',(-87.2820323027551,-8.82308546376018,0.));
#8545=CARTESIAN_POINT('Origin',(-36.,80.,0.));
#8546=CARTESIAN_POINT('',(-37.5,80.,6.));
#8547=CARTESIAN_POINT('Origin',(-36.,80.,6.));
#8548=CARTESIAN_POINT('',(-37.5,80.,0.));
#8549=CARTESIAN_POINT('',(-37.5,80.,0.));
#8550=CARTESIAN_POINT('Origin',(-36.,80.,0.));
#8551=CARTESIAN_POINT('Origin',(-8.00000013062138,37.7808616365865,0.));
#8552=CARTESIAN_POINT('',(-9.50000013062137,37.7808616365865,6.));
#8553=CARTESIAN_POINT('Origin',(-8.00000013062138,37.7808616365865,6.));
#8554=CARTESIAN_POINT('',(-9.50000013062138,37.7808616365865,0.));
#8555=CARTESIAN_POINT('',(-9.50000013062138,37.7808616365865,0.));
#8556=CARTESIAN_POINT('Origin',(-8.00000013062138,37.7808616365865,0.));
#8557=CARTESIAN_POINT('Origin',(-8.,63.1808616365865,0.));
#8558=CARTESIAN_POINT('',(-9.50000000000001,63.1808616365865,6.));
#8559=CARTESIAN_POINT('Origin',(-8.,63.1808616365865,6.));
#8560=CARTESIAN_POINT('',(-9.5,63.1808616365865,0.));
#8561=CARTESIAN_POINT('',(-9.5,63.1808616365865,0.));
#8562=CARTESIAN_POINT('Origin',(-8.,63.1808616365865,0.));
#8563=CARTESIAN_POINT('Origin',(-58.7162312102736,-24.6622275880177,0.));
#8564=CARTESIAN_POINT('',(-60.2162312102735,-24.6622275880177,6.));
#8565=CARTESIAN_POINT('Origin',(-58.7162312102736,-24.6622275880177,6.));
#8566=CARTESIAN_POINT('',(-60.2162312102736,-24.6622275880177,0.));
#8567=CARTESIAN_POINT('',(-60.2162312102736,-24.6622275880177,0.));
#8568=CARTESIAN_POINT('Origin',(-58.7162312102736,-24.6622275880177,0.));
#8569=CARTESIAN_POINT('Origin',(8.00000013062138,37.7808616365865,0.));
#8570=CARTESIAN_POINT('',(6.50000013062138,37.7808616365865,6.));
#8571=CARTESIAN_POINT('Origin',(8.00000013062138,37.7808616365865,6.));
#8572=CARTESIAN_POINT('',(6.50000013062138,37.7808616365865,0.));
#8573=CARTESIAN_POINT('',(6.50000013062138,37.7808616365865,0.));
#8574=CARTESIAN_POINT('Origin',(8.00000013062138,37.7808616365865,0.));
#8575=CARTESIAN_POINT('Origin',(28.7191858888381,-25.8186341616902,0.));
#8576=CARTESIAN_POINT('',(27.2191858888381,-25.8186341616902,6.));
#8577=CARTESIAN_POINT('Origin',(28.7191858888381,-25.8186341616902,6.));
#8578=CARTESIAN_POINT('',(27.2191858888381,-25.8186341616902,0.));
#8579=CARTESIAN_POINT('',(27.2191858888381,-25.8186341616902,0.));
#8580=CARTESIAN_POINT('Origin',(28.7191858888381,-25.8186341616902,0.));
#8581=CARTESIAN_POINT('Origin',(36.7191860194595,-11.9622274748963,0.));
#8582=CARTESIAN_POINT('',(35.2191860194595,-11.9622274748963,6.));
#8583=CARTESIAN_POINT('Origin',(36.7191860194595,-11.9622274748963,6.));
#8584=CARTESIAN_POINT('',(35.2191860194595,-11.9622274748963,0.));
#8585=CARTESIAN_POINT('',(35.2191860194595,-11.9622274748963,0.));
#8586=CARTESIAN_POINT('Origin',(36.7191860194595,-11.9622274748963,0.));
#8587=CARTESIAN_POINT('Origin',(58.7162312102735,-24.6622275880177,0.));
#8588=CARTESIAN_POINT('',(57.2162312102735,-24.6622275880177,6.));
#8589=CARTESIAN_POINT('Origin',(58.7162312102735,-24.6622275880177,6.));
#8590=CARTESIAN_POINT('',(57.2162312102735,-24.6622275880177,0.));
#8591=CARTESIAN_POINT('',(57.2162312102735,-24.6622275880177,0.));
#8592=CARTESIAN_POINT('Origin',(58.7162312102735,-24.6622275880177,0.));
#8593=CARTESIAN_POINT('Origin',(15.,-60.,0.));
#8594=CARTESIAN_POINT('',(13.5,-60.,6.));
#8595=CARTESIAN_POINT('Origin',(15.,-60.,6.));
#8596=CARTESIAN_POINT('',(13.5,-60.,0.));
#8597=CARTESIAN_POINT('',(13.5,-60.,0.));
#8598=CARTESIAN_POINT('Origin',(15.,-60.,0.));
#8599=CARTESIAN_POINT('Origin',(15.,-30.,0.));
#8600=CARTESIAN_POINT('',(13.5,-30.,6.));
#8601=CARTESIAN_POINT('Origin',(15.,-30.,6.));
#8602=CARTESIAN_POINT('',(13.5,-30.,0.));
#8603=CARTESIAN_POINT('',(13.5,-30.,0.));
#8604=CARTESIAN_POINT('Origin',(15.,-30.,0.));
#8605=CARTESIAN_POINT('Origin',(84.0892383126402,25.,0.));
#8606=CARTESIAN_POINT('',(82.5892383126402,25.,6.));
#8607=CARTESIAN_POINT('Origin',(84.0892383126402,25.,6.));
#8608=CARTESIAN_POINT('',(82.5892383126402,25.,0.));
#8609=CARTESIAN_POINT('',(82.5892383126402,25.,0.));
#8610=CARTESIAN_POINT('Origin',(84.0892383126402,25.,0.));
#8611=CARTESIAN_POINT('Origin',(72.0832851637604,50.,0.));
#8612=CARTESIAN_POINT('',(70.5832851637604,50.,6.));
#8613=CARTESIAN_POINT('Origin',(72.0832851637604,50.,6.));
#8614=CARTESIAN_POINT('',(70.5832851637604,50.,0.));
#8615=CARTESIAN_POINT('',(70.5832851637604,50.,0.));
#8616=CARTESIAN_POINT('Origin',(72.0832851637604,50.,0.));
#8617=CARTESIAN_POINT('Origin',(0.,-195.,0.));
#8618=CARTESIAN_POINT('',(55.6617000465401,-83.0769230769231,0.));
#8619=CARTESIAN_POINT('',(-55.6617000465401,-83.0769230769231,0.));
#8620=CARTESIAN_POINT('Origin',(0.,-195.,0.));
#8621=CARTESIAN_POINT('',(55.6617000465401,-83.0769230769231,6.));
#8622=CARTESIAN_POINT('',(55.6617000465401,-83.0769230769231,0.));
#8623=CARTESIAN_POINT('',(-55.6617000465401,-83.0769230769231,6.));
#8624=CARTESIAN_POINT('Origin',(0.,-195.,6.));
#8625=CARTESIAN_POINT('',(-55.6617000465401,-83.0769230769231,0.));
#8626=CARTESIAN_POINT('Origin',(0.,0.,0.));
#8627=CARTESIAN_POINT('',(-70.6241591885981,-70.7970913166886,0.));
#8628=CARTESIAN_POINT('Origin',(0.,0.,0.));
#8629=CARTESIAN_POINT('',(-70.6241591885981,-70.7970913166886,6.));
#8630=CARTESIAN_POINT('Origin',(0.,0.,6.));
#8631=CARTESIAN_POINT('',(-70.6241591885981,-70.7970913166886,0.));
#8632=CARTESIAN_POINT('Origin',(-48.2374025007704,-57.8720913166886,0.));
#8633=CARTESIAN_POINT('',(-48.2374025007704,-57.8720913166886,0.));
#8634=CARTESIAN_POINT('',(-48.2374025007704,-57.8720913166886,0.));
#8635=CARTESIAN_POINT('',(-48.2374025007704,-57.8720913166886,6.));
#8636=CARTESIAN_POINT('',(-48.2374025007704,-57.8720913166886,6.));
#8637=CARTESIAN_POINT('',(-48.2374025007704,-57.8720913166886,0.));
#8638=CARTESIAN_POINT('Origin',(-74.2374025007704,-12.8387703198978,0.));
#8639=CARTESIAN_POINT('',(-74.2374025007704,-12.8387703198978,0.));
#8640=CARTESIAN_POINT('',(-74.2374025007704,-12.8387703198978,0.));
#8641=CARTESIAN_POINT('',(-74.2374025007704,-12.8387703198978,6.));
#8642=CARTESIAN_POINT('',(-74.2374025007704,-12.8387703198978,6.));
#8643=CARTESIAN_POINT('',(-74.2374025007704,-12.8387703198978,0.));
#8644=CARTESIAN_POINT('Origin',(-96.6241591885981,-25.7637703198978,0.));
#8645=CARTESIAN_POINT('',(-96.6241591885981,-25.7637703198978,0.));
#8646=CARTESIAN_POINT('',(-96.6241591885981,-25.7637703198978,0.));
#8647=CARTESIAN_POINT('',(-96.6241591885981,-25.7637703198978,6.));
#8648=CARTESIAN_POINT('',(-96.6241591885981,-25.7637703198978,6.));
#8649=CARTESIAN_POINT('',(-96.6241591885981,-25.7637703198978,0.));
#8650=CARTESIAN_POINT('Origin',(0.,0.,0.));
#8651=CARTESIAN_POINT('',(-26.,96.5608616365865,0.));
#8652=CARTESIAN_POINT('Origin',(0.,0.,0.));
#8653=CARTESIAN_POINT('',(-26.,96.5608616365865,6.));
#8654=CARTESIAN_POINT('Origin',(0.,0.,6.));
#8655=CARTESIAN_POINT('',(-26.,96.5608616365865,0.));
#8656=CARTESIAN_POINT('Origin',(-26.,70.7108616365865,0.));
#8657=CARTESIAN_POINT('',(-26.,70.7108616365865,0.));
#8658=CARTESIAN_POINT('',(-26.,70.7108616365865,0.));
#8659=CARTESIAN_POINT('',(-26.,70.7108616365865,6.));
#8660=CARTESIAN_POINT('',(-26.,70.7108616365865,6.));
#8661=CARTESIAN_POINT('',(-26.,70.7108616365865,0.));
#8662=CARTESIAN_POINT('Origin',(26.,70.7108616365865,0.));
#8663=CARTESIAN_POINT('',(26.,70.7108616365865,0.));
#8664=CARTESIAN_POINT('',(26.,70.7108616365865,0.));
#8665=CARTESIAN_POINT('',(26.,70.7108616365865,6.));
#8666=CARTESIAN_POINT('',(26.,70.7108616365865,6.));
#8667=CARTESIAN_POINT('',(26.,70.7108616365865,0.));
#8668=CARTESIAN_POINT('Origin',(26.,96.5608616365865,0.));
#8669=CARTESIAN_POINT('',(26.,96.5608616365865,0.));
#8670=CARTESIAN_POINT('',(26.,96.5608616365865,0.));
#8671=CARTESIAN_POINT('',(26.,96.5608616365865,6.));
#8672=CARTESIAN_POINT('',(26.,96.5608616365865,6.));
#8673=CARTESIAN_POINT('',(26.,96.5608616365865,0.));
#8674=CARTESIAN_POINT('Origin',(0.,0.,0.));
#8675=CARTESIAN_POINT('',(96.6241591885981,-25.7637703198979,0.));
#8676=CARTESIAN_POINT('Origin',(0.,0.,0.));
#8677=CARTESIAN_POINT('',(96.6241591885981,-25.7637703198979,6.));
#8678=CARTESIAN_POINT('Origin',(0.,0.,6.));
#8679=CARTESIAN_POINT('',(96.6241591885981,-25.7637703198979,0.));
#8680=CARTESIAN_POINT('Origin',(74.2374025007704,-12.8387703198979,0.));
#8681=CARTESIAN_POINT('',(74.2374025007704,-12.8387703198979,0.));
#8682=CARTESIAN_POINT('',(74.2374025007704,-12.8387703198979,0.));
#8683=CARTESIAN_POINT('',(74.2374025007704,-12.8387703198979,6.));
#8684=CARTESIAN_POINT('',(74.2374025007704,-12.8387703198979,6.));
#8685=CARTESIAN_POINT('',(74.2374025007704,-12.8387703198979,0.));
#8686=CARTESIAN_POINT('Origin',(48.2374025007703,-57.8720913166887,0.));
#8687=CARTESIAN_POINT('',(48.2374025007703,-57.8720913166887,0.));
#8688=CARTESIAN_POINT('',(48.2374025007703,-57.8720913166887,0.));
#8689=CARTESIAN_POINT('',(48.2374025007703,-57.8720913166887,6.));
#8690=CARTESIAN_POINT('',(48.2374025007703,-57.8720913166887,6.));
#8691=CARTESIAN_POINT('',(48.2374025007703,-57.8720913166887,0.));
#8692=CARTESIAN_POINT('Origin',(70.6241591885981,-70.7970913166887,0.));
#8693=CARTESIAN_POINT('',(70.6241591885981,-70.7970913166887,0.));
#8694=CARTESIAN_POINT('',(70.6241591885981,-70.7970913166887,0.));
#8695=CARTESIAN_POINT('',(70.6241591885981,-70.7970913166887,6.));
#8696=CARTESIAN_POINT('',(70.6241591885981,-70.7970913166887,6.));
#8697=CARTESIAN_POINT('',(70.6241591885981,-70.7970913166887,0.));
#8698=CARTESIAN_POINT('Origin',(0.,0.,0.));
#8699=CARTESIAN_POINT('Origin',(0.,0.,0.));
#8700=CARTESIAN_POINT('Origin',(0.,0.,6.));
#8701=CARTESIAN_POINT('Origin',(0.,6.7419692798317,6.));
#8702=CARTESIAN_POINT('Origin',(0.,6.7419692798317,0.));
#8703=CARTESIAN_POINT('',(0.,0.,0.));
#8704=CARTESIAN_POINT('Origin',(0.,0.,0.));
#8705=CARTESIAN_POINT('',(-32.5,0.,4.));
#8706=CARTESIAN_POINT('Origin',(0.,0.,4.));
#8707=CARTESIAN_POINT('',(-32.5,-3.9801020972289E-15,0.));
#8708=CARTESIAN_POINT('',(-32.5,-3.9801020972289E-15,0.));
#8709=CARTESIAN_POINT('Origin',(0.,0.,0.));
#8710=CARTESIAN_POINT('Origin',(-9.,-44.,0.));
#8711=CARTESIAN_POINT('',(-10.5,-44.,4.));
#8712=CARTESIAN_POINT('Origin',(-9.,-44.,4.));
#8713=CARTESIAN_POINT('',(-10.5,-44.,0.));
#8714=CARTESIAN_POINT('',(-10.5,-44.,0.));
#8715=CARTESIAN_POINT('Origin',(-9.,-44.,0.));
#8716=CARTESIAN_POINT('Origin',(44.,-9.,0.));
#8717=CARTESIAN_POINT('',(42.5,-9.,4.));
#8718=CARTESIAN_POINT('Origin',(44.,-9.,4.));
#8719=CARTESIAN_POINT('',(42.5,-9.,0.));
#8720=CARTESIAN_POINT('',(42.5,-9.,0.));
#8721=CARTESIAN_POINT('Origin',(44.,-9.,0.));
#8722=CARTESIAN_POINT('Origin',(-44.,9.00000000000001,0.));
#8723=CARTESIAN_POINT('',(-45.5,9.00000000000001,4.));
#8724=CARTESIAN_POINT('Origin',(-44.,9.00000000000001,4.));
#8725=CARTESIAN_POINT('',(-45.5,9.00000000000001,0.));
#8726=CARTESIAN_POINT('',(-45.5,9.00000000000001,0.));
#8727=CARTESIAN_POINT('Origin',(-44.,9.00000000000001,0.));
#8728=CARTESIAN_POINT('Origin',(-44.,-9.,0.));
#8729=CARTESIAN_POINT('',(-45.5,-8.99999999999999,4.));
#8730=CARTESIAN_POINT('Origin',(-44.,-9.,4.));
#8731=CARTESIAN_POINT('',(-45.5,-9.,0.));
#8732=CARTESIAN_POINT('',(-45.5,-9.,0.));
#8733=CARTESIAN_POINT('Origin',(-44.,-9.,0.));
#8734=CARTESIAN_POINT('Origin',(44.,8.99999999999999,0.));
#8735=CARTESIAN_POINT('',(42.5,8.99999999999999,4.));
#8736=CARTESIAN_POINT('Origin',(44.,8.99999999999999,4.));
#8737=CARTESIAN_POINT('',(42.5,8.99999999999999,0.));
#8738=CARTESIAN_POINT('',(42.5,8.99999999999999,0.));
#8739=CARTESIAN_POINT('Origin',(44.,8.99999999999999,0.));
#8740=CARTESIAN_POINT('Origin',(9.00000000000001,44.,0.));
#8741=CARTESIAN_POINT('',(7.5,44.,4.));
#8742=CARTESIAN_POINT('Origin',(9.00000000000001,44.,4.));
#8743=CARTESIAN_POINT('',(7.5,44.,0.));
#8744=CARTESIAN_POINT('',(7.5,44.,0.));
#8745=CARTESIAN_POINT('Origin',(9.00000000000001,44.,0.));
#8746=CARTESIAN_POINT('Origin',(8.99999999999999,-44.,0.));
#8747=CARTESIAN_POINT('',(7.49999999999999,-44.,4.));
#8748=CARTESIAN_POINT('Origin',(8.99999999999999,-44.,4.));
#8749=CARTESIAN_POINT('',(7.49999999999999,-44.,0.));
#8750=CARTESIAN_POINT('',(7.49999999999999,-44.,0.));
#8751=CARTESIAN_POINT('Origin',(8.99999999999999,-44.,0.));
#8752=CARTESIAN_POINT('Origin',(-9.,44.,0.));
#8753=CARTESIAN_POINT('',(-10.5,44.,4.));
#8754=CARTESIAN_POINT('Origin',(-9.,44.,4.));
#8755=CARTESIAN_POINT('',(-10.5,44.,0.));
#8756=CARTESIAN_POINT('',(-10.5,44.,0.));
#8757=CARTESIAN_POINT('Origin',(-9.,44.,0.));
#8758=CARTESIAN_POINT('Origin',(0.,0.,0.));
#8759=CARTESIAN_POINT('',(-50.,-8.88178419700125E-15,4.));
#8760=CARTESIAN_POINT('Origin',(0.,0.,4.));
#8761=CARTESIAN_POINT('',(-50.,-6.12323399573677E-15,0.));
#8762=CARTESIAN_POINT('',(-50.,-6.12323399573677E-15,0.));
#8763=CARTESIAN_POINT('Origin',(0.,0.,0.));
#8764=CARTESIAN_POINT('Origin',(0.,0.,4.));
#8765=CARTESIAN_POINT('Origin',(0.,0.,0.));
#8766=CARTESIAN_POINT('',(0.,0.,0.));
#8767=CARTESIAN_POINT('Origin',(-14.632,19.102,0.));
#8768=CARTESIAN_POINT('',(-16.132,19.102,4.));
#8769=CARTESIAN_POINT('Origin',(-14.632,19.102,4.));
#8770=CARTESIAN_POINT('',(-16.132,19.102,0.));
#8771=CARTESIAN_POINT('',(-16.132,19.102,0.));
#8772=CARTESIAN_POINT('Origin',(-14.632,19.102,0.));
#8773=CARTESIAN_POINT('Origin',(14.632,19.102,0.));
#8774=CARTESIAN_POINT('',(13.132,19.102,4.));
#8775=CARTESIAN_POINT('Origin',(14.632,19.102,4.));
#8776=CARTESIAN_POINT('',(13.132,19.102,0.));
#8777=CARTESIAN_POINT('',(13.132,19.102,0.));
#8778=CARTESIAN_POINT('Origin',(14.632,19.102,0.));
#8779=CARTESIAN_POINT('Origin',(-17.78,22.25,0.));
#8780=CARTESIAN_POINT('',(-17.78,-22.25,0.));
#8781=CARTESIAN_POINT('',(-17.78,22.25,0.));
#8782=CARTESIAN_POINT('',(-17.78,-22.25,0.));
#8783=CARTESIAN_POINT('',(-17.78,-22.25,4.));
#8784=CARTESIAN_POINT('',(-17.78,-22.25,0.));
#8785=CARTESIAN_POINT('',(-17.78,22.25,4.));
#8786=CARTESIAN_POINT('',(-17.78,-22.25,4.));
#8787=CARTESIAN_POINT('',(-17.78,22.25,0.));
#8788=CARTESIAN_POINT('Origin',(17.78,22.25,0.));
#8789=CARTESIAN_POINT('',(17.78,22.25,0.));
#8790=CARTESIAN_POINT('',(-17.78,22.25,0.));
#8791=CARTESIAN_POINT('',(17.78,22.25,4.));
#8792=CARTESIAN_POINT('',(-17.78,22.25,4.));
#8793=CARTESIAN_POINT('',(17.78,22.25,0.));
#8794=CARTESIAN_POINT('Origin',(17.78,-22.25,0.));
#8795=CARTESIAN_POINT('',(17.78,-22.25,0.));
#8796=CARTESIAN_POINT('',(17.78,22.25,0.));
#8797=CARTESIAN_POINT('',(17.78,-22.25,4.));
#8798=CARTESIAN_POINT('',(17.78,22.25,4.));
#8799=CARTESIAN_POINT('',(17.78,-22.25,0.));
#8800=CARTESIAN_POINT('Origin',(-17.78,-22.25,0.));
#8801=CARTESIAN_POINT('',(17.78,-22.25,0.));
#8802=CARTESIAN_POINT('',(17.78,-22.25,4.));
#8803=CARTESIAN_POINT('Origin',(0.,0.,4.));
#8804=CARTESIAN_POINT('Origin',(0.,0.,0.));
#8805=CARTESIAN_POINT('Origin',(-8.,6.25,0.));
#8806=CARTESIAN_POINT('',(-8.,6.25,0.));
#8807=CARTESIAN_POINT('',(8.,6.25,0.));
#8808=CARTESIAN_POINT('',(-8.,6.25,0.));
#8809=CARTESIAN_POINT('',(8.,6.25,10.));
#8810=CARTESIAN_POINT('',(8.,6.25,0.));
#8811=CARTESIAN_POINT('',(-8.,6.25,10.));
#8812=CARTESIAN_POINT('',(-8.,6.25,10.));
#8813=CARTESIAN_POINT('',(-8.,6.25,0.));
#8814=CARTESIAN_POINT('Origin',(-8.,22.25,0.));
#8815=CARTESIAN_POINT('',(-8.,22.25,0.));
#8816=CARTESIAN_POINT('',(-8.,22.25,0.));
#8817=CARTESIAN_POINT('',(-8.,22.25,10.));
#8818=CARTESIAN_POINT('',(-8.,22.25,10.));
#8819=CARTESIAN_POINT('',(-8.,22.25,0.));
#8820=CARTESIAN_POINT('Origin',(8.,22.25,0.));
#8821=CARTESIAN_POINT('',(8.,22.25,0.));
#8822=CARTESIAN_POINT('',(8.,22.25,0.));
#8823=CARTESIAN_POINT('',(8.,22.25,10.));
#8824=CARTESIAN_POINT('',(8.,22.25,10.));
#8825=CARTESIAN_POINT('',(8.,22.25,0.));
#8826=CARTESIAN_POINT('Origin',(8.,6.25,0.));
#8827=CARTESIAN_POINT('',(8.,6.25,0.));
#8828=CARTESIAN_POINT('',(8.,6.25,10.));
#8829=CARTESIAN_POINT('Origin',(0.,14.25,10.));
#8830=CARTESIAN_POINT('Origin',(0.,14.25,0.));
#8831=CARTESIAN_POINT('Origin',(0.,14.25,0.));
#8832=CARTESIAN_POINT('',(-7.,14.25,15.));
#8833=CARTESIAN_POINT('Origin',(0.,14.25,15.));
#8834=CARTESIAN_POINT('',(-7.,14.25,0.));
#8835=CARTESIAN_POINT('',(-7.,14.25,0.));
#8836=CARTESIAN_POINT('Origin',(0.,14.25,0.));
#8837=CARTESIAN_POINT('Origin',(0.,14.25,15.));
#8838=CARTESIAN_POINT('Origin',(0.,14.25,0.));
#8839=CARTESIAN_POINT('',(0.,0.,0.));
#8840=CARTESIAN_POINT('Origin',(44.,-9.,0.));
#8841=CARTESIAN_POINT('',(42.5,-9.,4.));
#8842=CARTESIAN_POINT('Origin',(44.,-9.,4.));
#8843=CARTESIAN_POINT('',(42.5,-9.,0.));
#8844=CARTESIAN_POINT('',(42.5,-9.,0.));
#8845=CARTESIAN_POINT('Origin',(44.,-9.,0.));
#8846=CARTESIAN_POINT('Origin',(-44.,-9.,0.));
#8847=CARTESIAN_POINT('',(-45.5,-8.99999999999999,4.));
#8848=CARTESIAN_POINT('Origin',(-44.,-9.,4.));
#8849=CARTESIAN_POINT('',(-45.5,-9.,0.));
#8850=CARTESIAN_POINT('',(-45.5,-9.,0.));
#8851=CARTESIAN_POINT('Origin',(-44.,-9.,0.));
#8852=CARTESIAN_POINT('Origin',(8.99999999999999,-44.,0.));
#8853=CARTESIAN_POINT('',(7.49999999999999,-44.,4.));
#8854=CARTESIAN_POINT('Origin',(8.99999999999999,-44.,4.));
#8855=CARTESIAN_POINT('',(7.49999999999999,-44.,0.));
#8856=CARTESIAN_POINT('',(7.49999999999999,-44.,0.));
#8857=CARTESIAN_POINT('Origin',(8.99999999999999,-44.,0.));
#8858=CARTESIAN_POINT('Origin',(44.,8.99999999999999,0.));
#8859=CARTESIAN_POINT('',(42.5,8.99999999999999,4.));
#8860=CARTESIAN_POINT('Origin',(44.,8.99999999999999,4.));
#8861=CARTESIAN_POINT('',(42.5,8.99999999999999,0.));
#8862=CARTESIAN_POINT('',(42.5,8.99999999999999,0.));
#8863=CARTESIAN_POINT('Origin',(44.,8.99999999999999,0.));
#8864=CARTESIAN_POINT('Origin',(9.00000000000001,44.,0.));
#8865=CARTESIAN_POINT('',(7.5,44.,4.));
#8866=CARTESIAN_POINT('Origin',(9.00000000000001,44.,4.));
#8867=CARTESIAN_POINT('',(7.5,44.,0.));
#8868=CARTESIAN_POINT('',(7.5,44.,0.));
#8869=CARTESIAN_POINT('Origin',(9.00000000000001,44.,0.));
#8870=CARTESIAN_POINT('Origin',(43.84,-43.84,0.));
#8871=CARTESIAN_POINT('',(42.34,-43.84,4.));
#8872=CARTESIAN_POINT('Origin',(43.84,-43.84,4.));
#8873=CARTESIAN_POINT('',(42.34,-43.84,0.));
#8874=CARTESIAN_POINT('',(42.34,-43.84,0.));
#8875=CARTESIAN_POINT('Origin',(43.84,-43.84,0.));
#8876=CARTESIAN_POINT('Origin',(24.0138257913944,28.0138257913944,0.));
#8877=CARTESIAN_POINT('',(22.5138257913944,28.0138257913944,4.));
#8878=CARTESIAN_POINT('Origin',(24.0138257913944,28.0138257913944,4.));
#8879=CARTESIAN_POINT('',(22.5138257913944,28.0138257913944,0.));
#8880=CARTESIAN_POINT('',(22.5138257913944,28.0138257913944,0.));
#8881=CARTESIAN_POINT('Origin',(24.0138257913944,28.0138257913944,0.));
#8882=CARTESIAN_POINT('Origin',(-24.0138257913944,-28.0138257913944,0.));
#8883=CARTESIAN_POINT('',(-25.5138257913944,-28.0138257913944,4.));
#8884=CARTESIAN_POINT('Origin',(-24.0138257913944,-28.0138257913944,4.));
#8885=CARTESIAN_POINT('',(-25.5138257913944,-28.0138257913944,0.));
#8886=CARTESIAN_POINT('',(-25.5138257913944,-28.0138257913944,0.));
#8887=CARTESIAN_POINT('Origin',(-24.0138257913944,-28.0138257913944,0.));
#8888=CARTESIAN_POINT('Origin',(0.,0.,0.));
#8889=CARTESIAN_POINT('',(-7.5,0.,4.));
#8890=CARTESIAN_POINT('Origin',(0.,0.,4.));
#8891=CARTESIAN_POINT('',(-7.5,-9.18485099360515E-16,0.));
#8892=CARTESIAN_POINT('',(-7.5,-9.18485099360515E-16,0.));
#8893=CARTESIAN_POINT('Origin',(0.,0.,0.));
#8894=CARTESIAN_POINT('Origin',(-43.84,43.84,0.));
#8895=CARTESIAN_POINT('',(-45.34,43.84,4.));
#8896=CARTESIAN_POINT('Origin',(-43.84,43.84,4.));
#8897=CARTESIAN_POINT('',(-45.34,43.84,0.));
#8898=CARTESIAN_POINT('',(-45.34,43.84,0.));
#8899=CARTESIAN_POINT('Origin',(-43.84,43.84,0.));
#8900=CARTESIAN_POINT('Origin',(14.6320000000009,4.85200000000001,0.));
#8901=CARTESIAN_POINT('',(13.1320000000009,4.85200000000001,4.));
#8902=CARTESIAN_POINT('Origin',(14.6320000000009,4.85200000000001,4.));
#8903=CARTESIAN_POINT('',(13.1320000000009,4.85200000000001,0.));
#8904=CARTESIAN_POINT('',(13.1320000000009,4.85200000000001,0.));
#8905=CARTESIAN_POINT('Origin',(14.6320000000009,4.85200000000001,0.));
#8906=CARTESIAN_POINT('Origin',(-14.6319999999991,4.85200000000001,0.));
#8907=CARTESIAN_POINT('',(-16.1319999999991,4.85200000000001,4.));
#8908=CARTESIAN_POINT('Origin',(-14.6319999999991,4.85200000000001,4.));
#8909=CARTESIAN_POINT('',(-16.1319999999991,4.85200000000001,0.));
#8910=CARTESIAN_POINT('',(-16.1319999999991,4.85200000000001,0.));
#8911=CARTESIAN_POINT('Origin',(-14.6319999999991,4.85200000000001,0.));
#8912=CARTESIAN_POINT('Origin',(-9.,44.,0.));
#8913=CARTESIAN_POINT('',(-10.5,44.,4.));
#8914=CARTESIAN_POINT('Origin',(-9.,44.,4.));
#8915=CARTESIAN_POINT('',(-10.5,44.,0.));
#8916=CARTESIAN_POINT('',(-10.5,44.,0.));
#8917=CARTESIAN_POINT('Origin',(-9.,44.,0.));
#8918=CARTESIAN_POINT('Origin',(25.9861742086056,-25.9861742086056,0.));
#8919=CARTESIAN_POINT('',(24.4861742086056,-25.9861742086056,4.));
#8920=CARTESIAN_POINT('Origin',(25.9861742086056,-25.9861742086056,4.));
#8921=CARTESIAN_POINT('',(24.4861742086056,-25.9861742086056,0.));
#8922=CARTESIAN_POINT('',(24.4861742086056,-25.9861742086056,0.));
#8923=CARTESIAN_POINT('Origin',(25.9861742086056,-25.9861742086056,0.));
#8924=CARTESIAN_POINT('Origin',(-25.9861742086056,25.9861742086056,0.));
#8925=CARTESIAN_POINT('',(-27.4861742086056,25.9861742086056,4.));
#8926=CARTESIAN_POINT('Origin',(-25.9861742086056,25.9861742086056,4.));
#8927=CARTESIAN_POINT('',(-27.4861742086056,25.9861742086056,0.));
#8928=CARTESIAN_POINT('',(-27.4861742086056,25.9861742086056,0.));
#8929=CARTESIAN_POINT('Origin',(-25.9861742086056,25.9861742086056,0.));
#8930=CARTESIAN_POINT('Origin',(-9.,-44.,0.));
#8931=CARTESIAN_POINT('',(-10.5,-44.,4.));
#8932=CARTESIAN_POINT('Origin',(-9.,-44.,4.));
#8933=CARTESIAN_POINT('',(-10.5,-44.,0.));
#8934=CARTESIAN_POINT('',(-10.5,-44.,0.));
#8935=CARTESIAN_POINT('Origin',(-9.,-44.,0.));
#8936=CARTESIAN_POINT('Origin',(-44.,9.00000000000001,0.));
#8937=CARTESIAN_POINT('',(-45.5,9.00000000000001,4.));
#8938=CARTESIAN_POINT('Origin',(-44.,9.00000000000001,4.));
#8939=CARTESIAN_POINT('',(-45.5,9.00000000000001,0.));
#8940=CARTESIAN_POINT('',(-45.5,9.00000000000001,0.));
#8941=CARTESIAN_POINT('Origin',(-44.,9.00000000000001,0.));
#8942=CARTESIAN_POINT('Origin',(-43.84,-43.84,0.));
#8943=CARTESIAN_POINT('',(-45.34,-43.84,4.));
#8944=CARTESIAN_POINT('Origin',(-43.84,-43.84,4.));
#8945=CARTESIAN_POINT('',(-45.34,-43.84,0.));
#8946=CARTESIAN_POINT('',(-45.34,-43.84,0.));
#8947=CARTESIAN_POINT('Origin',(-43.84,-43.84,0.));
#8948=CARTESIAN_POINT('Origin',(43.84,43.84,0.));
#8949=CARTESIAN_POINT('',(42.34,43.84,4.));
#8950=CARTESIAN_POINT('Origin',(43.84,43.84,4.));
#8951=CARTESIAN_POINT('',(42.34,43.84,0.));
#8952=CARTESIAN_POINT('',(42.34,43.84,0.));
#8953=CARTESIAN_POINT('Origin',(43.84,43.84,0.));
#8954=CARTESIAN_POINT('Origin',(45.0000000000012,-50.,0.));
#8955=CARTESIAN_POINT('',(50.0000000000009,-45.0000000000021,0.));
#8956=CARTESIAN_POINT('',(44.9999999999991,-49.9999999999979,0.));
#8957=CARTESIAN_POINT('',(49.9999999999991,-45.0000000000021,0.));
#8958=CARTESIAN_POINT('',(50.0000000000009,-45.0000000000021,4.));
#8959=CARTESIAN_POINT('',(50.0000000000009,-45.0000000000021,0.));
#8960=CARTESIAN_POINT('',(44.9999999999991,-49.9999999999979,4.));
#8961=CARTESIAN_POINT('',(49.9999999999991,-45.0000000000021,4.));
#8962=CARTESIAN_POINT('',(44.9999999999991,-49.9999999999979,0.));
#8963=CARTESIAN_POINT('Origin',(-45.0000000000021,-49.9999999999979,0.));
#8964=CARTESIAN_POINT('',(-45.0000000000021,-49.9999999999979,0.));
#8965=CARTESIAN_POINT('',(-49.9999999999991,-49.9999999999979,0.));
#8966=CARTESIAN_POINT('',(-45.0000000000021,-49.9999999999979,4.));
#8967=CARTESIAN_POINT('',(-49.9999999999991,-49.9999999999979,4.));
#8968=CARTESIAN_POINT('',(-45.0000000000021,-49.9999999999979,0.));
#8969=CARTESIAN_POINT('Origin',(-50.0000000000021,-44.9999999999991,0.));
#8970=CARTESIAN_POINT('',(-50.0000000000021,-44.9999999999991,0.));
#8971=CARTESIAN_POINT('',(-45.0000000000021,-49.9999999999991,0.));
#8972=CARTESIAN_POINT('',(-50.0000000000021,-44.9999999999991,4.));
#8973=CARTESIAN_POINT('',(-45.0000000000021,-49.9999999999991,4.));
#8974=CARTESIAN_POINT('',(-50.0000000000021,-44.9999999999991,0.));
#8975=CARTESIAN_POINT('Origin',(-49.9999999999991,45.0000000000021,0.));
#8976=CARTESIAN_POINT('',(-49.9999999999991,45.0000000000021,0.));
#8977=CARTESIAN_POINT('',(-49.9999999999991,45.0000000000021,0.));
#8978=CARTESIAN_POINT('',(-49.9999999999991,45.0000000000021,4.));
#8979=CARTESIAN_POINT('',(-49.9999999999991,45.0000000000021,4.));
#8980=CARTESIAN_POINT('',(-49.9999999999991,45.0000000000021,0.));
#8981=CARTESIAN_POINT('Origin',(-44.9999999999991,50.0000000000021,0.));
#8982=CARTESIAN_POINT('',(-44.9999999999991,50.0000000000021,0.));
#8983=CARTESIAN_POINT('',(-49.9999999999991,45.0000000000021,0.));
#8984=CARTESIAN_POINT('',(-44.9999999999991,50.0000000000021,4.));
#8985=CARTESIAN_POINT('',(-49.9999999999991,45.0000000000021,4.));
#8986=CARTESIAN_POINT('',(-44.9999999999991,50.0000000000021,0.));
#8987=CARTESIAN_POINT('Origin',(45.0000000000021,50.0000000000021,0.));
#8988=CARTESIAN_POINT('',(45.0000000000021,50.0000000000021,0.));
#8989=CARTESIAN_POINT('',(50.0000000000009,50.0000000000021,0.));
#8990=CARTESIAN_POINT('',(45.0000000000021,50.0000000000021,4.));
#8991=CARTESIAN_POINT('',(50.0000000000009,50.0000000000021,4.));
#8992=CARTESIAN_POINT('',(45.0000000000021,50.0000000000021,0.));
#8993=CARTESIAN_POINT('Origin',(50.0000000000015,44.9999999999997,0.));
#8994=CARTESIAN_POINT('',(50.0000000000009,44.9999999999991,0.));
#8995=CARTESIAN_POINT('',(45.0000000000021,49.9999999999991,0.));
#8996=CARTESIAN_POINT('',(50.0000000000009,44.9999999999991,4.));
#8997=CARTESIAN_POINT('',(45.0000000000021,49.9999999999991,4.));
#8998=CARTESIAN_POINT('',(50.0000000000009,44.9999999999991,0.));
#8999=CARTESIAN_POINT('Origin',(50.0000000000009,-45.0000000000021,0.));
#9000=CARTESIAN_POINT('',(50.0000000000009,-49.9999999999979,0.));
#9001=CARTESIAN_POINT('',(50.0000000000009,-49.9999999999979,4.));
#9002=CARTESIAN_POINT('Origin',(0.,0.,4.));
#9003=CARTESIAN_POINT('Origin',(0.,0.,0.));
#9004=CARTESIAN_POINT('',(0.,0.,0.));
#9005=CARTESIAN_POINT('Origin',(51.2820323027551,21.1769145362398,0.));
#9006=CARTESIAN_POINT('',(49.7820323027551,21.1769145362398,4.));
#9007=CARTESIAN_POINT('Origin',(51.2820323027551,21.1769145362398,4.));
#9008=CARTESIAN_POINT('',(49.7820323027551,21.1769145362398,0.));
#9009=CARTESIAN_POINT('',(49.7820323027551,21.1769145362398,0.));
#9010=CARTESIAN_POINT('Origin',(51.2820323027551,21.1769145362398,0.));
#9011=CARTESIAN_POINT('Origin',(-15.,10.,0.));
#9012=CARTESIAN_POINT('',(-16.5,10.,4.));
#9013=CARTESIAN_POINT('Origin',(-15.,10.,4.));
#9014=CARTESIAN_POINT('',(-16.5,10.,0.));
#9015=CARTESIAN_POINT('',(-16.5,10.,0.));
#9016=CARTESIAN_POINT('Origin',(-15.,10.,0.));
#9017=CARTESIAN_POINT('Origin',(15.,10.,0.));
#9018=CARTESIAN_POINT('',(13.5,10.,4.));
#9019=CARTESIAN_POINT('Origin',(15.,10.,4.));
#9020=CARTESIAN_POINT('',(13.5,10.,0.));
#9021=CARTESIAN_POINT('',(13.5,10.,0.));
#9022=CARTESIAN_POINT('Origin',(15.,10.,0.));
#9023=CARTESIAN_POINT('Origin',(20.,15.0000002235174,0.));
#9024=CARTESIAN_POINT('',(20.,15.0000002235174,0.));
#9025=CARTESIAN_POINT('',(25.0000000745058,15.0000002235174,0.));
#9026=CARTESIAN_POINT('',(20.,15.0000002235174,0.));
#9027=CARTESIAN_POINT('',(25.0000000745058,15.0000002235174,4.));
#9028=CARTESIAN_POINT('',(25.0000000745058,15.0000002235174,0.));
#9029=CARTESIAN_POINT('',(20.,15.0000002235174,4.));
#9030=CARTESIAN_POINT('',(20.,15.0000002235174,4.));
#9031=CARTESIAN_POINT('',(20.,15.0000002235174,0.));
#9032=CARTESIAN_POINT('Origin',(20.,5.00000007450581,0.));
#9033=CARTESIAN_POINT('',(20.,5.00000007450581,0.));
#9034=CARTESIAN_POINT('',(20.,5.00000007450581,0.));
#9035=CARTESIAN_POINT('',(20.,5.00000007450581,4.));
#9036=CARTESIAN_POINT('',(20.,5.00000007450581,4.));
#9037=CARTESIAN_POINT('',(20.,5.00000007450581,0.));
#9038=CARTESIAN_POINT('Origin',(25.0000000745058,5.00000007450581,0.));
#9039=CARTESIAN_POINT('',(25.0000000745058,5.00000007450581,0.));
#9040=CARTESIAN_POINT('',(25.0000000745058,5.00000007450581,0.));
#9041=CARTESIAN_POINT('',(25.0000000745058,5.00000007450581,4.));
#9042=CARTESIAN_POINT('',(25.0000000745058,5.00000007450581,4.));
#9043=CARTESIAN_POINT('',(25.0000000745058,5.00000007450581,0.));
#9044=CARTESIAN_POINT('Origin',(25.0000000745058,15.0000002235174,0.));
#9045=CARTESIAN_POINT('',(25.0000000745058,15.0000002235174,0.));
#9046=CARTESIAN_POINT('',(25.0000000745058,15.0000002235174,4.));
#9047=CARTESIAN_POINT('Origin',(15.,-20.,0.));
#9048=CARTESIAN_POINT('',(13.5,-20.,4.));
#9049=CARTESIAN_POINT('Origin',(15.,-20.,4.));
#9050=CARTESIAN_POINT('',(13.5,-20.,0.));
#9051=CARTESIAN_POINT('',(13.5,-20.,0.));
#9052=CARTESIAN_POINT('Origin',(15.,-20.,0.));
#9053=CARTESIAN_POINT('Origin',(-30.0000000745058,10.,0.));
#9054=CARTESIAN_POINT('',(-31.5000000745058,10.,4.));
#9055=CARTESIAN_POINT('Origin',(-30.0000000745058,10.,4.));
#9056=CARTESIAN_POINT('',(-31.5000000745058,10.,0.));
#9057=CARTESIAN_POINT('',(-31.5000000745058,10.,0.));
#9058=CARTESIAN_POINT('Origin',(-30.0000000745058,10.,0.));
#9059=CARTESIAN_POINT('Origin',(-25.0000000745058,5.00000007450581,0.));
#9060=CARTESIAN_POINT('',(-25.0000000745058,5.00000007450581,0.));
#9061=CARTESIAN_POINT('',(-25.0000000745058,15.0000002235174,0.));
#9062=CARTESIAN_POINT('',(-25.0000000745058,15.0000002235174,0.));
#9063=CARTESIAN_POINT('',(-25.0000000745058,15.0000002235174,4.));
#9064=CARTESIAN_POINT('',(-25.0000000745058,15.0000002235174,0.));
#9065=CARTESIAN_POINT('',(-25.0000000745058,5.00000007450581,4.));
#9066=CARTESIAN_POINT('',(-25.0000000745058,15.0000002235174,4.));
#9067=CARTESIAN_POINT('',(-25.0000000745058,5.00000007450581,0.));
#9068=CARTESIAN_POINT('Origin',(-20.,5.00000007450581,0.));
#9069=CARTESIAN_POINT('',(-20.,5.00000007450581,0.));
#9070=CARTESIAN_POINT('',(-25.0000000745058,5.00000007450581,0.));
#9071=CARTESIAN_POINT('',(-20.,5.00000007450581,4.));
#9072=CARTESIAN_POINT('',(-25.0000000745058,5.00000007450581,4.));
#9073=CARTESIAN_POINT('',(-20.,5.00000007450581,0.));
#9074=CARTESIAN_POINT('Origin',(-20.,15.0000002235174,0.));
#9075=CARTESIAN_POINT('',(-20.,15.0000002235174,0.));
#9076=CARTESIAN_POINT('',(-20.,5.00000007450581,0.));
#9077=CARTESIAN_POINT('',(-20.,15.0000002235174,4.));
#9078=CARTESIAN_POINT('',(-20.,5.00000007450581,4.));
#9079=CARTESIAN_POINT('',(-20.,15.0000002235174,0.));
#9080=CARTESIAN_POINT('Origin',(-25.0000000745058,15.0000002235174,0.));
#9081=CARTESIAN_POINT('',(-20.,15.0000002235174,0.));
#9082=CARTESIAN_POINT('',(-20.,15.0000002235174,4.));
#9083=CARTESIAN_POINT('Origin',(30.0000000745058,10.,0.));
#9084=CARTESIAN_POINT('',(28.5000000745058,10.,4.));
#9085=CARTESIAN_POINT('Origin',(30.0000000745058,10.,4.));
#9086=CARTESIAN_POINT('',(28.5000000745058,10.,0.));
#9087=CARTESIAN_POINT('',(28.5000000745058,10.,0.));
#9088=CARTESIAN_POINT('Origin',(30.0000000745058,10.,0.));
#9089=CARTESIAN_POINT('Origin',(-51.2820323027551,21.1769145362398,0.));
#9090=CARTESIAN_POINT('',(-52.7820323027551,21.1769145362398,4.));
#9091=CARTESIAN_POINT('Origin',(-51.2820323027551,21.1769145362398,4.));
#9092=CARTESIAN_POINT('',(-52.7820323027551,21.1769145362398,0.));
#9093=CARTESIAN_POINT('',(-52.7820323027551,21.1769145362398,0.));
#9094=CARTESIAN_POINT('Origin',(-51.2820323027551,21.1769145362398,0.));
#9095=CARTESIAN_POINT('Origin',(-15.,-20.,0.));
#9096=CARTESIAN_POINT('',(-16.5,-20.,4.));
#9097=CARTESIAN_POINT('Origin',(-15.,-20.,4.));
#9098=CARTESIAN_POINT('',(-16.5,-20.,0.));
#9099=CARTESIAN_POINT('',(-16.5,-20.,0.));
#9100=CARTESIAN_POINT('Origin',(-15.,-20.,0.));
#9101=CARTESIAN_POINT('Origin',(1.33226762955019E-14,145.,0.));
#9102=CARTESIAN_POINT('',(-55.6617000465401,33.0769230769231,0.));
#9103=CARTESIAN_POINT('',(55.6617000465401,33.0769230769231,0.));
#9104=CARTESIAN_POINT('Origin',(1.33226762955019E-14,145.,0.));
#9105=CARTESIAN_POINT('',(-55.6617000465401,33.0769230769231,4.));
#9106=CARTESIAN_POINT('',(-55.6617000465401,33.0769230769231,0.));
#9107=CARTESIAN_POINT('',(55.6617000465401,33.0769230769231,4.));
#9108=CARTESIAN_POINT('Origin',(1.33226762955019E-14,145.,4.));
#9109=CARTESIAN_POINT('',(55.6617000465401,33.0769230769231,0.));
#9110=CARTESIAN_POINT('Origin',(0.,-50.,0.));
#9111=CARTESIAN_POINT('',(70.6241591885981,20.7970913166886,0.));
#9112=CARTESIAN_POINT('Origin',(0.,-50.,0.));
#9113=CARTESIAN_POINT('',(70.6241591885981,20.7970913166886,4.));
#9114=CARTESIAN_POINT('Origin',(0.,-50.,4.));
#9115=CARTESIAN_POINT('',(70.6241591885981,20.7970913166886,0.));
#9116=CARTESIAN_POINT('Origin',(48.2374025007704,7.87209131668863,0.));
#9117=CARTESIAN_POINT('',(48.2374025007704,7.87209131668863,0.));
#9118=CARTESIAN_POINT('',(48.2374025007704,7.87209131668863,0.));
#9119=CARTESIAN_POINT('',(48.2374025007704,7.87209131668863,4.));
#9120=CARTESIAN_POINT('',(48.2374025007704,7.87209131668863,4.));
#9121=CARTESIAN_POINT('',(48.2374025007704,7.87209131668863,0.));
#9122=CARTESIAN_POINT('Origin',(48.2374025007704,0.852853430221812,0.));
#9123=CARTESIAN_POINT('',(48.2374025007704,0.852853430221812,0.));
#9124=CARTESIAN_POINT('',(48.2374025007704,0.852853430221812,0.));
#9125=CARTESIAN_POINT('',(48.2374025007704,0.852853430221812,4.));
#9126=CARTESIAN_POINT('',(48.2374025007704,0.852853430221812,4.));
#9127=CARTESIAN_POINT('',(48.2374025007704,0.852853430221812,0.));
#9128=CARTESIAN_POINT('Origin',(33.2374025007704,-25.1279086833114,0.));
#9129=CARTESIAN_POINT('',(33.2374025007704,-25.1279086833114,0.));
#9130=CARTESIAN_POINT('',(33.2374025007704,-25.1279086833114,0.));
#9131=CARTESIAN_POINT('',(33.2374025007704,-25.1279086833114,4.));
#9132=CARTESIAN_POINT('',(33.2374025007704,-25.1279086833114,4.));
#9133=CARTESIAN_POINT('',(33.2374025007704,-25.1279086833114,0.));
#9134=CARTESIAN_POINT('Origin',(-33.2742644272783,-25.1279086833114,0.));
#9135=CARTESIAN_POINT('',(-33.2742644272783,-25.1279086833114,0.));
#9136=CARTESIAN_POINT('',(-33.2742644272783,-25.1279086833114,0.));
#9137=CARTESIAN_POINT('',(-33.2742644272783,-25.1279086833114,4.));
#9138=CARTESIAN_POINT('',(-33.2742644272783,-25.1279086833114,4.));
#9139=CARTESIAN_POINT('',(-33.2742644272783,-25.1279086833114,0.));
#9140=CARTESIAN_POINT('Origin',(-48.2005405742624,0.852853430221759,0.));
#9141=CARTESIAN_POINT('',(-48.2005405742624,0.852853430221759,0.));
#9142=CARTESIAN_POINT('',(-48.2005405742624,0.852853430221759,0.));
#9143=CARTESIAN_POINT('',(-48.2005405742624,0.852853430221758,4.));
#9144=CARTESIAN_POINT('',(-48.2005405742624,0.852853430221759,4.));
#9145=CARTESIAN_POINT('',(-48.2005405742624,0.852853430221759,0.));
#9146=CARTESIAN_POINT('Origin',(-48.2374025007703,7.87209131668865,0.));
#9147=CARTESIAN_POINT('',(-48.2374025007703,7.87209131668865,0.));
#9148=CARTESIAN_POINT('',(-48.2374025007703,7.87209131668865,0.));
#9149=CARTESIAN_POINT('',(-48.2374025007703,7.87209131668865,4.));
#9150=CARTESIAN_POINT('',(-48.2374025007703,7.87209131668865,4.));
#9151=CARTESIAN_POINT('',(-48.2374025007703,7.87209131668865,0.));
#9152=CARTESIAN_POINT('Origin',(-70.6241591885981,20.7970913166887,0.));
#9153=CARTESIAN_POINT('',(-70.6241591885981,20.7970913166887,0.));
#9154=CARTESIAN_POINT('',(-70.6241591885981,20.7970913166887,0.));
#9155=CARTESIAN_POINT('',(-70.6241591885981,20.7970913166887,4.));
#9156=CARTESIAN_POINT('',(-70.6241591885981,20.7970913166887,4.));
#9157=CARTESIAN_POINT('',(-70.6241591885981,20.7970913166887,0.));
#9158=CARTESIAN_POINT('Origin',(0.,-50.,0.));
#9159=CARTESIAN_POINT('Origin',(0.,-50.,0.));
#9160=CARTESIAN_POINT('Origin',(0.,-50.,4.));
#9161=CARTESIAN_POINT('Origin',(4.44089209850063E-14,3.97450719680586,4.));
#9162=CARTESIAN_POINT('Origin',(4.44089209850063E-14,3.97450719680586,0.));
#9163=CARTESIAN_POINT('',(0.,0.,0.));
#9164=CARTESIAN_POINT('Origin',(0.,0.,0.));
#9165=CARTESIAN_POINT('',(-2.2655965784226E-15,-2.77455559792444E-31,37.));
#9166=CARTESIAN_POINT('',(-2.2655965784226E-15,-2.77455559792444E-31,-37.));
#9167=CARTESIAN_POINT('Origin',(0.,0.,0.));
#9168=CARTESIAN_POINT('',(0.,0.,0.));
#9169=CARTESIAN_POINT('',(0.,0.,0.));
#9170=CARTESIAN_POINT('Origin',(0.,0.,1.));
#9171=CARTESIAN_POINT('',(-14.5,1.77573785876366E-15,2.));
#9172=CARTESIAN_POINT('Origin',(0.,0.,2.));
#9173=CARTESIAN_POINT('',(-12.5,-1.53080849893419E-15,0.));
#9174=CARTESIAN_POINT('',(-13.5,-1.65327317884893E-15,1.));
#9175=CARTESIAN_POINT('Origin',(0.,0.,0.));
#9176=CARTESIAN_POINT('Origin',(0.,0.,0.));
#9177=CARTESIAN_POINT('',(-14.5,-1.77573785876366E-15,24.));
#9178=CARTESIAN_POINT('Origin',(0.,0.,24.));
#9179=CARTESIAN_POINT('',(-14.5,-1.77573785876366E-15,0.));
#9180=CARTESIAN_POINT('Origin',(0.,0.,0.));
#9181=CARTESIAN_POINT('',(-1.5,-10.,0.));
#9182=CARTESIAN_POINT('Origin',(0.,-10.,0.));
#9183=CARTESIAN_POINT('',(-11.5,2.03674902937821E-15,0.));
#9184=CARTESIAN_POINT('Origin',(-10.,2.22044604925031E-15,0.));
#9185=CARTESIAN_POINT('',(8.5,2.03674902937821E-15,0.));
#9186=CARTESIAN_POINT('Origin',(10.,2.22044604925031E-15,0.));
#9187=CARTESIAN_POINT('',(-1.5,10.,0.));
#9188=CARTESIAN_POINT('Origin',(1.22464679914735E-15,10.,0.));
#9189=CARTESIAN_POINT('Origin',(0.,0.,26.));
#9190=CARTESIAN_POINT('',(-10.5,1.28587913910472E-15,28.));
#9191=CARTESIAN_POINT('',(-12.5,1.53080849893419E-15,26.));
#9192=CARTESIAN_POINT('Origin',(0.,0.,28.));
#9193=CARTESIAN_POINT('Origin',(0.,0.,28.));
#9194=CARTESIAN_POINT('',(5.,6.12323399573677E-16,28.));
#9195=CARTESIAN_POINT('Origin',(0.,0.,28.));
#9196=CARTESIAN_POINT('Origin',(0.,0.,28.));
#9197=CARTESIAN_POINT('',(5.,6.12323399573677E-16,30.));
#9198=CARTESIAN_POINT('Origin',(0.,0.,30.));
#9199=CARTESIAN_POINT('',(5.,6.12323399573677E-16,28.));
#9200=CARTESIAN_POINT('Origin',(0.,0.,30.));
#9201=CARTESIAN_POINT('',(1.5,1.83697019872103E-16,30.));
#9202=CARTESIAN_POINT('Origin',(0.,0.,30.));
#9203=CARTESIAN_POINT('Origin',(0.,0.,30.));
#9204=CARTESIAN_POINT('',(1.5,1.83697019872103E-16,40.));
#9205=CARTESIAN_POINT('Origin',(0.,0.,40.));
#9206=CARTESIAN_POINT('',(1.5,1.83697019872103E-16,30.));
#9207=CARTESIAN_POINT('Origin',(0.,0.,40.));
#9208=CARTESIAN_POINT('Origin',(1.22464679914735E-15,10.,0.));
#9209=CARTESIAN_POINT('',(-1.5,10.,10.));
#9210=CARTESIAN_POINT('',(-1.5,10.,0.));
#9211=CARTESIAN_POINT('Origin',(1.22464679914735E-15,10.,10.));
#9212=CARTESIAN_POINT('Origin',(1.11022302462516E-15,10.,10.));
#9213=CARTESIAN_POINT('Origin',(10.,2.22044604925031E-15,0.));
#9214=CARTESIAN_POINT('',(8.5,2.03674902937821E-15,10.));
#9215=CARTESIAN_POINT('',(8.5,2.03674902937821E-15,0.));
#9216=CARTESIAN_POINT('Origin',(10.,2.22044604925031E-15,10.));
#9217=CARTESIAN_POINT('Origin',(10.,2.22044604925031E-15,10.));
#9218=CARTESIAN_POINT('Origin',(-10.,2.22044604925031E-15,0.));
#9219=CARTESIAN_POINT('',(-11.5,2.03674902937821E-15,10.));
#9220=CARTESIAN_POINT('',(-11.5,2.03674902937821E-15,0.));
#9221=CARTESIAN_POINT('Origin',(-10.,2.22044604925031E-15,10.));
#9222=CARTESIAN_POINT('Origin',(-10.,2.22044604925031E-15,10.));
#9223=CARTESIAN_POINT('Origin',(0.,-10.,0.));
#9224=CARTESIAN_POINT('',(-1.5,-10.,10.));
#9225=CARTESIAN_POINT('',(-1.5,-10.,0.));
#9226=CARTESIAN_POINT('Origin',(0.,-10.,10.));
#9227=CARTESIAN_POINT('Origin',(0.,-10.,10.));
#9228=CARTESIAN_POINT('',(0.,0.,0.));
#9229=CARTESIAN_POINT('Origin',(18.,3.99680288865056E-15,0.));
#9230=CARTESIAN_POINT('',(16.5,3.81310586877846E-15,4.));
#9231=CARTESIAN_POINT('Origin',(18.,3.99680288865056E-15,4.));
#9232=CARTESIAN_POINT('',(16.5,3.81310586877846E-15,0.));
#9233=CARTESIAN_POINT('',(16.5,3.81310586877846E-15,0.));
#9234=CARTESIAN_POINT('Origin',(18.,3.99680288865056E-15,0.));
#9235=CARTESIAN_POINT('Origin',(0.,-18.,0.));
#9236=CARTESIAN_POINT('',(-1.5,-18.,4.));
#9237=CARTESIAN_POINT('Origin',(0.,-18.,4.));
#9238=CARTESIAN_POINT('',(-1.5,-18.,0.));
#9239=CARTESIAN_POINT('',(-1.5,-18.,0.));
#9240=CARTESIAN_POINT('Origin',(0.,-18.,0.));
#9241=CARTESIAN_POINT('Origin',(-10.,-2.22044604925031E-15,0.));
#9242=CARTESIAN_POINT('',(-11.5,-2.40414306912242E-15,4.));
#9243=CARTESIAN_POINT('Origin',(-10.,-2.22044604925031E-15,4.));
#9244=CARTESIAN_POINT('',(-11.5,-2.40414306912242E-15,0.));
#9245=CARTESIAN_POINT('',(-11.5,-2.40414306912242E-15,0.));
#9246=CARTESIAN_POINT('Origin',(-10.,-2.22044604925031E-15,0.));
#9247=CARTESIAN_POINT('Origin',(0.,10.,0.));
#9248=CARTESIAN_POINT('',(-1.5,10.,4.));
#9249=CARTESIAN_POINT('Origin',(0.,10.,4.));
#9250=CARTESIAN_POINT('',(-1.5,10.,0.));
#9251=CARTESIAN_POINT('',(-1.5,10.,0.));
#9252=CARTESIAN_POINT('Origin',(0.,10.,0.));
#9253=CARTESIAN_POINT('Origin',(10.,-2.22044604925031E-15,0.));
#9254=CARTESIAN_POINT('',(8.5,-2.40414306912242E-15,4.));
#9255=CARTESIAN_POINT('Origin',(10.,-2.22044604925031E-15,4.));
#9256=CARTESIAN_POINT('',(8.5,-2.40414306912242E-15,0.));
#9257=CARTESIAN_POINT('',(8.5,-2.40414306912242E-15,0.));
#9258=CARTESIAN_POINT('Origin',(10.,-2.22044604925031E-15,0.));
#9259=CARTESIAN_POINT('Origin',(-1.22464679914735E-15,-10.,0.));
#9260=CARTESIAN_POINT('',(-1.5,-10.,4.));
#9261=CARTESIAN_POINT('Origin',(-1.22464679914735E-15,-10.,4.));
#9262=CARTESIAN_POINT('',(-1.5,-10.,0.));
#9263=CARTESIAN_POINT('',(-1.5,-10.,0.));
#9264=CARTESIAN_POINT('Origin',(-1.22464679914735E-15,-10.,0.));
#9265=CARTESIAN_POINT('Origin',(2.20436423846524E-15,18.,0.));
#9266=CARTESIAN_POINT('',(-1.5,18.,4.));
#9267=CARTESIAN_POINT('Origin',(2.20436423846524E-15,18.,4.));
#9268=CARTESIAN_POINT('',(-1.5,18.,0.));
#9269=CARTESIAN_POINT('',(-1.5,18.,0.));
#9270=CARTESIAN_POINT('Origin',(2.20436423846524E-15,18.,0.));
#9271=CARTESIAN_POINT('Origin',(-18.,3.99680288865056E-15,0.));
#9272=CARTESIAN_POINT('',(-19.5,3.81310586877846E-15,4.));
#9273=CARTESIAN_POINT('Origin',(-18.,3.99680288865056E-15,4.));
#9274=CARTESIAN_POINT('',(-19.5,3.81310586877846E-15,0.));
#9275=CARTESIAN_POINT('',(-19.5,3.81310586877846E-15,0.));
#9276=CARTESIAN_POINT('Origin',(-18.,3.99680288865056E-15,0.));
#9277=CARTESIAN_POINT('Origin',(7.99999997206033,-3.00000001676381,0.));
#9278=CARTESIAN_POINT('',(7.99999997206033,-3.00000001676381,0.));
#9279=CARTESIAN_POINT('',(19.0000000279397,-2.99999995529652,0.));
#9280=CARTESIAN_POINT('',(7.99999997206033,-3.00000001676381,0.));
#9281=CARTESIAN_POINT('',(19.0000000279397,-2.99999995529652,4.));
#9282=CARTESIAN_POINT('',(19.0000000279397,-2.99999995529652,0.));
#9283=CARTESIAN_POINT('',(7.99999997206033,-3.00000001676381,4.));
#9284=CARTESIAN_POINT('',(7.99999997206033,-3.00000001676381,4.));
#9285=CARTESIAN_POINT('',(7.99999997206033,-3.00000001676381,0.));
#9286=CARTESIAN_POINT('Origin',(8.00000000000001,-8.00000001676381,0.));
#9287=CARTESIAN_POINT('',(3.,-8.0000000167638,0.));
#9288=CARTESIAN_POINT('Origin',(8.00000000000001,-8.00000001676381,0.));
#9289=CARTESIAN_POINT('',(3.,-8.0000000167638,4.));
#9290=CARTESIAN_POINT('Origin',(8.00000000000001,-8.00000001676381,4.));
#9291=CARTESIAN_POINT('',(3.,-8.0000000167638,0.));
#9292=CARTESIAN_POINT('Origin',(2.99999999999999,-18.9999999999999,0.));
#9293=CARTESIAN_POINT('',(2.99999999999999,-18.9999999999999,0.));
#9294=CARTESIAN_POINT('',(2.99999999999999,-18.9999999999999,0.));
#9295=CARTESIAN_POINT('',(2.99999999999999,-18.9999999999999,4.));
#9296=CARTESIAN_POINT('',(2.99999999999999,-18.9999999999999,4.));
#9297=CARTESIAN_POINT('',(2.99999999999999,-18.9999999999999,0.));
#9298=CARTESIAN_POINT('Origin',(0.999999999999995,-18.9999999999999,0.));
#9299=CARTESIAN_POINT('',(0.999999999999995,-20.9999999999999,0.));
#9300=CARTESIAN_POINT('Origin',(0.999999999999995,-18.9999999999999,0.));
#9301=CARTESIAN_POINT('',(0.999999999999996,-20.9999999999999,4.));
#9302=CARTESIAN_POINT('Origin',(0.999999999999995,-18.9999999999999,4.));
#9303=CARTESIAN_POINT('',(0.999999999999995,-20.9999999999999,0.));
#9304=CARTESIAN_POINT('Origin',(-1.00000000000003,-20.9999999999999,0.));
#9305=CARTESIAN_POINT('',(-1.00000000000003,-20.9999999999999,0.));
#9306=CARTESIAN_POINT('',(-1.00000000000003,-20.9999999999999,0.));
#9307=CARTESIAN_POINT('',(-1.00000000000003,-20.9999999999999,4.));
#9308=CARTESIAN_POINT('',(-1.00000000000003,-20.9999999999999,4.));
#9309=CARTESIAN_POINT('',(-1.00000000000003,-20.9999999999999,0.));
#9310=CARTESIAN_POINT('Origin',(-1.00000000000003,-18.9999999999999,0.));
#9311=CARTESIAN_POINT('',(-3.00000000000002,-18.9999999999999,0.));
#9312=CARTESIAN_POINT('Origin',(-1.00000000000003,-18.9999999999999,0.));
#9313=CARTESIAN_POINT('',(-3.00000000000002,-18.9999999999999,4.));
#9314=CARTESIAN_POINT('Origin',(-1.00000000000003,-18.9999999999999,4.));
#9315=CARTESIAN_POINT('',(-3.00000000000002,-18.9999999999999,0.));
#9316=CARTESIAN_POINT('Origin',(-3.,-8.,0.));
#9317=CARTESIAN_POINT('',(-3.,-8.,0.));
#9318=CARTESIAN_POINT('',(-3.00000000000002,-18.9999999999999,0.));
#9319=CARTESIAN_POINT('',(-3.,-8.,4.));
#9320=CARTESIAN_POINT('',(-3.00000000000002,-18.9999999999999,4.));
#9321=CARTESIAN_POINT('',(-3.,-8.,0.));
#9322=CARTESIAN_POINT('Origin',(-8.,-8.,0.));
#9323=CARTESIAN_POINT('',(-8.,-3.,0.));
#9324=CARTESIAN_POINT('Origin',(-8.,-8.,0.));
#9325=CARTESIAN_POINT('',(-8.,-3.,4.));
#9326=CARTESIAN_POINT('Origin',(-8.,-8.,4.));
#9327=CARTESIAN_POINT('',(-8.,-3.,0.));
#9328=CARTESIAN_POINT('Origin',(-19.,-3.,0.));
#9329=CARTESIAN_POINT('',(-19.,-3.,0.));
#9330=CARTESIAN_POINT('',(-8.,-3.,0.));
#9331=CARTESIAN_POINT('',(-19.,-3.,4.));
#9332=CARTESIAN_POINT('',(-8.,-3.,4.));
#9333=CARTESIAN_POINT('',(-19.,-3.,0.));
#9334=CARTESIAN_POINT('Origin',(-19.,-1.,0.));
#9335=CARTESIAN_POINT('',(-21.,-1.,0.));
#9336=CARTESIAN_POINT('Origin',(-19.,-1.,0.));
#9337=CARTESIAN_POINT('',(-21.,-1.,4.));
#9338=CARTESIAN_POINT('Origin',(-19.,-1.,4.));
#9339=CARTESIAN_POINT('',(-21.,-1.,0.));
#9340=CARTESIAN_POINT('Origin',(-21.,0.999999999999998,0.));
#9341=CARTESIAN_POINT('',(-21.,0.999999999999998,0.));
#9342=CARTESIAN_POINT('',(-21.,-1.,0.));
#9343=CARTESIAN_POINT('',(-21.,0.999999999999998,4.));
#9344=CARTESIAN_POINT('',(-21.,-1.,4.));
#9345=CARTESIAN_POINT('',(-21.,0.999999999999998,0.));
#9346=CARTESIAN_POINT('Origin',(-19.,0.999999999999999,0.));
#9347=CARTESIAN_POINT('',(-19.,3.,0.));
#9348=CARTESIAN_POINT('Origin',(-19.,0.999999999999999,0.));
#9349=CARTESIAN_POINT('',(-19.,3.,4.));
#9350=CARTESIAN_POINT('Origin',(-19.,0.999999999999999,4.));
#9351=CARTESIAN_POINT('',(-19.,3.,0.));
#9352=CARTESIAN_POINT('Origin',(-8.,3.,0.));
#9353=CARTESIAN_POINT('',(-8.,3.,0.));
#9354=CARTESIAN_POINT('',(-19.,3.,0.));
#9355=CARTESIAN_POINT('',(-8.,3.,4.));
#9356=CARTESIAN_POINT('',(-19.,3.,4.));
#9357=CARTESIAN_POINT('',(-8.,3.,0.));
#9358=CARTESIAN_POINT('Origin',(-8.,8.,0.));
#9359=CARTESIAN_POINT('',(-3.,8.,0.));
#9360=CARTESIAN_POINT('Origin',(-8.,8.,0.));
#9361=CARTESIAN_POINT('',(-3.,8.,4.));
#9362=CARTESIAN_POINT('Origin',(-8.,8.,4.));
#9363=CARTESIAN_POINT('',(-3.,8.,0.));
#9364=CARTESIAN_POINT('Origin',(-3.00000000000002,19.0000000000001,0.));
#9365=CARTESIAN_POINT('',(-3.00000000000002,19.0000000000001,0.));
#9366=CARTESIAN_POINT('',(-3.00000000000002,19.0000000000001,0.));
#9367=CARTESIAN_POINT('',(-3.00000000000002,19.0000000000001,4.));
#9368=CARTESIAN_POINT('',(-3.00000000000002,19.0000000000001,4.));
#9369=CARTESIAN_POINT('',(-3.00000000000002,19.0000000000001,0.));
#9370=CARTESIAN_POINT('Origin',(-1.00000000000002,19.0000000000001,0.));
#9371=CARTESIAN_POINT('',(-1.00000000000002,21.0000000000001,0.));
#9372=CARTESIAN_POINT('Origin',(-1.00000000000002,19.0000000000001,0.));
#9373=CARTESIAN_POINT('',(-1.00000000000002,21.0000000000001,4.));
#9374=CARTESIAN_POINT('Origin',(-1.00000000000002,19.0000000000001,4.));
#9375=CARTESIAN_POINT('',(-1.00000000000002,21.0000000000001,0.));
#9376=CARTESIAN_POINT('Origin',(0.999999999999995,21.0000000000001,0.));
#9377=CARTESIAN_POINT('',(0.999999999999995,21.0000000000001,0.));
#9378=CARTESIAN_POINT('',(0.999999999999995,21.0000000000001,0.));
#9379=CARTESIAN_POINT('',(0.999999999999996,21.0000000000001,4.));
#9380=CARTESIAN_POINT('',(0.999999999999995,21.0000000000001,4.));
#9381=CARTESIAN_POINT('',(0.999999999999995,21.0000000000001,0.));
#9382=CARTESIAN_POINT('Origin',(0.999999999999995,19.0000000000001,0.));
#9383=CARTESIAN_POINT('',(2.99999999999999,19.0000000000001,0.));
#9384=CARTESIAN_POINT('Origin',(0.999999999999995,19.0000000000001,0.));
#9385=CARTESIAN_POINT('',(2.99999999999999,19.0000000000001,4.));
#9386=CARTESIAN_POINT('Origin',(0.999999999999995,19.0000000000001,4.));
#9387=CARTESIAN_POINT('',(2.99999999999999,19.0000000000001,0.));
#9388=CARTESIAN_POINT('Origin',(3.,8.,0.));
#9389=CARTESIAN_POINT('',(3.,8.,0.));
#9390=CARTESIAN_POINT('',(3.,8.,0.));
#9391=CARTESIAN_POINT('',(3.,8.,4.));
#9392=CARTESIAN_POINT('',(3.,8.,4.));
#9393=CARTESIAN_POINT('',(3.,8.,0.));
#9394=CARTESIAN_POINT('Origin',(8.,8.,0.));
#9395=CARTESIAN_POINT('',(8.,3.,0.));
#9396=CARTESIAN_POINT('Origin',(8.,8.,0.));
#9397=CARTESIAN_POINT('',(8.,3.,4.));
#9398=CARTESIAN_POINT('Origin',(8.,8.,4.));
#9399=CARTESIAN_POINT('',(8.,3.,0.));
#9400=CARTESIAN_POINT('Origin',(19.,3.,0.));
#9401=CARTESIAN_POINT('',(19.,3.,0.));
#9402=CARTESIAN_POINT('',(19.,3.,0.));
#9403=CARTESIAN_POINT('',(19.,3.,4.));
#9404=CARTESIAN_POINT('',(19.,3.,4.));
#9405=CARTESIAN_POINT('',(19.,3.,0.));
#9406=CARTESIAN_POINT('Origin',(19.,1.,0.));
#9407=CARTESIAN_POINT('',(21.,1.,0.));
#9408=CARTESIAN_POINT('Origin',(19.,1.,0.));
#9409=CARTESIAN_POINT('',(21.,1.,4.));
#9410=CARTESIAN_POINT('Origin',(19.,1.,4.));
#9411=CARTESIAN_POINT('',(21.,1.,0.));
#9412=CARTESIAN_POINT('Origin',(21.,-1.00000002793968,0.));
#9413=CARTESIAN_POINT('',(20.9999999552965,-1.00000002793968,0.));
#9414=CARTESIAN_POINT('',(21.,1.,0.));
#9415=CARTESIAN_POINT('',(20.9999999552965,-1.00000002793968,4.));
#9416=CARTESIAN_POINT('',(21.,1.,4.));
#9417=CARTESIAN_POINT('',(20.9999999552965,-1.00000002793968,0.));
#9418=CARTESIAN_POINT('Origin',(19.0000000279397,-1.00000002793968,0.));
#9419=CARTESIAN_POINT('Origin',(19.0000000279397,-1.00000002793968,0.));
#9420=CARTESIAN_POINT('Origin',(19.0000000279397,-1.00000002793968,4.));
#9421=CARTESIAN_POINT('Origin',(-2.22044604925031E-14,9.32587340685131E-14,
4.));
#9422=CARTESIAN_POINT('Origin',(-2.22044604925031E-14,9.32587340685131E-14,
0.));
#9423=CARTESIAN_POINT('',(0.,0.,0.));
#9424=CARTESIAN_POINT('Origin',(0.,-25.,0.));
#9425=CARTESIAN_POINT('',(-1.5,-25.,4.));
#9426=CARTESIAN_POINT('Origin',(0.,-25.,4.));
#9427=CARTESIAN_POINT('',(-1.5,-25.,0.));
#9428=CARTESIAN_POINT('',(-1.5,-25.,0.));
#9429=CARTESIAN_POINT('Origin',(0.,-25.,0.));
#9430=CARTESIAN_POINT('Origin',(-12.7279220613579,-12.7279220613579,0.));
#9431=CARTESIAN_POINT('',(-14.2279220613579,-12.7279220613579,4.));
#9432=CARTESIAN_POINT('Origin',(-12.7279220613579,-12.7279220613579,4.));
#9433=CARTESIAN_POINT('',(-14.2279220613579,-12.7279220613579,0.));
#9434=CARTESIAN_POINT('',(-14.2279220613579,-12.7279220613579,0.));
#9435=CARTESIAN_POINT('Origin',(-12.7279220613579,-12.7279220613579,0.));
#9436=CARTESIAN_POINT('Origin',(-37.,0.,0.));
#9437=CARTESIAN_POINT('',(-39.5,0.,4.));
#9438=CARTESIAN_POINT('Origin',(-37.,0.,4.));
#9439=CARTESIAN_POINT('',(-39.5,-3.06161699786838E-16,0.));
#9440=CARTESIAN_POINT('',(-39.5,-3.06161699786838E-16,0.));
#9441=CARTESIAN_POINT('Origin',(-37.,0.,0.));
#9442=CARTESIAN_POINT('Origin',(12.7279220613579,-12.7279220613579,0.));
#9443=CARTESIAN_POINT('',(11.2279220613579,-12.7279220613579,4.));
#9444=CARTESIAN_POINT('Origin',(12.7279220613579,-12.7279220613579,4.));
#9445=CARTESIAN_POINT('',(11.2279220613579,-12.7279220613579,0.));
#9446=CARTESIAN_POINT('',(11.2279220613579,-12.7279220613579,0.));
#9447=CARTESIAN_POINT('Origin',(12.7279220613579,-12.7279220613579,0.));
#9448=CARTESIAN_POINT('Origin',(12.7279220613579,12.7279220613578,0.));
#9449=CARTESIAN_POINT('',(11.2279220613579,12.7279220613578,4.));
#9450=CARTESIAN_POINT('Origin',(12.7279220613579,12.7279220613578,4.));
#9451=CARTESIAN_POINT('',(11.2279220613579,12.7279220613578,0.));
#9452=CARTESIAN_POINT('',(11.2279220613579,12.7279220613578,0.));
#9453=CARTESIAN_POINT('Origin',(12.7279220613579,12.7279220613578,0.));
#9454=CARTESIAN_POINT('Origin',(0.,0.,0.));
#9455=CARTESIAN_POINT('',(-10.,-2.22044604925031E-15,4.));
#9456=CARTESIAN_POINT('Origin',(0.,0.,4.));
#9457=CARTESIAN_POINT('',(-10.,-1.22464679914735E-15,0.));
#9458=CARTESIAN_POINT('',(-10.,-1.22464679914735E-15,0.));
#9459=CARTESIAN_POINT('Origin',(0.,0.,0.));
#9460=CARTESIAN_POINT('Origin',(-12.7279220613579,12.7279220613579,0.));
#9461=CARTESIAN_POINT('',(-14.2279220613579,12.7279220613579,4.));
#9462=CARTESIAN_POINT('Origin',(-12.7279220613579,12.7279220613579,4.));
#9463=CARTESIAN_POINT('',(-14.2279220613579,12.7279220613579,0.));
#9464=CARTESIAN_POINT('',(-14.2279220613579,12.7279220613579,0.));
#9465=CARTESIAN_POINT('Origin',(-12.7279220613579,12.7279220613579,0.));
#9466=CARTESIAN_POINT('Origin',(-3.00000000000001,-30.,0.));
#9467=CARTESIAN_POINT('',(2.22044604925031E-15,-30.,0.));
#9468=CARTESIAN_POINT('',(-3.00000000000001,-30.,0.));
#9469=CARTESIAN_POINT('',(2.22044604925031E-15,-30.,0.));
#9470=CARTESIAN_POINT('',(2.22044604925031E-15,-30.,4.));
#9471=CARTESIAN_POINT('',(2.22044604925031E-15,-30.,0.));
#9472=CARTESIAN_POINT('',(-3.00000000000001,-30.,4.));
#9473=CARTESIAN_POINT('',(2.22044604925031E-15,-30.,4.));
#9474=CARTESIAN_POINT('',(-3.00000000000001,-30.,0.));
#9475=CARTESIAN_POINT('Origin',(-43.,-5.,0.));
#9476=CARTESIAN_POINT('',(-43.,-5.,0.));
#9477=CARTESIAN_POINT('',(-3.00000000000001,-30.,0.));
#9478=CARTESIAN_POINT('',(-43.,-5.,4.));
#9479=CARTESIAN_POINT('',(-3.00000000000001,-30.,4.));
#9480=CARTESIAN_POINT('',(-43.,-5.,0.));
#9481=CARTESIAN_POINT('Origin',(-43.,2.,0.));
#9482=CARTESIAN_POINT('',(-43.,2.,0.));
#9483=CARTESIAN_POINT('',(-43.,-5.,0.));
#9484=CARTESIAN_POINT('',(-43.,2.,4.));
#9485=CARTESIAN_POINT('',(-43.,-5.,4.));
#9486=CARTESIAN_POINT('',(-43.,2.,0.));
#9487=CARTESIAN_POINT('Origin',(-13.,17.,0.));
#9488=CARTESIAN_POINT('',(-13.,17.,0.));
#9489=CARTESIAN_POINT('',(-43.,2.,0.));
#9490=CARTESIAN_POINT('',(-13.,17.,4.));
#9491=CARTESIAN_POINT('',(-43.,2.,4.));
#9492=CARTESIAN_POINT('',(-13.,17.,0.));
#9493=CARTESIAN_POINT('Origin',(13.25,17.,0.));
#9494=CARTESIAN_POINT('',(13.25,17.,0.));
#9495=CARTESIAN_POINT('',(-13.,17.,0.));
#9496=CARTESIAN_POINT('',(13.25,17.,4.));
#9497=CARTESIAN_POINT('',(-13.,17.,4.));
#9498=CARTESIAN_POINT('',(13.25,17.,0.));
#9499=CARTESIAN_POINT('Origin',(20.,10.25,0.));
#9500=CARTESIAN_POINT('',(20.,10.25,0.));
#9501=CARTESIAN_POINT('',(13.25,17.,0.));
#9502=CARTESIAN_POINT('',(20.,10.25,4.));
#9503=CARTESIAN_POINT('',(13.25,17.,4.));
#9504=CARTESIAN_POINT('',(20.,10.25,0.));
#9505=CARTESIAN_POINT('Origin',(20.,-10.,0.));
#9506=CARTESIAN_POINT('',(20.,-10.,0.));
#9507=CARTESIAN_POINT('',(20.,10.25,0.));
#9508=CARTESIAN_POINT('',(20.,-10.,4.));
#9509=CARTESIAN_POINT('',(20.,10.25,4.));
#9510=CARTESIAN_POINT('',(20.,-10.,0.));
#9511=CARTESIAN_POINT('Origin',(2.22044604925031E-15,-30.,0.));
#9512=CARTESIAN_POINT('',(2.22044604925031E-15,-30.,0.));
#9513=CARTESIAN_POINT('',(2.22044604925031E-15,-30.,4.));
#9514=CARTESIAN_POINT('Origin',(-11.5,-6.5,4.));
#9515=CARTESIAN_POINT('Origin',(-11.5,-6.5,0.));
#9516=CARTESIAN_POINT('',(0.,0.,0.));
#9517=CARTESIAN_POINT('Origin',(0.,0.,-6.));
#9518=CARTESIAN_POINT('',(-2.,-2.44929359829471E-16,-6.));
#9519=CARTESIAN_POINT('Origin',(0.,0.,-6.));
#9520=CARTESIAN_POINT('Origin',(0.,0.,69.));
#9521=CARTESIAN_POINT('',(-2.,-2.44929359829471E-16,69.));
#9522=CARTESIAN_POINT('Origin',(0.,0.,69.));
#9523=CARTESIAN_POINT('',(1.5,1.83697019872103E-16,69.));
#9524=CARTESIAN_POINT('Origin',(0.,0.,69.));
#9525=CARTESIAN_POINT('Origin',(0.,0.,75.));
#9526=CARTESIAN_POINT('',(1.5,1.83697019872103E-16,66.));
#9527=CARTESIAN_POINT('',(1.5,-1.83697019872103E-16,75.));
#9528=CARTESIAN_POINT('Origin',(0.,0.,66.));
#9529=CARTESIAN_POINT('Origin',(0.,0.,66.));
#9530=CARTESIAN_POINT('Origin',(0.,0.,0.));
#9531=CARTESIAN_POINT('',(-2.,2.44929359829471E-16,65.));
#9532=CARTESIAN_POINT('',(-2.,-2.44929359829471E-16,0.));
#9533=CARTESIAN_POINT('Origin',(0.,0.,65.));
#9534=CARTESIAN_POINT('Origin',(0.,0.,0.));
#9535=CARTESIAN_POINT('',(-2.,-2.44929359829471E-16,10.));
#9536=CARTESIAN_POINT('',(-2.,-2.44929359829471E-16,0.));
#9537=CARTESIAN_POINT('Origin',(0.,0.,10.));
#9538=CARTESIAN_POINT('Origin',(0.,0.,10.));
#9539=CARTESIAN_POINT('',(-4.5,-5.51091059616309E-16,10.));
#9540=CARTESIAN_POINT('Origin',(0.,0.,10.));
#9541=CARTESIAN_POINT('Origin',(0.,0.,0.));
#9542=CARTESIAN_POINT('',(-4.5,-5.51091059616309E-16,65.));
#9543=CARTESIAN_POINT('Origin',(0.,0.,65.));
#9544=CARTESIAN_POINT('',(-4.5,-5.51091059616309E-16,0.));
#9545=CARTESIAN_POINT('Origin',(0.,0.,65.));
#9546=CARTESIAN_POINT('',(0.,0.,0.));
#9547=CARTESIAN_POINT('Origin',(33.5,4.,4.));
#9548=CARTESIAN_POINT('',(33.5,4.,10.));
#9549=CARTESIAN_POINT('',(33.5,-4.,10.));
#9550=CARTESIAN_POINT('Origin',(33.5,0.,10.));
#9551=CARTESIAN_POINT('',(33.5,4.,7.));
#9552=CARTESIAN_POINT('',(33.5,4.,4.));
#9553=CARTESIAN_POINT('',(33.5,7.,4.));
#9554=CARTESIAN_POINT('Origin',(33.5,7.,7.));
#9555=CARTESIAN_POINT('',(33.5,-7.,4.));
#9556=CARTESIAN_POINT('',(33.5,6.39823463271749,4.));
#9557=CARTESIAN_POINT('',(33.5,-4.,7.));
#9558=CARTESIAN_POINT('Origin',(33.5,-7.,7.));
#9559=CARTESIAN_POINT('',(33.5,-4.,4.));
#9560=CARTESIAN_POINT('',(33.5,-1.5,10.0000001490116));
#9561=CARTESIAN_POINT('Origin',(33.5,0.,10.0000001490116));
#9562=CARTESIAN_POINT('Origin',(18.2213023756997,7.,7.));
#9563=CARTESIAN_POINT('',(36.5,4.,7.));
#9564=CARTESIAN_POINT('',(18.2213023756997,4.,7.));
#9565=CARTESIAN_POINT('',(36.5,7.,4.));
#9566=CARTESIAN_POINT('Origin',(36.5,7.,7.));
#9567=CARTESIAN_POINT('',(18.2213023756997,7.,4.));
#9568=CARTESIAN_POINT('Origin',(36.5,4.,4.));
#9569=CARTESIAN_POINT('',(36.5,4.,10.));
#9570=CARTESIAN_POINT('',(35.5,4.,10.));
#9571=CARTESIAN_POINT('',(36.5,4.,4.));
#9572=CARTESIAN_POINT('Origin',(33.5,0.,10.));
#9573=CARTESIAN_POINT('',(36.5,-4.,10.));
#9574=CARTESIAN_POINT('',(33.5,-4.,10.));
#9575=CARTESIAN_POINT('Origin',(36.5,0.,10.));
#9576=CARTESIAN_POINT('Origin',(-33.5,-4.,4.));
#9577=CARTESIAN_POINT('',(-33.5,-4.,10.));
#9578=CARTESIAN_POINT('',(-33.5,4.,10.));
#9579=CARTESIAN_POINT('Origin',(-33.5,0.,10.));
#9580=CARTESIAN_POINT('',(-33.5,-4.,7.));
#9581=CARTESIAN_POINT('',(-33.5,-4.,4.));
#9582=CARTESIAN_POINT('',(-33.5,-7.,4.));
#9583=CARTESIAN_POINT('Origin',(-33.5,-7.,7.));
#9584=CARTESIAN_POINT('',(-33.5,7.,4.));
#9585=CARTESIAN_POINT('',(-33.5,2.39823463271749,4.));
#9586=CARTESIAN_POINT('',(-33.5,4.,7.));
#9587=CARTESIAN_POINT('Origin',(-33.5,7.,7.));
#9588=CARTESIAN_POINT('',(-33.5,4.,4.));
#9589=CARTESIAN_POINT('',(-33.5,-1.5,10.0000001490116));
#9590=CARTESIAN_POINT('Origin',(-33.5,0.,10.0000001490116));
#9591=CARTESIAN_POINT('Origin',(-36.5,-4.,4.));
#9592=CARTESIAN_POINT('',(-36.5,-4.,10.));
#9593=CARTESIAN_POINT('',(-35.5,-4.,10.));
#9594=CARTESIAN_POINT('',(-36.5,-4.,7.));
#9595=CARTESIAN_POINT('',(-36.5,-4.,4.));
#9596=CARTESIAN_POINT('',(-18.2786976243003,-4.,7.));
#9597=CARTESIAN_POINT('Origin',(-35.5,0.,10.));
#9598=CARTESIAN_POINT('',(-36.5,4.,10.));
#9599=CARTESIAN_POINT('',(-33.5,4.,10.));
#9600=CARTESIAN_POINT('Origin',(-36.5,0.,10.));
#9601=CARTESIAN_POINT('Origin',(-32.5,4.,4.));
#9602=CARTESIAN_POINT('',(-36.5,4.,7.));
#9603=CARTESIAN_POINT('',(-16.2786976243003,4.,7.));
#9604=CARTESIAN_POINT('',(-36.5,4.,4.));
#9605=CARTESIAN_POINT('Origin',(-12.2786976243003,7.,7.));
#9606=CARTESIAN_POINT('',(-28.5,7.,4.));
#9607=CARTESIAN_POINT('',(-28.5,4.,7.));
#9608=CARTESIAN_POINT('Origin',(-28.5,7.,7.));
#9609=CARTESIAN_POINT('',(-24.5,4.,7.));
#9610=CARTESIAN_POINT('',(-12.2786976243003,4.,7.));
#9611=CARTESIAN_POINT('',(-24.5,7.,4.));
#9612=CARTESIAN_POINT('Origin',(-24.5,7.,7.));
#9613=CARTESIAN_POINT('',(-12.2786976243003,7.,4.));
#9614=CARTESIAN_POINT('Origin',(-24.5,4.,4.));
#9615=CARTESIAN_POINT('',(-28.5,4.,10.));
#9616=CARTESIAN_POINT('',(-28.5,4.,4.));
#9617=CARTESIAN_POINT('',(-24.5,4.,10.));
#9618=CARTESIAN_POINT('',(-25.5,4.,10.));
#9619=CARTESIAN_POINT('',(-24.5,4.,4.));
#9620=CARTESIAN_POINT('Origin',(-16.2786976243003,7.,7.));
#9621=CARTESIAN_POINT('',(-36.5,7.,4.));
#9622=CARTESIAN_POINT('',(-16.2786976243003,7.,4.));
#9623=CARTESIAN_POINT('Origin',(-36.5,7.,7.));
#9624=CARTESIAN_POINT('Origin',(-14.2786976243003,-7.,7.));
#9625=CARTESIAN_POINT('',(-24.5,-7.,4.));
#9626=CARTESIAN_POINT('',(-24.5,-4.,7.));
#9627=CARTESIAN_POINT('Origin',(-24.5,-7.,7.));
#9628=CARTESIAN_POINT('',(-28.5,-4.,7.));
#9629=CARTESIAN_POINT('',(-14.2786976243003,-4.,7.));
#9630=CARTESIAN_POINT('',(-28.5,-7.,4.));
#9631=CARTESIAN_POINT('Origin',(-28.5,-7.,7.));
#9632=CARTESIAN_POINT('',(-14.2786976243003,-7.,4.));
#9633=CARTESIAN_POINT('Origin',(-28.5,-4.,4.));
#9634=CARTESIAN_POINT('',(-24.5,-4.,10.));
#9635=CARTESIAN_POINT('',(-24.5,-4.,4.));
#9636=CARTESIAN_POINT('',(-28.5,-4.,10.));
#9637=CARTESIAN_POINT('',(-27.5,-4.,10.));
#9638=CARTESIAN_POINT('',(-28.5,-4.,4.));
#9639=CARTESIAN_POINT('Origin',(-18.2786976243003,-7.,7.));
#9640=CARTESIAN_POINT('',(-36.5,-7.,4.));
#9641=CARTESIAN_POINT('Origin',(-36.5,-7.,7.));
#9642=CARTESIAN_POINT('',(-18.2786976243003,-7.,4.));
#9643=CARTESIAN_POINT('Origin',(16.2213023756997,-7.,7.));
#9644=CARTESIAN_POINT('',(36.5,-7.,4.));
#9645=CARTESIAN_POINT('',(16.2213023756997,-7.,4.));
#9646=CARTESIAN_POINT('',(36.5,-4.,7.));
#9647=CARTESIAN_POINT('Origin',(36.5,-7.,7.));
#9648=CARTESIAN_POINT('',(16.2213023756997,-4.,7.));
#9649=CARTESIAN_POINT('Origin',(32.5,-4.,4.));
#9650=CARTESIAN_POINT('',(36.5,-4.,4.));
#9651=CARTESIAN_POINT('Origin',(12.2213023756997,-7.,7.));
#9652=CARTESIAN_POINT('',(28.5,-7.,4.));
#9653=CARTESIAN_POINT('',(28.5,-4.,7.));
#9654=CARTESIAN_POINT('Origin',(28.5,-7.,7.));
#9655=CARTESIAN_POINT('',(24.5,-4.,7.));
#9656=CARTESIAN_POINT('',(12.2213023756997,-4.,7.));
#9657=CARTESIAN_POINT('',(24.5,-7.,4.));
#9658=CARTESIAN_POINT('Origin',(24.5,-7.,7.));
#9659=CARTESIAN_POINT('',(12.2213023756997,-7.,4.));
#9660=CARTESIAN_POINT('Origin',(24.5,-4.,4.));
#9661=CARTESIAN_POINT('',(28.5,-4.,10.));
#9662=CARTESIAN_POINT('',(28.5,-4.,4.));
#9663=CARTESIAN_POINT('',(24.5,-4.,10.));
#9664=CARTESIAN_POINT('',(25.5,-4.,10.));
#9665=CARTESIAN_POINT('',(24.5,-4.,4.));
#9666=CARTESIAN_POINT('Origin',(14.2213023756997,7.,7.));
#9667=CARTESIAN_POINT('',(24.5,7.,4.));
#9668=CARTESIAN_POINT('',(24.5,4.,7.));
#9669=CARTESIAN_POINT('Origin',(24.5,7.,7.));
#9670=CARTESIAN_POINT('',(28.5,4.,7.));
#9671=CARTESIAN_POINT('',(14.2213023756997,4.,7.));
#9672=CARTESIAN_POINT('',(28.5,7.,4.));
#9673=CARTESIAN_POINT('Origin',(28.5,7.,7.));
#9674=CARTESIAN_POINT('',(14.2213023756997,7.,4.));
#9675=CARTESIAN_POINT('Origin',(28.5,4.,4.));
#9676=CARTESIAN_POINT('',(24.5,4.,10.));
#9677=CARTESIAN_POINT('',(24.5,4.,4.));
#9678=CARTESIAN_POINT('',(28.5,4.,10.));
#9679=CARTESIAN_POINT('',(27.5,4.,10.));
#9680=CARTESIAN_POINT('',(28.5,4.,4.));
#9681=CARTESIAN_POINT('Origin',(-24.5,-4.,4.));
#9682=CARTESIAN_POINT('Origin',(-24.5,0.,10.));
#9683=CARTESIAN_POINT('',(-24.5,2.39823463271749,4.));
#9684=CARTESIAN_POINT('',(-24.5,-1.5,10.0000001490116));
#9685=CARTESIAN_POINT('Origin',(-24.5,0.,10.0000001490116));
#9686=CARTESIAN_POINT('Origin',(-27.5,0.,10.));
#9687=CARTESIAN_POINT('Origin',(-28.5,0.,10.));
#9688=CARTESIAN_POINT('Origin',(28.5,-4.,4.));
#9689=CARTESIAN_POINT('Origin',(28.5,0.,10.));
#9690=CARTESIAN_POINT('',(28.5,2.39823463271749,4.));
#9691=CARTESIAN_POINT('',(28.5,-1.5,10.0000001490116));
#9692=CARTESIAN_POINT('Origin',(28.5,0.,10.0000001490116));
#9693=CARTESIAN_POINT('Origin',(25.5,0.,10.));
#9694=CARTESIAN_POINT('Origin',(24.5,0.,10.));
#9695=CARTESIAN_POINT('Origin',(36.5,-4.,4.));
#9696=CARTESIAN_POINT('',(36.5,2.39823463271749,4.));
#9697=CARTESIAN_POINT('',(36.5,-1.5,10.0000001490116));
#9698=CARTESIAN_POINT('Origin',(36.5,0.,10.0000001490116));
#9699=CARTESIAN_POINT('Origin',(36.5,0.,10.0000001490116));
#9700=CARTESIAN_POINT('',(24.5,-1.5,10.0000001490116));
#9701=CARTESIAN_POINT('',(36.5,-1.5,10.0000001490116));
#9702=CARTESIAN_POINT('Origin',(24.5,0.,10.0000001490116));
#9703=CARTESIAN_POINT('Origin',(36.5,0.,10.0000001490116));
#9704=CARTESIAN_POINT('',(-28.5,-1.5,10.0000001490116));
#9705=CARTESIAN_POINT('',(36.5,-1.5,10.0000001490116));
#9706=CARTESIAN_POINT('Origin',(-28.5,0.,10.0000001490116));
#9707=CARTESIAN_POINT('Origin',(36.5,0.,10.0000001490116));
#9708=CARTESIAN_POINT('',(36.5,-1.5,10.0000001490116));
#9709=CARTESIAN_POINT('Origin',(36.5,0.,10.0000001490116));
#9710=CARTESIAN_POINT('',(-36.5,-1.5,10.0000001490116));
#9711=CARTESIAN_POINT('',(36.5,-1.5,10.0000001490116));
#9712=CARTESIAN_POINT('Origin',(-36.5,0.,10.0000001490116));
#9713=CARTESIAN_POINT('Origin',(-36.5,4.,4.));
#9714=CARTESIAN_POINT('',(-36.5,6.39823463271749,4.));
#9715=CARTESIAN_POINT('Origin',(-28.5,4.,4.));
#9716=CARTESIAN_POINT('',(-28.5,6.39823463271749,4.));
#9717=CARTESIAN_POINT('Origin',(24.5,4.,4.));
#9718=CARTESIAN_POINT('',(24.5,6.39823463271749,4.));
#9719=CARTESIAN_POINT('Origin',(-25.0000000745058,15.0000002235174,0.));
#9720=CARTESIAN_POINT('',(-20.,15.0000002235174,0.));
#9721=CARTESIAN_POINT('',(-25.0000000745058,15.0000002235174,0.));
#9722=CARTESIAN_POINT('',(-12.5286976615532,15.0000002235174,0.));
#9723=CARTESIAN_POINT('',(-20.,15.0000002235174,-6.));
#9724=CARTESIAN_POINT('',(-20.,15.0000002235174,0.));
#9725=CARTESIAN_POINT('',(-25.0000000745058,15.0000002235174,-6.));
#9726=CARTESIAN_POINT('',(-20.,15.0000002235174,-6.));
#9727=CARTESIAN_POINT('',(-25.0000000745058,15.0000002235174,0.));
#9728=CARTESIAN_POINT('Origin',(-25.0000000745058,5.00000007450581,0.));
#9729=CARTESIAN_POINT('',(-25.0000000745058,5.00000007450581,0.));
#9730=CARTESIAN_POINT('',(-25.0000000745058,6.89823466997039,0.));
#9731=CARTESIAN_POINT('',(-25.0000000745058,5.00000007450581,-6.));
#9732=CARTESIAN_POINT('',(-25.0000000745058,15.0000002235174,-6.));
#9733=CARTESIAN_POINT('',(-25.0000000745058,5.00000007450581,0.));
#9734=CARTESIAN_POINT('Origin',(-20.,5.00000007450581,0.));
#9735=CARTESIAN_POINT('',(-20.,5.00000007450581,0.));
#9736=CARTESIAN_POINT('',(-10.0286976243003,5.00000007450581,0.));
#9737=CARTESIAN_POINT('',(-20.,5.00000007450581,-6.));
#9738=CARTESIAN_POINT('',(-25.0000000745058,5.00000007450581,-6.));
#9739=CARTESIAN_POINT('',(-20.,5.00000007450581,0.));
#9740=CARTESIAN_POINT('Origin',(-20.,15.0000002235174,0.));
#9741=CARTESIAN_POINT('',(-20.,11.8982347444762,0.));
#9742=CARTESIAN_POINT('',(-20.,5.00000007450581,-6.));
#9743=CARTESIAN_POINT('Origin',(-22.5000000372529,10.0000001490116,-6.));
#9744=CARTESIAN_POINT('Origin',(20.,5.00000007450581,0.));
#9745=CARTESIAN_POINT('',(20.,15.0000002235174,0.));
#9746=CARTESIAN_POINT('',(20.,5.00000007450581,0.));
#9747=CARTESIAN_POINT('',(20.,6.89823466997039,0.));
#9748=CARTESIAN_POINT('',(20.,15.0000002235174,-6.));
#9749=CARTESIAN_POINT('',(20.,15.0000002235174,0.));
#9750=CARTESIAN_POINT('',(20.,5.00000007450581,-6.));
#9751=CARTESIAN_POINT('',(20.,5.00000007450581,-6.));
#9752=CARTESIAN_POINT('',(20.,5.00000007450581,0.));
#9753=CARTESIAN_POINT('Origin',(25.0000000745058,5.00000007450581,0.));
#9754=CARTESIAN_POINT('',(25.0000000745058,5.00000007450581,0.));
#9755=CARTESIAN_POINT('',(12.4713024129526,5.00000007450581,0.));
#9756=CARTESIAN_POINT('',(25.0000000745058,5.00000007450581,-6.));
#9757=CARTESIAN_POINT('',(25.0000000745058,5.00000007450581,-6.));
#9758=CARTESIAN_POINT('',(25.0000000745058,5.00000007450581,0.));
#9759=CARTESIAN_POINT('Origin',(25.0000000745058,15.0000002235174,0.));
#9760=CARTESIAN_POINT('',(25.0000000745058,15.0000002235174,0.));
#9761=CARTESIAN_POINT('',(25.0000000745058,11.8982347444762,0.));
#9762=CARTESIAN_POINT('',(25.0000000745058,15.0000002235174,-6.));
#9763=CARTESIAN_POINT('',(25.0000000745058,15.0000002235174,-6.));
#9764=CARTESIAN_POINT('',(25.0000000745058,15.0000002235174,0.));
#9765=CARTESIAN_POINT('Origin',(20.,15.0000002235174,0.));
#9766=CARTESIAN_POINT('',(9.9713023756997,15.0000002235174,0.));
#9767=CARTESIAN_POINT('',(20.,15.0000002235174,-6.));
#9768=CARTESIAN_POINT('Origin',(22.5000000372529,10.0000001490116,-6.));
#9769=CARTESIAN_POINT('Origin',(-30.0000000745058,10.,0.));
#9770=CARTESIAN_POINT('',(-31.5000000745058,10.,4.));
#9771=CARTESIAN_POINT('Origin',(-30.0000000745058,10.,4.));
#9772=CARTESIAN_POINT('',(-31.5000000745058,10.,0.));
#9773=CARTESIAN_POINT('',(-31.5000000745058,10.,0.));
#9774=CARTESIAN_POINT('Origin',(-30.0000000745058,10.,0.));
#9775=CARTESIAN_POINT('Origin',(30.0000000745058,10.,0.));
#9776=CARTESIAN_POINT('',(28.5000000745058,10.,4.));
#9777=CARTESIAN_POINT('Origin',(30.0000000745058,10.,4.));
#9778=CARTESIAN_POINT('',(28.5000000745058,10.,0.));
#9779=CARTESIAN_POINT('',(28.5000000745058,10.,0.));
#9780=CARTESIAN_POINT('Origin',(30.0000000745058,10.,0.));
#9781=CARTESIAN_POINT('Origin',(15.,10.,0.));
#9782=CARTESIAN_POINT('',(13.5,10.,4.));
#9783=CARTESIAN_POINT('Origin',(15.,10.,4.));
#9784=CARTESIAN_POINT('',(13.5,10.,0.));
#9785=CARTESIAN_POINT('',(13.5,10.,0.));
#9786=CARTESIAN_POINT('Origin',(15.,10.,0.));
#9787=CARTESIAN_POINT('Origin',(-15.,10.,0.));
#9788=CARTESIAN_POINT('',(-16.5,10.,4.));
#9789=CARTESIAN_POINT('Origin',(-15.,10.,4.));
#9790=CARTESIAN_POINT('',(-16.5,10.,0.));
#9791=CARTESIAN_POINT('',(-16.5,10.,0.));
#9792=CARTESIAN_POINT('Origin',(-15.,10.,0.));
#9793=CARTESIAN_POINT('Origin',(-48.3521929979716,29.7304661574147,0.));
#9794=CARTESIAN_POINT('',(-48.2005405742624,0.852853430221759,0.));
#9795=CARTESIAN_POINT('',(-48.3521929979716,29.7304661574147,0.));
#9796=CARTESIAN_POINT('',(-48.2374025007703,7.87209131668865,0.));
#9797=CARTESIAN_POINT('',(-48.2005405742624,0.852853430221759,4.));
#9798=CARTESIAN_POINT('',(-48.2005405742624,0.852853430221759,0.));
#9799=CARTESIAN_POINT('',(-48.3521929979716,29.7304661574147,4.));
#9800=CARTESIAN_POINT('',(-48.2374025007703,7.87209131668865,4.));
#9801=CARTESIAN_POINT('',(-48.3521929979716,29.7304661574147,0.));
#9802=CARTESIAN_POINT('Origin',(1.33226762955019E-14,145.,0.));
#9803=CARTESIAN_POINT('',(48.2374025007704,29.6823820919862,0.));
#9804=CARTESIAN_POINT('Origin',(1.33226762955019E-14,145.,0.));
#9805=CARTESIAN_POINT('',(48.2374025007704,29.6823820919862,4.));
#9806=CARTESIAN_POINT('Origin',(1.33226762955019E-14,145.,4.));
#9807=CARTESIAN_POINT('',(48.2374025007704,29.6823820919862,0.));
#9808=CARTESIAN_POINT('Origin',(48.2374025007704,0.852853430221812,0.));
#9809=CARTESIAN_POINT('',(48.2374025007704,0.852853430221812,0.));
#9810=CARTESIAN_POINT('',(48.2374025007704,0.852853430221812,0.));
#9811=CARTESIAN_POINT('',(48.2374025007704,0.852853430221812,4.));
#9812=CARTESIAN_POINT('',(48.2374025007704,0.852853430221812,4.));
#9813=CARTESIAN_POINT('',(48.2374025007704,0.852853430221812,0.));
#9814=CARTESIAN_POINT('Origin',(40.7374025007704,-12.1375276265448,0.));
#9815=CARTESIAN_POINT('',(40.7374025007704,-12.1375276265448,0.));
#9816=CARTESIAN_POINT('',(33.2374025007704,-25.1279086833114,0.));
#9817=CARTESIAN_POINT('',(40.7374025007704,-12.1375276265448,4.));
#9818=CARTESIAN_POINT('',(33.2374025007704,-25.1279086833114,4.));
#9819=CARTESIAN_POINT('',(40.7374025007704,-12.1375276265448,0.));
#9820=CARTESIAN_POINT('Origin',(-40.7374025007703,-12.1375276265448,0.));
#9821=CARTESIAN_POINT('',(-40.7374025007703,-12.1375276265448,0.));
#9822=CARTESIAN_POINT('',(-40.7374025007703,-12.1375276265448,0.));
#9823=CARTESIAN_POINT('',(-40.7374025007703,-12.1375276265448,4.));
#9824=CARTESIAN_POINT('',(-40.7374025007703,-12.1375276265448,4.));
#9825=CARTESIAN_POINT('',(-40.7374025007703,-12.1375276265448,0.));
#9826=CARTESIAN_POINT('Origin',(-48.2005405742624,0.852853430221759,0.));
#9827=CARTESIAN_POINT('',(-48.2005405742624,0.852853430221759,0.));
#9828=CARTESIAN_POINT('',(-48.2005405742624,0.852853430221759,4.));
#9829=CARTESIAN_POINT('Origin',(-0.0573952486005957,8.79646926543498,4.));
#9830=CARTESIAN_POINT('Origin',(-0.0573952486005957,8.79646926543498,0.));
#9831=CARTESIAN_POINT('',(2.66453525910038E-14,13.5524058299808,13.5524058299808));
#9832=CARTESIAN_POINT('',(-8.88178419700125E-15,17.5524058299808,13.5524058299808));
#9833=CARTESIAN_POINT('',(1.24344978758018E-13,-15.4475941700192,13.5524058299807));
#9834=CARTESIAN_POINT('',(3.5527136788005E-14,45.5524058299808,13.5524058299808));
#9835=CARTESIAN_POINT('',(-37.,-24.4475941700192,13.5524058299808));
#9836=CARTESIAN_POINT('',(1.24344978758018E-13,13.0524058299809,-21.4475943190308));
#9837=CARTESIAN_POINT('',(0.,0.,0.));
#9838=CARTESIAN_POINT('',(0.,0.,-36.));
#9839=CARTESIAN_POINT('',(-1.77635683940025E-14,13.84,92.));
#9840=CARTESIAN_POINT('',(8.88178419700125E-13,-0.40999999999999,77.));
#9841=CARTESIAN_POINT('',(-1.77635683940025E-14,13.84,62.));
#9842=CARTESIAN_POINT('',(2.22044604925031E-15,-50.,-4.));
#9843=CARTESIAN_POINT('',(-1.09609060521397,-108.483741554943,-5.48045302606992));
#9844=CARTESIAN_POINT('',(13.0524058299809,-50.0000000000001,21.4475943190308));
#9845=UNCERTAINTY_MEASURE_WITH_UNIT(LENGTH_MEASURE(0.01),#9875,
'DISTANCE_ACCURACY_VALUE',
'Maximum model space distance between geometric entities at asserted c
onnectivities');
#9846=UNCERTAINTY_MEASURE_WITH_UNIT(LENGTH_MEASURE(0.01),#9875,
'DISTANCE_ACCURACY_VALUE',
'Maximum model space distance between geometric entities at asserted c
onnectivities');
#9847=UNCERTAINTY_MEASURE_WITH_UNIT(LENGTH_MEASURE(0.01),#9875,
'DISTANCE_ACCURACY_VALUE',
'Maximum model space distance between geometric entities at asserted c
onnectivities');
#9848=UNCERTAINTY_MEASURE_WITH_UNIT(LENGTH_MEASURE(0.01),#9875,
'DISTANCE_ACCURACY_VALUE',
'Maximum model space distance between geometric entities at asserted c
onnectivities');
#9849=UNCERTAINTY_MEASURE_WITH_UNIT(LENGTH_MEASURE(0.01),#9875,
'DISTANCE_ACCURACY_VALUE',
'Maximum model space distance between geometric entities at asserted c
onnectivities');
#9850=UNCERTAINTY_MEASURE_WITH_UNIT(LENGTH_MEASURE(0.01),#9875,
'DISTANCE_ACCURACY_VALUE',
'Maximum model space distance between geometric entities at asserted c
onnectivities');
#9851=UNCERTAINTY_MEASURE_WITH_UNIT(LENGTH_MEASURE(0.01),#9875,
'DISTANCE_ACCURACY_VALUE',
'Maximum model space distance between geometric entities at asserted c
onnectivities');
#9852=UNCERTAINTY_MEASURE_WITH_UNIT(LENGTH_MEASURE(0.01),#9875,
'DISTANCE_ACCURACY_VALUE',
'Maximum model space distance between geometric entities at asserted c
onnectivities');
#9853=UNCERTAINTY_MEASURE_WITH_UNIT(LENGTH_MEASURE(0.01),#9875,
'DISTANCE_ACCURACY_VALUE',
'Maximum model space distance between geometric entities at asserted c
onnectivities');
#9854=UNCERTAINTY_MEASURE_WITH_UNIT(LENGTH_MEASURE(0.01),#9875,
'DISTANCE_ACCURACY_VALUE',
'Maximum model space distance between geometric entities at asserted c
onnectivities');
#9855=UNCERTAINTY_MEASURE_WITH_UNIT(LENGTH_MEASURE(0.01),#9875,
'DISTANCE_ACCURACY_VALUE',
'Maximum model space distance between geometric entities at asserted c
onnectivities');
#9856=UNCERTAINTY_MEASURE_WITH_UNIT(LENGTH_MEASURE(0.01),#9875,
'DISTANCE_ACCURACY_VALUE',
'Maximum model space distance between geometric entities at asserted c
onnectivities');
#9857=UNCERTAINTY_MEASURE_WITH_UNIT(LENGTH_MEASURE(0.01),#9875,
'DISTANCE_ACCURACY_VALUE',
'Maximum model space distance between geometric entities at asserted c
onnectivities');
#9858=UNCERTAINTY_MEASURE_WITH_UNIT(LENGTH_MEASURE(0.01),#9875,
'DISTANCE_ACCURACY_VALUE',
'Maximum model space distance between geometric entities at asserted c
onnectivities');
#9859=UNCERTAINTY_MEASURE_WITH_UNIT(LENGTH_MEASURE(0.01),#9875,
'DISTANCE_ACCURACY_VALUE',
'Maximum model space distance between geometric entities at asserted c
onnectivities');
#9860=(
GEOMETRIC_REPRESENTATION_CONTEXT(3)
GLOBAL_UNCERTAINTY_ASSIGNED_CONTEXT((#9845))
GLOBAL_UNIT_ASSIGNED_CONTEXT((#9875,#9877,#9878))
REPRESENTATION_CONTEXT('','3D')
);
#9861=(
GEOMETRIC_REPRESENTATION_CONTEXT(3)
GLOBAL_UNCERTAINTY_ASSIGNED_CONTEXT((#9846))
GLOBAL_UNIT_ASSIGNED_CONTEXT((#9875,#9877,#9878))
REPRESENTATION_CONTEXT('','3D')
);
#9862=(
GEOMETRIC_REPRESENTATION_CONTEXT(3)
GLOBAL_UNCERTAINTY_ASSIGNED_CONTEXT((#9847))
GLOBAL_UNIT_ASSIGNED_CONTEXT((#9875,#9877,#9878))
REPRESENTATION_CONTEXT('','3D')
);
#9863=(
GEOMETRIC_REPRESENTATION_CONTEXT(3)
GLOBAL_UNCERTAINTY_ASSIGNED_CONTEXT((#9848))
GLOBAL_UNIT_ASSIGNED_CONTEXT((#9875,#9877,#9878))
REPRESENTATION_CONTEXT('','3D')
);
#9864=(
GEOMETRIC_REPRESENTATION_CONTEXT(3)
GLOBAL_UNCERTAINTY_ASSIGNED_CONTEXT((#9849))
GLOBAL_UNIT_ASSIGNED_CONTEXT((#9875,#9877,#9878))
REPRESENTATION_CONTEXT('','3D')
);
#9865=(
GEOMETRIC_REPRESENTATION_CONTEXT(3)
GLOBAL_UNCERTAINTY_ASSIGNED_CONTEXT((#9850))
GLOBAL_UNIT_ASSIGNED_CONTEXT((#9875,#9877,#9878))
REPRESENTATION_CONTEXT('','3D')
);
#9866=(
GEOMETRIC_REPRESENTATION_CONTEXT(3)
GLOBAL_UNCERTAINTY_ASSIGNED_CONTEXT((#9851))
GLOBAL_UNIT_ASSIGNED_CONTEXT((#9875,#9877,#9878))
REPRESENTATION_CONTEXT('','3D')
);
#9867=(
GEOMETRIC_REPRESENTATION_CONTEXT(3)
GLOBAL_UNCERTAINTY_ASSIGNED_CONTEXT((#9852))
GLOBAL_UNIT_ASSIGNED_CONTEXT((#9875,#9877,#9878))
REPRESENTATION_CONTEXT('','3D')
);
#9868=(
GEOMETRIC_REPRESENTATION_CONTEXT(3)
GLOBAL_UNCERTAINTY_ASSIGNED_CONTEXT((#9853))
GLOBAL_UNIT_ASSIGNED_CONTEXT((#9875,#9877,#9878))
REPRESENTATION_CONTEXT('','3D')
);
#9869=(
GEOMETRIC_REPRESENTATION_CONTEXT(3)
GLOBAL_UNCERTAINTY_ASSIGNED_CONTEXT((#9854))
GLOBAL_UNIT_ASSIGNED_CONTEXT((#9875,#9877,#9878))
REPRESENTATION_CONTEXT('','3D')
);
#9870=(
GEOMETRIC_REPRESENTATION_CONTEXT(3)
GLOBAL_UNCERTAINTY_ASSIGNED_CONTEXT((#9855))
GLOBAL_UNIT_ASSIGNED_CONTEXT((#9875,#9877,#9878))
REPRESENTATION_CONTEXT('','3D')
);
#9871=(
GEOMETRIC_REPRESENTATION_CONTEXT(3)
GLOBAL_UNCERTAINTY_ASSIGNED_CONTEXT((#9856))
GLOBAL_UNIT_ASSIGNED_CONTEXT((#9875,#9877,#9878))
REPRESENTATION_CONTEXT('','3D')
);
#9872=(
GEOMETRIC_REPRESENTATION_CONTEXT(3)
GLOBAL_UNCERTAINTY_ASSIGNED_CONTEXT((#9857))
GLOBAL_UNIT_ASSIGNED_CONTEXT((#9875,#9877,#9878))
REPRESENTATION_CONTEXT('','3D')
);
#9873=(
GEOMETRIC_REPRESENTATION_CONTEXT(3)
GLOBAL_UNCERTAINTY_ASSIGNED_CONTEXT((#9858))
GLOBAL_UNIT_ASSIGNED_CONTEXT((#9875,#9877,#9878))
REPRESENTATION_CONTEXT('','3D')
);
#9874=(
GEOMETRIC_REPRESENTATION_CONTEXT(3)
GLOBAL_UNCERTAINTY_ASSIGNED_CONTEXT((#9859))
GLOBAL_UNIT_ASSIGNED_CONTEXT((#9875,#9877,#9878))
REPRESENTATION_CONTEXT('','3D')
);
#9875=(
LENGTH_UNIT()
NAMED_UNIT(*)
SI_UNIT(.MILLI.,.METRE.)
);
#9876=(
LENGTH_UNIT()
NAMED_UNIT(*)
SI_UNIT($,.METRE.)
);
#9877=(
NAMED_UNIT(*)
PLANE_ANGLE_UNIT()
SI_UNIT($,.RADIAN.)
);
#9878=(
NAMED_UNIT(*)
SI_UNIT($,.STERADIAN.)
SOLID_ANGLE_UNIT()
);
#9879=SHAPE_DEFINITION_REPRESENTATION(#9893,#9921);
#9880=SHAPE_DEFINITION_REPRESENTATION(#9894,#9922);
#9881=SHAPE_DEFINITION_REPRESENTATION(#9895,#9923);
#9882=SHAPE_DEFINITION_REPRESENTATION(#9896,#9924);
#9883=SHAPE_DEFINITION_REPRESENTATION(#9897,#9925);
#9884=SHAPE_DEFINITION_REPRESENTATION(#9898,#9926);
#9885=SHAPE_DEFINITION_REPRESENTATION(#9899,#9927);
#9886=SHAPE_DEFINITION_REPRESENTATION(#9900,#9928);
#9887=SHAPE_DEFINITION_REPRESENTATION(#9901,#9929);
#9888=SHAPE_DEFINITION_REPRESENTATION(#9902,#9930);
#9889=SHAPE_DEFINITION_REPRESENTATION(#9903,#9931);
#9890=SHAPE_DEFINITION_REPRESENTATION(#9904,#9932);
#9891=SHAPE_DEFINITION_REPRESENTATION(#9905,#9933);
#9892=SHAPE_DEFINITION_REPRESENTATION(#9906,#9934);
#9893=PRODUCT_DEFINITION_SHAPE('',$,#9936);
#9894=PRODUCT_DEFINITION_SHAPE('',$,#9937);
#9895=PRODUCT_DEFINITION_SHAPE('',$,#9938);
#9896=PRODUCT_DEFINITION_SHAPE('',$,#9939);
#9897=PRODUCT_DEFINITION_SHAPE('',$,#9940);
#9898=PRODUCT_DEFINITION_SHAPE('',$,#9941);
#9899=PRODUCT_DEFINITION_SHAPE('',$,#9942);
#9900=PRODUCT_DEFINITION_SHAPE('',$,#9943);
#9901=PRODUCT_DEFINITION_SHAPE('',$,#9944);
#9902=PRODUCT_DEFINITION_SHAPE('',$,#9945);
#9903=PRODUCT_DEFINITION_SHAPE('',$,#9946);
#9904=PRODUCT_DEFINITION_SHAPE('',$,#9947);
#9905=PRODUCT_DEFINITION_SHAPE('',$,#9948);
#9906=PRODUCT_DEFINITION_SHAPE('',$,#9949);
#9907=PRODUCT_DEFINITION_SHAPE($,$,#53);
#9908=PRODUCT_DEFINITION_SHAPE($,$,#54);
#9909=PRODUCT_DEFINITION_SHAPE($,$,#55);
#9910=PRODUCT_DEFINITION_SHAPE($,$,#56);
#9911=PRODUCT_DEFINITION_SHAPE($,$,#57);
#9912=PRODUCT_DEFINITION_SHAPE($,$,#58);
#9913=PRODUCT_DEFINITION_SHAPE($,$,#59);
#9914=PRODUCT_DEFINITION_SHAPE($,$,#60);
#9915=PRODUCT_DEFINITION_SHAPE($,$,#61);
#9916=PRODUCT_DEFINITION_SHAPE($,$,#62);
#9917=PRODUCT_DEFINITION_SHAPE($,$,#63);
#9918=PRODUCT_DEFINITION_SHAPE($,$,#64);
#9919=PRODUCT_DEFINITION_SHAPE($,$,#65);
#9920=PRODUCT_DEFINITION_SHAPE($,$,#66);
#9921=SHAPE_REPRESENTATION('',(#5901,#6531,#6532,#6533,#6534,#6535,#6536,
#6537,#6538),#9860);
#9922=SHAPE_REPRESENTATION('',(#5902),#9861);
#9923=SHAPE_REPRESENTATION('',(#5978),#9862);
#9924=SHAPE_REPRESENTATION('',(#6089),#9863);
#9925=SHAPE_REPRESENTATION('',(#6122),#9864);
#9926=SHAPE_REPRESENTATION('',(#6146),#9865);
#9927=SHAPE_REPRESENTATION('',(#6214),#9866);
#9928=SHAPE_REPRESENTATION('',(#6265),#9867);
#9929=SHAPE_REPRESENTATION('',(#6268,#6525,#6526,#6527,#6528,#6529,#6530),
#9868);
#9930=SHAPE_REPRESENTATION('',(#6269),#9869);
#9931=SHAPE_REPRESENTATION('',(#6303),#9870);
#9932=SHAPE_REPRESENTATION('',(#6378),#9871);
#9933=SHAPE_REPRESENTATION('',(#6410),#9872);
#9934=SHAPE_REPRESENTATION('',(#6428),#9873);
#9935=PRODUCT_DEFINITION_CONTEXT('part definition',#9979,'design');
#9936=PRODUCT_DEFINITION('full_model','full_model v15',#9950,#9935);
#9937=PRODUCT_DEFINITION('top','top v8',#9951,#9935);
#9938=PRODUCT_DEFINITION('bottom','bottom v6',#9952,#9935);
#9939=PRODUCT_DEFINITION('mirror_holder','mirror_holder v4',#9953,#9935);
#9940=PRODUCT_DEFINITION('camera','camera v2',#9954,#9935);
#9941=PRODUCT_DEFINITION('Combo_holder','Combo_holder v2',#9955,#9935);
#9942=PRODUCT_DEFINITION('dribler','dribler v13',#9956,#9935);
#9943=PRODUCT_DEFINITION('ball','ball v1',#9957,#9935);
#9944=PRODUCT_DEFINITION('dribler_1','dribler v3',#9958,#9935);
#9945=PRODUCT_DEFINITION('motor_1000KV','motor_1000KV v1',#9959,#9935);
#9946=PRODUCT_DEFINITION('motor_holder','motor_holder v1',#9960,#9935);
#9947=PRODUCT_DEFINITION('dribler_polovinka','dribler_polovinka v2',#9961,
#9935);
#9948=PRODUCT_DEFINITION('val','val v3',#9962,#9935);
#9949=PRODUCT_DEFINITION('dribler_holder','dribler_holder v5',#9963,#9935);
#9950=PRODUCT_DEFINITION_FORMATION('',$,#9981);
#9951=PRODUCT_DEFINITION_FORMATION('',$,#9982);
#9952=PRODUCT_DEFINITION_FORMATION('',$,#9983);
#9953=PRODUCT_DEFINITION_FORMATION('',$,#9984);
#9954=PRODUCT_DEFINITION_FORMATION('',$,#9985);
#9955=PRODUCT_DEFINITION_FORMATION('',$,#9986);
#9956=PRODUCT_DEFINITION_FORMATION('',$,#9987);
#9957=PRODUCT_DEFINITION_FORMATION('',$,#9988);
#9958=PRODUCT_DEFINITION_FORMATION('',$,#9989);
#9959=PRODUCT_DEFINITION_FORMATION('',$,#9990);
#9960=PRODUCT_DEFINITION_FORMATION('',$,#9991);
#9961=PRODUCT_DEFINITION_FORMATION('',$,#9992);
#9962=PRODUCT_DEFINITION_FORMATION('',$,#9993);
#9963=PRODUCT_DEFINITION_FORMATION('',$,#9994);
#9964=PRODUCT_RELATED_PRODUCT_CATEGORY('full_model v15',
'full_model v15',(#9981));
#9965=PRODUCT_RELATED_PRODUCT_CATEGORY('top v8','top v8',(#9982));
#9966=PRODUCT_RELATED_PRODUCT_CATEGORY('bottom v6','bottom v6',(#9983));
#9967=PRODUCT_RELATED_PRODUCT_CATEGORY('mirror_holder v4',
'mirror_holder v4',(#9984));
#9968=PRODUCT_RELATED_PRODUCT_CATEGORY('camera v2','camera v2',(#9985));
#9969=PRODUCT_RELATED_PRODUCT_CATEGORY('Combo_holder v2',
'Combo_holder v2',(#9986));
#9970=PRODUCT_RELATED_PRODUCT_CATEGORY('dribler v13','dribler v13',(#9987));
#9971=PRODUCT_RELATED_PRODUCT_CATEGORY('ball v1','ball v1',(#9988));
#9972=PRODUCT_RELATED_PRODUCT_CATEGORY('dribler v3','dribler v3',(#9989));
#9973=PRODUCT_RELATED_PRODUCT_CATEGORY('motor_1000KV v1',
'motor_1000KV v1',(#9990));
#9974=PRODUCT_RELATED_PRODUCT_CATEGORY('motor_holder v1',
'motor_holder v1',(#9991));
#9975=PRODUCT_RELATED_PRODUCT_CATEGORY('dribler_polovinka v2',
'dribler_polovinka v2',(#9992));
#9976=PRODUCT_RELATED_PRODUCT_CATEGORY('val v3','val v3',(#9993));
#9977=PRODUCT_RELATED_PRODUCT_CATEGORY('dribler_holder v5',
'dribler_holder v5',(#9994));
#9978=APPLICATION_PROTOCOL_DEFINITION('international standard',
'automotive_design',2009,#9979);
#9979=APPLICATION_CONTEXT(
'Core Data for Automotive Mechanical Design Process');
#9980=PRODUCT_CONTEXT('part definition',#9979,'mechanical');
#9981=PRODUCT('full_model','full_model v15',$,(#9980));
#9982=PRODUCT('top','top v8',$,(#9980));
#9983=PRODUCT('bottom','bottom v6',$,(#9980));
#9984=PRODUCT('mirror_holder','mirror_holder v4',$,(#9980));
#9985=PRODUCT('camera','camera v2',$,(#9980));
#9986=PRODUCT('Combo_holder','Combo_holder v2',$,(#9980));
#9987=PRODUCT('dribler','dribler v13',$,(#9980));
#9988=PRODUCT('ball','ball v1',$,(#9980));
#9989=PRODUCT('dribler_1','dribler v3',$,(#9980));
#9990=PRODUCT('motor_1000KV','motor_1000KV v1',$,(#9980));
#9991=PRODUCT('motor_holder','motor_holder v1',$,(#9980));
#9992=PRODUCT('dribler_polovinka','dribler_polovinka v2',$,(#9980));
#9993=PRODUCT('val','val v3',$,(#9980));
#9994=PRODUCT('dribler_holder','dribler_holder v5',$,(#9980));
#9995=PRESENTATION_STYLE_ASSIGNMENT((#10000));
#9996=PRESENTATION_STYLE_ASSIGNMENT((#10001));
#9997=PRESENTATION_STYLE_ASSIGNMENT((#10002));
#9998=PRESENTATION_STYLE_ASSIGNMENT((#10003));
#9999=PRESENTATION_STYLE_ASSIGNMENT((#10004));
#10000=SURFACE_STYLE_USAGE(.BOTH.,#10005);
#10001=SURFACE_STYLE_USAGE(.BOTH.,#10006);
#10002=SURFACE_STYLE_USAGE(.BOTH.,#10007);
#10003=SURFACE_STYLE_USAGE(.BOTH.,#10008);
#10004=SURFACE_STYLE_USAGE(.BOTH.,#10009);
#10005=SURFACE_SIDE_STYLE('',(#10010));
#10006=SURFACE_SIDE_STYLE('',(#10011));
#10007=SURFACE_SIDE_STYLE('',(#10012));
#10008=SURFACE_SIDE_STYLE('',(#10013));
#10009=SURFACE_SIDE_STYLE('',(#10014));
#10010=SURFACE_STYLE_FILL_AREA(#10015);
#10011=SURFACE_STYLE_FILL_AREA(#10016);
#10012=SURFACE_STYLE_FILL_AREA(#10017);
#10013=SURFACE_STYLE_FILL_AREA(#10018);
#10014=SURFACE_STYLE_FILL_AREA(#10019);
#10015=FILL_AREA_STYLE('Steel - Satin',(#10020));
#10016=FILL_AREA_STYLE('Walnut',(#10021));
#10017=FILL_AREA_STYLE('Bronze - Patina',(#10022));
#10018=FILL_AREA_STYLE('Aluminum - Anodized Glossy (Grey)',(#10023));
#10019=FILL_AREA_STYLE('EPX 82 (with Carbon M2 M3 L1 3D Printers)',(#10024));
#10020=FILL_AREA_STYLE_COLOUR('Steel - Satin',#10025);
#10021=FILL_AREA_STYLE_COLOUR('Walnut',#10026);
#10022=FILL_AREA_STYLE_COLOUR('Bronze - Patina',#10027);
#10023=FILL_AREA_STYLE_COLOUR('Aluminum - Anodized Glossy (Grey)',#10028);
#10024=FILL_AREA_STYLE_COLOUR(
'EPX 82 (with Carbon M2 M3 L1 3D Printers)',#10029);
#10025=COLOUR_RGB('Steel - Satin',0.627450980392157,0.627450980392157,0.627450980392157);
#10026=COLOUR_RGB('Walnut',0.,0.,0.);
#10027=COLOUR_RGB('Bronze - Patina',0.517647058823529,0.411764705882353,
0.294117647058824);
#10028=COLOUR_RGB('Aluminum - Anodized Glossy (Grey)',0.537254901960784,
0.537254901960784,0.537254901960784);
#10029=COLOUR_RGB('EPX 82 (with Carbon M2 M3 L1 3D Printers)',0.247058823529412,
0.247058823529412,0.247058823529412);
ENDSEC;
END-ISO-10303-21;
